conversation_id,conversation_topic,chat_type,domain,conv_has_task,is_task_evidence,message_id,message_index,from_user,content,has_task,task_sub_class,task_type,is_important,attribution,assignee,edge_case,notes
e825a6bb-9012-4e3c-b952-5dd47bd6b112,Q2 Product Strategy & Board Prep,OneOnOne,Executive,True,False,4c12c536-7347-48f2-bbe8-9fd3f2e65c52,0,sarahmitchell,"David, have you had a chance to look at the competitive analysis from last week?",False,Neither,,False,,,,1:1 → attribute to non-sender (David)
e825a6bb-9012-4e3c-b952-5dd47bd6b112,Q2 Product Strategy & Board Prep,OneOnOne,Executive,True,False,3e2feb50-5451-478a-bebe-a50fb7abcf26,1,davidpark,"Yes, reviewed it over the weekend. Solid work by the team. A few gaps in the enterprise segment though.",False,Neither,,False,,,,"Status update, no ask"
e825a6bb-9012-4e3c-b952-5dd47bd6b112,Q2 Product Strategy & Board Prep,OneOnOne,Executive,True,False,3be7ee20-1666-4dc9-9e92-aba49ca97df7,2,sarahmitchell,What gaps specifically? I want to make sure we address them before the board presentation on the 28th.,False,Neither,,True,,,,Question + board deadline → Important
e825a6bb-9012-4e3c-b952-5dd47bd6b112,Q2 Product Strategy & Board Prep,OneOnOne,Executive,True,False,397c4e11-cb78-4ab7-b88f-25b499a8fbeb,3,davidpark,"Mainly around our analytics offering vs. Asana and Monday.com. They've shipped AI-assisted resource allocation — we haven't. Also, our API ecosystem is lagging. I can put together a 2-pager summarizing the gaps with a proposed roadmap.",False,Neither,,False,,,commitment_with_info,Informational response + sender commitment. The commitment to create 2-pager is sender's own plan.
e825a6bb-9012-4e3c-b952-5dd47bd6b112,Q2 Product Strategy & Board Prep,OneOnOne,Executive,True,True,e9976544-fa21-47ee-a33b-ea5efb83064e,4,sarahmitchell,That would be perfect. Can you have it ready by Thursday? I want to review it before the pre-board sync on Friday.,True,RfA,Action Request,True,Implicit,davidpark,,Action request + hard deadline linked to board prep → Important
e825a6bb-9012-4e3c-b952-5dd47bd6b112,Q2 Product Strategy & Board Prep,OneOnOne,Executive,True,True,14cac337-2f45-452b-ac18-76c59ebb1aa7,5,davidpark,Thursday works. I'll pull in Alex for the technical feasibility piece.,False,Neither,,False,,,commitment_response,Acknowledgment + commitment by sender to do the work. Not a new task for Sarah.
e825a6bb-9012-4e3c-b952-5dd47bd6b112,Q2 Product Strategy & Board Prep,OneOnOne,Executive,True,True,ec35d1c7-dd38-4ef6-ab94-84d6169446c1,6,sarahmitchell,Great. Also — should we position the AI roadmap as a separate initiative or fold it into the core platform story?,True,RfK,Decision Request,False,Implicit,davidpark,,Decision request — asks David to weigh in on strategic direction
e825a6bb-9012-4e3c-b952-5dd47bd6b112,Q2 Product Strategy & Board Prep,OneOnOne,Executive,True,True,cba55b06-7209-4df7-aac6-06dc943c9ae6,7,davidpark,"I'd recommend folding it in. Positioning it separately risks signaling we're behind. If it's integrated, it looks like a natural evolution. Let me think on this a bit more and share my full take tomorrow.",False,Neither,,False,,,partial_answer_commitment,Partial answer + commitment for tomorrow. No new task for Sarah.
e825a6bb-9012-4e3c-b952-5dd47bd6b112,Q2 Product Strategy & Board Prep,OneOnOne,Executive,True,True,2975cf37-2720-420e-adc9-623a14cfc2cd,8,sarahmitchell,Makes sense. One more thing — did the infrastructure team confirm they can support the Q3 scale targets?,True,RfK,Question,False,Implicit,davidpark,,Knowledge question — Sarah needs confirmation
e825a6bb-9012-4e3c-b952-5dd47bd6b112,Q2 Product Strategy & Board Prep,OneOnOne,Executive,True,True,1dfe6629-8e42-42c6-ad39-a4c597531ce1,9,davidpark,James said they're at 85% confidence on the scale targets with current infra. The remaining 15% depends on the CDN migration finishing on time. I'll get a firm answer by end of week.,False,Neither,,False,,,,Informational response + commitment for follow-up
e825a6bb-9012-4e3c-b952-5dd47bd6b112,Q2 Product Strategy & Board Prep,OneOnOne,Executive,True,False,f21019fa-01ab-4d9f-863e-fd2e8a75456b,10,sarahmitchell,OK. Let me know as soon as you have it. We can't go to the board with gaps there.,False,Neither,,True,,,,Informational — expressing urgency but not assigning a new task. David already committed.
e825a6bb-9012-4e3c-b952-5dd47bd6b112,Q2 Product Strategy & Board Prep,OneOnOne,Executive,True,False,6b4761ac-76db-449f-9947-44b797976b96,11,davidpark,Understood. Will do.,False,Neither,,False,,,,Acknowledgment
e825a6bb-9012-4e3c-b952-5dd47bd6b112,Q2 Product Strategy & Board Prep,OneOnOne,Executive,True,False,200e4d10-3a18-453d-af2a-eb2f878b08a3,12,sarahmitchell,Thanks David. Talk tomorrow.,False,Neither,,False,,,,Social/closing
5d567002-8766-4875-ace6-fb196dcb0fec,Q2 Hiring Budget Approval,OneOnOne,Finance,True,False,98d542b9-9da0-4d47-b19e-8ed9b934421f,0,sarahmitchell,"Rachel, I need your sign-off on the Q2 hiring plan. David's team needs 4 additional engineers and Michael wants 2 more AEs.",False,Neither,,True,,,,Approval request + hiring impact → Important
5d567002-8766-4875-ace6-fb196dcb0fec,Q2 Hiring Budget Approval,OneOnOne,Finance,True,False,28378094-d694-4fc9-857c-d94d443f55af,1,racheltorres,"I saw the headcount request. The engineering asks are within budget, but the sales hires push us $180K over the Q2 operating plan. We'd need to pull from the discretionary pool.",False,Neither,,False,,,,"Informational response — no ask, providing analysis"
5d567002-8766-4875-ace6-fb196dcb0fec,Q2 Hiring Budget Approval,OneOnOne,Finance,True,False,a1c89b2e-b02d-4bc0-8786-aa6b08662df5,2,sarahmitchell,What's left in the discretionary pool right now?,False,Neither,,False,,,,Knowledge request in 1:1
5d567002-8766-4875-ace6-fb196dcb0fec,Q2 Hiring Budget Approval,OneOnOne,Finance,True,False,ff58ae7e-5f31-43c6-8a44-17f563405571,3,racheltorres,$420K. But $200K of that is earmarked for the customer event in June. So realistically we have about $220K of true flex.,False,Neither,,False,,,,Informational — answering the question
5d567002-8766-4875-ace6-fb196dcb0fec,Q2 Hiring Budget Approval,OneOnOne,Finance,True,True,574db97c-4e14-443b-8550-1a9b7ac0589c,4,sarahmitchell,That's tight. Can we defer the customer event spend and reallocate?,True,RfK,Decision Request,False,Implicit,racheltorres,,Decision request — can we shift budget?
5d567002-8766-4875-ace6-fb196dcb0fec,Q2 Hiring Budget Approval,OneOnOne,Finance,True,True,7a401bab-645a-43f9-b319-b28627fbb0f5,5,racheltorres,"We could, but Laura and Michael have been counting on that event for pipeline gen. I'd recommend we approve the engineering hires now and table the sales hires until we see Q1 close rates. If Q1 beats forecast, we'll have the room.",False,Neither,,False,,,,"Recommendation — informational, no new task"
5d567002-8766-4875-ace6-fb196dcb0fec,Q2 Hiring Budget Approval,OneOnOne,Finance,True,True,16b420bc-6f96-4482-bccf-1d9e67c177ea,6,sarahmitchell,Fair. Let's go with that. Can you process the approval for the 4 engineering headcount today? David's already got candidates in final rounds.,True,RfA,Action Request,True,Implicit,racheltorres,,Action request + same-day deadline + hiring urgency → Important
5d567002-8766-4875-ace6-fb196dcb0fec,Q2 Hiring Budget Approval,OneOnOne,Finance,True,False,743b1ec9-f9ea-4d2f-b317-0f95efa6a089,7,racheltorres,Will do. I'll send the approval through the system by 3 PM and copy Danielle on the HR side.,False,Neither,,False,,,,Commitment by sender — not a task for Sarah
5d567002-8766-4875-ace6-fb196dcb0fec,Q2 Hiring Budget Approval,OneOnOne,Finance,True,False,c8a4a84e-0045-4a78-af0f-d70512a8feb4,8,sarahmitchell,Perfect. And let's revisit the sales hires after the Q1 close on April 15.,False,Neither,,False,,,deferred_plan,"Planning statement, no immediate task"
5d567002-8766-4875-ace6-fb196dcb0fec,Q2 Hiring Budget Approval,OneOnOne,Finance,True,False,2f19ff92-3341-465a-9981-25d21442a92e,9,racheltorres,Noted. I'll flag it for our April budget sync.,False,Neither,,False,,,,Acknowledgment + commitment
5d567002-8766-4875-ace6-fb196dcb0fec,Q2 Hiring Budget Approval,OneOnOne,Finance,True,False,73d74de0-077f-44b5-bf15-f341892cf8cf,10,sarahmitchell,Thanks Rachel.,False,Neither,,False,,,,Social closing
c4ef5831-42e6-4adb-a24b-25ff69d5869e,Production Incident — API Gateway Outage,OneOnOne,Engineering,True,False,e0c30d3e-99eb-447f-909c-dba845d8d0e9,0,alexkumar,"David, heads up — we're seeing elevated error rates on the API gateway. 5xx errors spiked to 12% in the last 10 minutes.",False,Neither,,True,,,,Incident notification — FYI but no task. IsImportant due to production impact.
c4ef5831-42e6-4adb-a24b-25ff69d5869e,Production Incident — API Gateway Outage,OneOnOne,Engineering,True,False,079bb7da-a994-42ff-a591-f32e2fbe2d9a,1,davidpark,How many customers affected? Is this the US or EU cluster?,False,Neither,,True,,,,Urgent questions during active incident → Important
c4ef5831-42e6-4adb-a24b-25ff69d5869e,Production Incident — API Gateway Outage,OneOnOne,Engineering,True,False,e66509b1-7d09-435b-aed4-d39372defc47,2,alexkumar,Both clusters. We're estimating 15K+ active users impacted. James is investigating — looks like the last deployment introduced a connection pool leak.,False,Neither,,True,,,,"Incident details — important context, no task"
c4ef5831-42e6-4adb-a24b-25ff69d5869e,Production Incident — API Gateway Outage,OneOnOne,Engineering,True,True,0955385c-84be-44df-8189-b3c7f33256b1,3,davidpark,Roll back the deployment immediately. Don't wait for root cause.,True,RfA,Action Request,True,Implicit,alexkumar,,Critical action request during outage → Important
c4ef5831-42e6-4adb-a24b-25ff69d5869e,Production Incident — API Gateway Outage,OneOnOne,Engineering,True,True,287fe64e-eb47-4cf9-bde6-197c8708cef4,4,alexkumar,"James is initiating the rollback now. ETA 5 minutes for the US cluster, 8 for EU.",False,Neither,,False,,,,Status update — rollback in progress
c4ef5831-42e6-4adb-a24b-25ff69d5869e,Production Incident — API Gateway Outage,OneOnOne,Engineering,True,True,5d9ab97f-c5c3-4250-b8a5-53c2b140fb1a,5,davidpark,Good. I need you to send a status update to the exec distribution list. Sarah will ask about this in the morning.,True,RfA,Action Request,True,Implicit,alexkumar,,Action request for stakeholder communication during incident
c4ef5831-42e6-4adb-a24b-25ff69d5869e,Production Incident — API Gateway Outage,OneOnOne,Engineering,True,False,cb5c73ec-2c11-4e33-9cdb-83756def0ca6,6,alexkumar,On it. I'll draft the exec update as soon as rollback is confirmed.,False,Neither,,False,,,,Commitment by sender
c4ef5831-42e6-4adb-a24b-25ff69d5869e,Production Incident — API Gateway Outage,OneOnOne,Engineering,True,False,bfede285-9791-4d52-b33d-46aa81aa038b,7,davidpark,What's our confidence that the rollback fully resolves this? Any chance it's infrastructure-related too?,False,Neither,,True,,,,Critical diagnostic question during incident
c4ef5831-42e6-4adb-a24b-25ff69d5869e,Production Incident — API Gateway Outage,OneOnOne,Engineering,True,False,e10c4412-5b50-407d-95a0-507bf9bfe756,8,alexkumar,"95% confident it's the deployment. Connection pool metrics correlate exactly with the deploy timestamp. Infra metrics are clean — CPU, memory, disk all normal.",False,Neither,,False,,,,Informational response
c4ef5831-42e6-4adb-a24b-25ff69d5869e,Production Incident — API Gateway Outage,OneOnOne,Engineering,True,True,83e81f3b-9306-4ed8-b35a-c4594a2d0417,9,alexkumar,Update: US cluster rollback complete. Error rates dropping. EU rollback in progress.,False,Neither,,True,,,,Status update during incident — still important context
c4ef5831-42e6-4adb-a24b-25ff69d5869e,Production Incident — API Gateway Outage,OneOnOne,Engineering,True,True,2ecfe100-a763-4503-9cc1-19c3fd92daf8,10,davidpark,Great. Let me know when EU is confirmed clean. And schedule a postmortem for tomorrow — I want the full team there.,True,RfA,Scheduling,False,Implicit,alexkumar,,Two tasks: notification + scheduling. Both for Alex in 1:1.
c4ef5831-42e6-4adb-a24b-25ff69d5869e,Production Incident — API Gateway Outage,OneOnOne,Engineering,True,False,01cb06fb-198f-4739-be5f-c36bf4ae3864,11,alexkumar,EU is clean now. All error rates back to baseline. Total impact window was about 22 minutes. I'll set up the postmortem for 10 AM tomorrow and send the exec update in the next 30 minutes.,False,Neither,,False,,,,Status report + commitment — not a new task for David
c4ef5831-42e6-4adb-a24b-25ff69d5869e,Production Incident — API Gateway Outage,OneOnOne,Engineering,True,False,8c419d96-5302-4877-a597-57596caa98b6,12,davidpark,Thanks Alex. Good handling tonight. Let's make sure we add deployment validation gates to prevent this class of issue.,False,Neither,,False,,,suggestion_not_task,Praise + suggestion. 'Let's make sure' without specific assignee/deadline = not a task
c4ef5831-42e6-4adb-a24b-25ff69d5869e,Production Incident — API Gateway Outage,OneOnOne,Engineering,True,False,9cec0218-6c10-4df9-b88f-0a24d402d581,13,alexkumar,Agreed. I'll add it to the postmortem action items.,False,Neither,,False,,,,Acknowledgment + commitment
735287ab-dbb7-4dc9-bb11-b6a2a883dbbc,API v3 Migration — Code Review,OneOnOne,Engineering,True,True,9c421553-e74c-4711-930c-1af6b4dd03d2,0,alexkumar,"Priya, can you review the API v3 migration PR? It's PR #847. I want to ship this by end of sprint.",True,RfA,Review / Approval,False,Implicit,priyasharma,,Review request in 1:1 → attribute to non-sender
735287ab-dbb7-4dc9-bb11-b6a2a883dbbc,API v3 Migration — Code Review,OneOnOne,Engineering,True,False,e05b77d8-25bc-4a9e-abbc-4e72e2fefef5,1,priyasharma,"Sure, I'll take a look this afternoon. Is there a specific area you want me to focus on?",False,Neither,,False,,,,Question back to Alex — needs response
735287ab-dbb7-4dc9-bb11-b6a2a883dbbc,API v3 Migration — Code Review,OneOnOne,Engineering,True,False,1c65771f-2ac0-4e67-a8a5-b363ef791cac,2,alexkumar,Mainly the pagination logic and the rate limiting changes. Those are the riskiest parts. The rest is mostly boilerplate.,False,Neither,,False,,,,Informational response to question
735287ab-dbb7-4dc9-bb11-b6a2a883dbbc,API v3 Migration — Code Review,OneOnOne,Engineering,True,True,14f7f6e6-c775-4a77-bacb-c26a28a3dff2,3,priyasharma,Got it. One question — did you run the load tests against the new pagination? Last time we had issues with cursor-based pagination under high concurrency.,True,RfK,Question,False,Implicit,alexkumar,,Technical question requiring information
735287ab-dbb7-4dc9-bb11-b6a2a883dbbc,API v3 Migration — Code Review,OneOnOne,Engineering,True,True,c83951b3-ff51-4369-a010-15c07a6fe192,4,alexkumar,Good catch. I ran the basic load test but not the high-concurrency scenario. Can you include that in your review? Run the k6 suite with the 500-concurrent profile.,True,RfA,Action Request,False,Implicit,priyasharma,,Action request — run specific test suite
735287ab-dbb7-4dc9-bb11-b6a2a883dbbc,API v3 Migration — Code Review,OneOnOne,Engineering,True,False,ce1f56e9-dba2-4f1e-8ff5-19bd00c1f8fd,5,priyasharma,Will do. I should have the review and load test results back to you by tomorrow morning.,False,Neither,,False,,,,Commitment by sender
735287ab-dbb7-4dc9-bb11-b6a2a883dbbc,API v3 Migration — Code Review,OneOnOne,Engineering,True,False,b94d4574-05f9-4f65-98d0-0dc28f4f1517,6,alexkumar,"Perfect. Also, are you still on track to finish the webhook refactor this sprint?",False,Neither,,False,,,,Status question about another work item
735287ab-dbb7-4dc9-bb11-b6a2a883dbbc,API v3 Migration — Code Review,OneOnOne,Engineering,True,False,113cdb9b-8482-41e2-963c-55837b85d8c6,7,priyasharma,"Yes, I'm about 80% done. The event filtering piece is the last part. Should have it wrapped up by Thursday.",False,Neither,,False,,,,Status update — no task
735287ab-dbb7-4dc9-bb11-b6a2a883dbbc,API v3 Migration — Code Review,OneOnOne,Engineering,True,False,da26e895-b00d-49b8-beee-7a82616039ee,8,alexkumar,Great. Let me know if you hit any blockers.,False,Neither,,False,,,courtesy_not_task,Courtesy offer — not a specific task. 'Let me know if...' = FALSE
735287ab-dbb7-4dc9-bb11-b6a2a883dbbc,API v3 Migration — Code Review,OneOnOne,Engineering,True,False,9afa547b-c54c-4399-9bc3-34e06daaf3f9,9,priyasharma,Will do. Thanks Alex.,False,Neither,,False,,,,Acknowledgment
1febec03-50a8-4ada-925f-ca67c90d17fd,Contoso Enterprise Deal — At Risk,OneOnOne,Sales,True,False,6aab6f40-5cfa-4c7b-b134-3142dcda2dcf,0,michaelchen,"Sofia, what's happening with the Contoso deal? I just got a ping from Sarah — they mentioned it in the exec sync.",False,Neither,,True,,,,Status request escalated from CEO → Important
1febec03-50a8-4ada-925f-ca67c90d17fd,Contoso Enterprise Deal — At Risk,OneOnOne,Sales,True,False,65384bf7-5faa-4ed9-8254-8d4c80abd1f1,1,sofiarodriguez,"It's complicated. Their CISO flagged data residency concerns during the security review last week. They want all data stored in the EU, and our current architecture doesn't support region-specific data isolation.",False,Neither,,True,,,,Important context — deals with a $2.4M deal blocker
1febec03-50a8-4ada-925f-ca67c90d17fd,Contoso Enterprise Deal — At Risk,OneOnOne,Sales,True,True,ee55d868-af7f-4189-9c88-ee56b0322c97,2,michaelchen,This is a $2.4M deal. We can't lose it over infrastructure. What's the timeline — when do they need an answer?,True,RfK,Question,True,Implicit,sofiarodriguez,,Revenue-critical question + urgency
1febec03-50a8-4ada-925f-ca67c90d17fd,Contoso Enterprise Deal — At Risk,OneOnOne,Sales,True,True,be067c07-c388-40ed-82fd-a2fed4321684,3,sofiarodriguez,"They gave us until end of next week. Their procurement cycle closes March 31 — if we miss that, the deal slips to Q3 at best, or they go with Smartsheet.",False,Neither,,True,,,,Escalation context — hard deadline with revenue consequence
1febec03-50a8-4ada-925f-ca67c90d17fd,Contoso Enterprise Deal — At Risk,OneOnOne,Sales,True,False,7209066d-3209-41e8-99ca-02c6f7d65819,4,michaelchen,"OK, I need you to do three things ASAP: 1) Set up a call with David's team to assess the EU data residency feasibility, 2) Draft a risk mitigation proposal for Contoso showing our roadmap, 3) Loop in Amanda to review any GDPR implications.",False,Neither,,True,,,,Multi-step delegation with ASAP urgency + revenue risk → Important
1febec03-50a8-4ada-925f-ca67c90d17fd,Contoso Enterprise Deal — At Risk,OneOnOne,Sales,True,False,9c291f63-179c-4046-a577-7ebdc8d026c2,5,sofiarodriguez,On it. I've already pinged David's team for availability. I'll have the draft proposal ready by tomorrow EOD.,False,Neither,,False,,,,Commitment by sender
1febec03-50a8-4ada-925f-ca67c90d17fd,Contoso Enterprise Deal — At Risk,OneOnOne,Sales,True,False,19966e09-728f-4bde-8e0e-38184b3e9b38,6,michaelchen,Good. Keep me updated every day until this is resolved. I'm going to brief Sarah separately.,False,Neither,,False,,,,"Informational — Michael's own plan, no new task for Sofia beyond what's assigned"
1febec03-50a8-4ada-925f-ca67c90d17fd,Contoso Enterprise Deal — At Risk,OneOnOne,Sales,True,False,480d1ba5-c121-4c54-b8d8-efba503d208c,7,sofiarodriguez,Will do. One more thing — should I offer them a price concession to sweeten the deal while we work on the technical side?,False,Neither,,False,,,,Decision request — Sofia needs Michael's guidance
1febec03-50a8-4ada-925f-ca67c90d17fd,Contoso Enterprise Deal — At Risk,OneOnOne,Sales,True,False,0c2d92df-bcb7-4962-8f67-32fb3d2e3955,8,michaelchen,"Not yet. Let's see if the technical path works first. If we need to, I'll approve up to 10% off but I want that as a last resort. Don't mention it to them proactively.",False,Neither,,False,,,,Decision response — informational
1febec03-50a8-4ada-925f-ca67c90d17fd,Contoso Enterprise Deal — At Risk,OneOnOne,Sales,True,False,2e6b4ec4-951c-40d9-a833-718039bcf7ac,9,sofiarodriguez,Understood. I'll focus on the technical path first.,False,Neither,,False,,,,Acknowledgment
0f64be13-6f0e-4912-b44d-f3acd5fcb008,Q2 Org Restructuring — Confidential,OneOnOne,Human Resources,True,False,8f271fee-6204-4fb5-9815-496905fc764d,0,daniellewright,"Sarah, I've completed the analysis on the proposed restructuring. Can we discuss the recommendations?",False,Neither,,False,,,,Availability request — needs Sarah to confirm she can discuss
0f64be13-6f0e-4912-b44d-f3acd5fcb008,Q2 Org Restructuring — Confidential,OneOnOne,Human Resources,True,False,27be7f7e-4e39-4c13-9474-4bed846eb140,1,sarahmitchell,"Yes, go ahead.",False,Neither,,False,,,,Acknowledgment / go-ahead
0f64be13-6f0e-4912-b44d-f3acd5fcb008,Q2 Org Restructuring — Confidential,OneOnOne,Human Resources,True,False,f72b5b38-e4fd-452c-b23a-eefd443ba42e,2,daniellewright,"Based on the data, I'm recommending we consolidate the Customer Success and Support teams under Maria. Derek's team would report to her directly. This saves a headcount at the manager level and improves handoff efficiency.",False,Neither,,False,,,,Informational/recommendation — no task for Sarah yet
0f64be13-6f0e-4912-b44d-f3acd5fcb008,Q2 Org Restructuring — Confidential,OneOnOne,Human Resources,True,False,d24771ff-4047-40f0-b04f-bd7274b37f8f,3,sarahmitchell,What's the impact on Derek? Is he being let go?,False,Neither,,True,,,,Question about personnel impact → Important due to leadership/HR sensitivity
0f64be13-6f0e-4912-b44d-f3acd5fcb008,Q2 Org Restructuring — Confidential,OneOnOne,Human Resources,True,False,fdec4761-ef8e-4ed8-a8db-20d860d27e4d,4,daniellewright,"No, the recommendation is to transition him to a senior IC role — Support Engineering Lead. Same comp band, different scope. I've modeled it both ways and this preserves the team's institutional knowledge.",False,Neither,,False,,,,Informational response
0f64be13-6f0e-4912-b44d-f3acd5fcb008,Q2 Org Restructuring — Confidential,OneOnOne,Human Resources,True,True,4c30474d-0924-4342-b2a3-448450a80143,5,sarahmitchell,I like that approach. Has Legal reviewed the restructuring for any compliance issues?,True,RfK,Question,False,Implicit,daniellewright,,Compliance question
0f64be13-6f0e-4912-b44d-f3acd5fcb008,Q2 Org Restructuring — Confidential,OneOnOne,Human Resources,True,True,737af2a5-bae8-4ce9-9eee-de3bbbfecf53,6,daniellewright,Amanda reviewed the draft plan last week. She flagged that we need to update the employee handbook and send formal notifications 30 days before the effective date. I have the timeline mapped out.,False,Neither,,False,,,,Informational — answering the question
0f64be13-6f0e-4912-b44d-f3acd5fcb008,Q2 Org Restructuring — Confidential,OneOnOne,Human Resources,True,True,1a630fec-23f5-4291-b052-f015e1fd7c06,7,sarahmitchell,"Good. Let's target June 1 for the effective date. That gives us enough runway. Please prepare the formal proposal with the full timeline, role changes, and communication plan. I need it by next Friday for the leadership review.",True,RfA,Delegation,True,Implicit,daniellewright,,Delegation with deadline + org-wide impact → Important
0f64be13-6f0e-4912-b44d-f3acd5fcb008,Q2 Org Restructuring — Confidential,OneOnOne,Human Resources,True,True,eb89c88d-93d2-40bc-a489-fb0859081b5d,8,daniellewright,"I'll have it ready. One question — do you want me to include a draft communication for the affected employees, or should we wait for leadership sign-off first?",True,RfK,Decision Request,False,Implicit,sarahmitchell,,Decision request — process question
0f64be13-6f0e-4912-b44d-f3acd5fcb008,Q2 Org Restructuring — Confidential,OneOnOne,Human Resources,True,True,d0e10ec3-76bc-4f29-a902-ec5a076fe71b,9,sarahmitchell,Draft it now so we're ready to move fast after sign-off. But mark it clearly as DRAFT — don't share it beyond us and Amanda.,False,Neither,,False,,,,Decision response — informational
0f64be13-6f0e-4912-b44d-f3acd5fcb008,Q2 Org Restructuring — Confidential,OneOnOne,Human Resources,True,False,c612fa5d-5268-404a-871b-0a7972d738a8,10,daniellewright,Understood. Will keep it tightly held.,False,Neither,,False,,,,Acknowledgment
0f64be13-6f0e-4912-b44d-f3acd5fcb008,Q2 Org Restructuring — Confidential,OneOnOne,Human Resources,True,False,671cef08-248e-4fc5-936d-8564c2c2262f,11,sarahmitchell,Thanks Danielle. This is sensitive — please don't discuss with anyone outside of this until leadership approves.,False,Neither,,False,,,,Guidance — no new task
e2a9068b-7b7a-45d4-9d9d-3a317992978d,Spring Campaign — Content and Assets,OneOnOne,Marketing,True,False,ba029972-42bc-4ff4-a707-e79e75311ad2,0,laurakim,"Chris, where are we on the spring campaign blog posts? We need 3 posts live by March 20.",False,Neither,,False,,,,Status request with deadline context
e2a9068b-7b7a-45d4-9d9d-3a317992978d,Spring Campaign — Content and Assets,OneOnOne,Marketing,True,False,6f8e4ecc-7c45-4c86-96d5-23869806914e,1,chrisevans,"Post 1 is in final edit. Post 2 draft is done, needs your review. Post 3 I'm still outlining — the customer story angle needs more input from Maria on the success metrics.",False,Neither,,False,,,,Status update — no task
e2a9068b-7b7a-45d4-9d9d-3a317992978d,Spring Campaign — Content and Assets,OneOnOne,Marketing,True,True,8c1d37f4-f2c5-4e0e-ae14-32964eb5d2af,2,laurakim,Can you send me the Post 2 draft? I'll review it today.,True,RfA,Action Request,False,Implicit,chrisevans,,Action request — send the draft
e2a9068b-7b7a-45d4-9d9d-3a317992978d,Spring Campaign — Content and Assets,OneOnOne,Marketing,True,True,1c4c87aa-0c44-4588-9db1-c8a8e993b304,3,chrisevans,Just shared it in the Marketing shared drive. It's in the Spring Campaign folder.,False,Neither,,False,,,,Completion report — already done
e2a9068b-7b7a-45d4-9d9d-3a317992978d,Spring Campaign — Content and Assets,OneOnOne,Marketing,True,True,dfe2993c-d91c-447d-b106-a4055322bd1d,4,laurakim,Great. For Post 3 — reach out to Maria directly and get the Pinnacle Logistics success metrics. Don't wait for her to come to you.,True,RfA,Action Request,False,Implicit,chrisevans,,Direct action request
e2a9068b-7b7a-45d4-9d9d-3a317992978d,Spring Campaign — Content and Assets,OneOnOne,Marketing,True,False,acf122a8-deb3-436c-b250-d32d56ac8d91,5,chrisevans,"Will do. Should I also include a quote from the customer in the blog post, or keep it to our internal metrics?",False,Neither,,False,,,,Decision request — content direction
e2a9068b-7b7a-45d4-9d9d-3a317992978d,Spring Campaign — Content and Assets,OneOnOne,Marketing,True,False,c32842d2-d1ca-41b5-9f9c-634eb657c50c,6,laurakim,Include a customer quote if they've approved it. Check with Maria — she should have the testimonial clearance from their marketing team.,False,Neither,,False,,,,Decision response — informational
e2a9068b-7b7a-45d4-9d9d-3a317992978d,Spring Campaign — Content and Assets,OneOnOne,Marketing,True,False,d8fa84ae-9013-4c1c-b0a6-e4c0cb863396,7,chrisevans,Got it. I'll coordinate with Maria and have the Post 3 draft ready by Friday.,False,Neither,,False,,,,Commitment by sender
e2a9068b-7b7a-45d4-9d9d-3a317992978d,Spring Campaign — Content and Assets,OneOnOne,Marketing,True,False,a53ed268-96e7-4faf-94ce-9bc0a2b01887,8,laurakim,"Sounds good. Also, have you updated the social media calendar with the promotion schedule for these posts?",False,Neither,,False,,,,Question — checking completeness
e2a9068b-7b7a-45d4-9d9d-3a317992978d,Spring Campaign — Content and Assets,OneOnOne,Marketing,True,False,09490fd0-e50f-402c-bfa0-3975bf5a2f78,9,chrisevans,"Not yet, I'll do that this afternoon. I was waiting until the posts were finalized so the dates are accurate.",False,Neither,,False,,,,Status + commitment — no task for Laura
e2a9068b-7b7a-45d4-9d9d-3a317992978d,Spring Campaign — Content and Assets,OneOnOne,Marketing,True,False,f93f199b-374f-427f-aa05-b4e542a0bf30,10,laurakim,"OK, just make sure it's done before the team sync on Thursday. Jenna will need the schedule for social planning.",False,Neither,,False,,,reminder_not_new_task,"Reminder/context — not a new task, reinforcing the existing commitment"
e2a9068b-7b7a-45d4-9d9d-3a317992978d,Spring Campaign — Content and Assets,OneOnOne,Marketing,True,False,906eaa60-b8fc-4d0c-9267-1453376bed9c,11,chrisevans,Will have it ready by Wednesday EOD.,False,Neither,,False,,,,Commitment
ba6864c3-1607-4cd1-b23e-65c77f3bdecf,SOC 2 Audit Preparation,OneOnOne,Legal,True,False,b9080932-1381-43f0-b42b-302fa058b825,0,amandafoster,"Kevin, the SOC 2 auditors are coming on-site in 3 weeks. I need the financial controls documentation updated and ready for review. Where do we stand?",False,Neither,,True,,,,Status request + audit deadline → Important
ba6864c3-1607-4cd1-b23e-65c77f3bdecf,SOC 2 Audit Preparation,OneOnOne,Legal,True,False,b7f8962c-e032-4d1d-a097-f1c6e9583ba4,1,kevinzhang,The revenue recognition controls are updated. Expense management controls are about 70% done. The biggest gap is the vendor payment authorization documentation — David's team made some changes to the approval workflow last quarter and it hasn't been documented yet.,False,Neither,,False,,,,Status update — informational
ba6864c3-1607-4cd1-b23e-65c77f3bdecf,SOC 2 Audit Preparation,OneOnOne,Legal,True,True,1430f7a1-7481-4928-b333-ff04dcf4836c,2,amandafoster,That vendor payment gap is a risk. The auditors specifically flagged authorization controls last year. Can you get that documentation completed by end of next week?,True,RfA,Action Request,True,Implicit,kevinzhang,,Action request with deadline + audit risk → Important
ba6864c3-1607-4cd1-b23e-65c77f3bdecf,SOC 2 Audit Preparation,OneOnOne,Legal,True,True,b2dc4a88-2362-4cc6-833e-d010bfc918b0,3,kevinzhang,I'll prioritize it. I need to coordinate with James on the engineering side — they modified the approval thresholds in the procurement system. Can you send me the specific audit requirements so I know exactly what format they need?,True,RfA,Action Request,False,Implicit,amandafoster,,Counter-request — Kevin needs docs from Amanda
ba6864c3-1607-4cd1-b23e-65c77f3bdecf,SOC 2 Audit Preparation,OneOnOne,Legal,True,True,6f05bd22-2c34-495b-9ad3-3505e582d0f6,4,amandafoster,I'll send you the audit checklist this afternoon. It has the format requirements and specific controls they'll test. Also — have we resolved the access control finding from last year? That was a material finding.,True,RfK,Question,True,Implicit,kevinzhang,,Question about prior audit finding + material weakness → Important
ba6864c3-1607-4cd1-b23e-65c77f3bdecf,SOC 2 Audit Preparation,OneOnOne,Legal,True,True,0832ca23-83be-4c37-ac1e-603bafde132d,5,kevinzhang,"Yes, we implemented the segregation of duties changes in November. I have the evidence package ready for that one. The only outstanding item is the quarterly access review for Q1 — we need to complete that before the auditors arrive.",False,Neither,,True,,,,Status with remaining risk — Important because compliance gap identified
ba6864c3-1607-4cd1-b23e-65c77f3bdecf,SOC 2 Audit Preparation,OneOnOne,Legal,True,True,167f3ebc-4233-4472-bcda-428a3f70331f,6,amandafoster,"Please make sure that Q1 access review is completed within the next two weeks. If they find that incomplete, it undermines our entire remediation story.",True,RfA,Action Request,True,Implicit,kevinzhang,,Action request + compliance consequence → Important
ba6864c3-1607-4cd1-b23e-65c77f3bdecf,SOC 2 Audit Preparation,OneOnOne,Legal,True,False,0af88c47-3be2-4bdf-a9ac-82f8eb198e62,7,kevinzhang,Understood. I'll coordinate with IT to get it done this week.,False,Neither,,False,,,,Commitment
ba6864c3-1607-4cd1-b23e-65c77f3bdecf,SOC 2 Audit Preparation,OneOnOne,Legal,True,True,ef1cf43a-7317-45e9-b0e7-11a57f646c1e,8,amandafoster,Good. Let's do a dry run walkthrough of all the financial controls next Friday. Can you have everything ready by then?,True,RfK,Confirmation / Permission,False,Implicit,kevinzhang,,Confirmation request — can he meet the deadline?
ba6864c3-1607-4cd1-b23e-65c77f3bdecf,SOC 2 Audit Preparation,OneOnOne,Legal,True,True,19af0c5b-3d55-4fd9-aba3-7a1168ea8445,9,kevinzhang,"Yes, that's doable. I'll block the time.",False,Neither,,False,,,,Confirmation / acknowledgment
38f13aee-ae18-493c-bafe-bb84fff35821,Pinnacle Logistics — P1 Support Escalation,OneOnOne,Customer Support,True,False,0e8c68da-9a00-4715-9c30-67050d03bbc7,0,mariasantos,"Derek, Pinnacle Logistics just escalated to me directly. They say they've had an open P1 ticket for 4 days with no resolution. What's going on?",False,Neither,,True,,,,Escalation + P1 SLA breach + top customer → Important
38f13aee-ae18-493c-bafe-bb84fff35821,Pinnacle Logistics — P1 Support Escalation,OneOnOne,Customer Support,True,False,2cfd2d74-8ad2-4a52-9cfe-7e5165a4a9cb,1,derekjohnson,I know the ticket. It's the data export timeout issue — ticket #45891. My team reproduced it but we're blocked on engineering. We filed a bug but haven't gotten traction.,False,Neither,,True,,,,Status update revealing cross-team blocker → Important context
38f13aee-ae18-493c-bafe-bb84fff35821,Pinnacle Logistics — P1 Support Escalation,OneOnOne,Customer Support,True,False,160068b2-b4ce-4543-b481-10bd8cc16443,2,mariasantos,"Pinnacle is our third-largest customer. If we don't resolve this soon, the VP of Ops there is going to escalate to Michael. Can you get me the ticket details and the engineering bug number? I'll escalate to Alex directly.",False,Neither,,True,,,,Action request + customer churn risk → Important
38f13aee-ae18-493c-bafe-bb84fff35821,Pinnacle Logistics — P1 Support Escalation,OneOnOne,Customer Support,True,False,614b1500-0402-4d74-a47a-cff84eae6e29,3,derekjohnson,"Ticket #45891, engineering bug ENG-2847. Filed on Monday. Currently unassigned on the eng side as far as I can see.",False,Neither,,False,,,,Informational response
38f13aee-ae18-493c-bafe-bb84fff35821,Pinnacle Logistics — P1 Support Escalation,OneOnOne,Customer Support,True,True,b549c73a-73ae-4077-972b-025e25b23bb6,4,mariasantos,Unassigned for 4 days? That's unacceptable. Is there a workaround we can offer Pinnacle in the meantime?,True,RfK,Question,True,Implicit,derekjohnson,,Question — seeking interim solution for customer
38f13aee-ae18-493c-bafe-bb84fff35821,Pinnacle Logistics — P1 Support Escalation,OneOnOne,Customer Support,True,True,9bec45f9-bb98-4cb6-9105-2895b2c5fd40,5,derekjohnson,There's a partial workaround — they can export in smaller batches. It's clunky but functional. My team offered it on day 2 but Pinnacle's ops team said it's not sustainable for their daily workflow.,False,Neither,,False,,,,Informational response
38f13aee-ae18-493c-bafe-bb84fff35821,Pinnacle Logistics — P1 Support Escalation,OneOnOne,Customer Support,True,True,a2ac32c4-313e-4652-9b08-e5281e688e3b,6,mariasantos,"OK, please prepare a formal escalation summary with the full timeline, business impact, and workaround status. I need it in the next 2 hours — I'm setting up a call with Alex this afternoon.",True,RfA,Action Request,True,Implicit,derekjohnson,,Action request with tight deadline + escalation path → Important
38f13aee-ae18-493c-bafe-bb84fff35821,Pinnacle Logistics — P1 Support Escalation,OneOnOne,Customer Support,True,False,335726e1-f3ac-4342-9c4b-9046f7d0df97,7,derekjohnson,I'll have it to you within the hour.,False,Neither,,False,,,,Commitment
38f13aee-ae18-493c-bafe-bb84fff35821,Pinnacle Logistics — P1 Support Escalation,OneOnOne,Customer Support,True,False,fd750d5e-531e-4d4e-bf80-d66a4d1061ba,8,mariasantos,"Thanks Derek. Also — going forward, any P1 from a top-20 customer should be flagged to me within 24 hours. Don't wait for the customer to escalate.",False,Neither,,False,,,process_guidance_not_task,Process guidance — not a specific task on a specific item
38f13aee-ae18-493c-bafe-bb84fff35821,Pinnacle Logistics — P1 Support Escalation,OneOnOne,Customer Support,True,False,bb0f44ff-9dcd-4c34-b32c-cdc123dc7808,9,derekjohnson,Noted. I'll update our triage runbook with that rule.,False,Neither,,False,,,,Commitment by sender
8d9d7d14-6b2f-4539-bc88-96ff3fbc50a5,CDN Migration — Deployment Blocked,OneOnOne,Engineering,True,True,a38a1ae0-182b-4812-82cd-edfbd2894c6c,0,alexkumar,"James, the CDN migration deploy is blocked. CI is failing on the integration tests. Can you look at it?",True,RfA,Action Request,True,Implicit,jameswilson,,Action request + deployment blocker → Important
8d9d7d14-6b2f-4539-bc88-96ff3fbc50a5,CDN Migration — Deployment Blocked,OneOnOne,Engineering,True,False,a2d46b76-e024-40c8-b6ad-c3628ab0ad0a,1,jameswilson,Looking at it now. The integration test failures are all in the edge caching module — looks like a config mismatch between staging and the new CDN endpoints.,False,Neither,,False,,,,Status update — investigating
8d9d7d14-6b2f-4539-bc88-96ff3fbc50a5,CDN Migration — Deployment Blocked,OneOnOne,Engineering,True,False,9565564a-f0b6-4483-bc95-08967cdc1c87,2,alexkumar,Is this something you can fix today? We need this migration done by Friday or we're going to miss the Q1 infra target.,False,Neither,,True,,,,Confirmation request + hard deadline → Important
8d9d7d14-6b2f-4539-bc88-96ff3fbc50a5,CDN Migration — Deployment Blocked,OneOnOne,Engineering,True,False,b5537169-40fe-42d7-a39c-0c66d2163988,3,jameswilson,"The config fix itself is straightforward — maybe an hour. But I want to run the full regression suite after, which takes about 3 hours. Earliest I can have a green build is late afternoon.",False,Neither,,False,,,,Informational — timeline estimate
8d9d7d14-6b2f-4539-bc88-96ff3fbc50a5,CDN Migration — Deployment Blocked,OneOnOne,Engineering,True,False,dd44020c-d0ab-47be-bf28-2523f28c52ed,4,alexkumar,That works. Go ahead with the fix and full regression. Don't cut corners on testing — this is production traffic.,False,Neither,,False,,,,Approval / guidance — not a new task
8d9d7d14-6b2f-4539-bc88-96ff3fbc50a5,CDN Migration — Deployment Blocked,OneOnOne,Engineering,True,True,69a2279b-1d2d-4fe8-aa91-6735d0c7f055,5,jameswilson,Agreed. One thing — I noticed the CDN provider's SSL cert for the EU endpoint expires in 12 days. Should I file a renewal request now or is that handled by their operations team?,True,RfK,Question,False,Implicit,alexkumar,,Question — seeking guidance on process ownership
8d9d7d14-6b2f-4539-bc88-96ff3fbc50a5,CDN Migration — Deployment Blocked,OneOnOne,Engineering,True,True,e6558b85-79d6-43d7-9ef4-da8827b53f5c,6,alexkumar,Good catch. File the renewal request on our side — don't rely on them. Better safe than sorry.,True,RfA,Action Request,False,Implicit,jameswilson,,Action request arising from James's question
8d9d7d14-6b2f-4539-bc88-96ff3fbc50a5,CDN Migration — Deployment Blocked,OneOnOne,Engineering,True,True,df96c429-ea2c-42fb-a572-36ef17176912,7,jameswilson,Will do. I'll file it today and add monitoring for cert expiration to our alerting dashboard.,False,Neither,,False,,,,Commitment by sender
8d9d7d14-6b2f-4539-bc88-96ff3fbc50a5,CDN Migration — Deployment Blocked,OneOnOne,Engineering,True,True,fe0b3b44-156f-4979-bac3-4e70afe69e6c,8,alexkumar,Perfect. Ping me when the build is green.,True,RfA,Action Request,False,Implicit,jameswilson,,Simple action request — notification
8d9d7d14-6b2f-4539-bc88-96ff3fbc50a5,CDN Migration — Deployment Blocked,OneOnOne,Engineering,True,False,c8f1687f-7466-44c9-8735-93930cd61308,9,jameswilson,👍,False,Neither,,False,,,emoji_acknowledgment,Acknowledgment (emoji-only)
3806a35a-3462-40f5-b197-568ecf81c30c,Northwind Traders NDA Review,OneOnOne,Legal,True,True,5a632a67-bd5c-43e0-97e9-755e84e79e9a,0,sofiarodriguez,"Amanda, I need the Northwind Traders NDA reviewed and redlined. Can you turn it around by Wednesday?",True,RfA,Review / Approval,False,Implicit,amandafoster,,Review request with deadline in 1:1
3806a35a-3462-40f5-b197-568ecf81c30c,Northwind Traders NDA Review,OneOnOne,Legal,True,False,bf0ecfd1-3160-4add-9786-913b009a61d4,1,amandafoster,I can take a look. Is this their paper or ours?,False,Neither,,False,,,,Clarifying question before starting work
3806a35a-3462-40f5-b197-568ecf81c30c,Northwind Traders NDA Review,OneOnOne,Legal,True,False,7adcd765-d36f-4fb3-9706-ea7df823d507,2,sofiarodriguez,Their paper. They sent a mutual NDA with some non-standard language around IP ownership that I'm not comfortable with. I flagged the sections in yellow in the shared doc.,False,Neither,,False,,,,Informational response
3806a35a-3462-40f5-b197-568ecf81c30c,Northwind Traders NDA Review,OneOnOne,Legal,True,False,c098dc94-54be-44e2-af70-5b38de8e4492,3,amandafoster,"OK, I'll review it. Non-standard IP language in an NDA is a red flag — glad you caught it. Any particular deal terms driving urgency, or can this slip to Thursday if needed?",False,Neither,,False,,,,Question about timeline flexibility
3806a35a-3462-40f5-b197-568ecf81c30c,Northwind Traders NDA Review,OneOnOne,Legal,True,False,8e9322ee-f9a7-419b-a5f0-e1317f601ba1,4,sofiarodriguez,"Wednesday is ideal. We have a technical evaluation starting Thursday and they want the NDA executed before sharing their architecture docs. If it slips, the whole eval timeline shifts.",False,Neither,,False,,,,Context / informational — explaining urgency
3806a35a-3462-40f5-b197-568ecf81c30c,Northwind Traders NDA Review,OneOnOne,Legal,True,True,bb14ae6a-1f31-4ae4-9abe-f7e3123bd60a,5,amandafoster,"Understood. I'll prioritize it. If the IP language is as non-standard as you're saying, I may need to push back on their counsel. Are you OK if I engage directly with their legal team?",True,RfK,Confirmation / Permission,False,Implicit,sofiarodriguez,,Permission request — wants OK to engage counterparty
3806a35a-3462-40f5-b197-568ecf81c30c,Northwind Traders NDA Review,OneOnOne,Legal,True,True,67660ac5-c44f-494a-ade9-b07b7c95feb3,6,sofiarodriguez,"Yes, please go ahead. Their legal contact is Rebecca Walsh — I'll send you her email.",False,Neither,,False,,,self_initiated_task,Commitment — Sofia commits to sending contact info
3806a35a-3462-40f5-b197-568ecf81c30c,Northwind Traders NDA Review,OneOnOne,Legal,True,False,64b7efc4-5b9d-4608-8f6c-126c7be42fe7,7,amandafoster,Thanks. I'll have the redline back to you by Wednesday morning.,False,Neither,,False,,,,Commitment by sender
3806a35a-3462-40f5-b197-568ecf81c30c,Northwind Traders NDA Review,OneOnOne,Legal,True,False,48628105-7af2-4c6a-967e-78fe97d2824f,8,sofiarodriguez,Thanks Amanda 🙏,False,Neither,,False,,,,Social / acknowledgment
9375fa34-a95a-4717-84a6-1429eb884d7d,Release Blocker — Dashboard Rendering Bug,OneOnOne,Engineering,True,False,dcd55577-24f2-482a-96ab-10307f0dd7c9,0,ninacosta,"Priya, I found a critical rendering bug in the dashboard module. Charts aren't loading when there are more than 50 data points. This is a release blocker for v4.2.",False,Neither,,True,,,,Bug report — ship-blocking severity → Important. No explicit task yet.
9375fa34-a95a-4717-84a6-1429eb884d7d,Release Blocker — Dashboard Rendering Bug,OneOnOne,Engineering,True,False,e1d35582-23c7-43d2-963b-ed9f67f6b591,1,priyasharma,That sounds like the chart library upgrade we did last sprint. Can you share the repro steps and browser/environment details?,False,Neither,,False,,,,Action request — needs repro steps for debugging
9375fa34-a95a-4717-84a6-1429eb884d7d,Release Blocker — Dashboard Rendering Bug,OneOnOne,Engineering,True,False,4e0c03f7-3b22-4c30-a4e0-47104b8afc51,2,ninacosta,"Repro: 1) Create a project with 51+ tasks, 2) Open the analytics dashboard, 3) Click on the resource allocation chart. Browser: Chrome 121 and Edge 121 both affected. Firefox works fine. I've attached screenshots to bug ENG-2901.",False,Neither,,False,,,,Informational response — providing requested details
9375fa34-a95a-4717-84a6-1429eb884d7d,Release Blocker — Dashboard Rendering Bug,OneOnOne,Engineering,True,True,b71e4372-fdf4-414f-bd91-a0ee6010b7a3,3,priyasharma,Thanks. Chrome and Edge both use Blink rendering — Firefox uses Gecko. That narrows it down. Is this in all chart types or just the resource allocation chart?,True,RfK,Question,False,Implicit,ninacosta,,Technical diagnostic question
9375fa34-a95a-4717-84a6-1429eb884d7d,Release Blocker — Dashboard Rendering Bug,OneOnOne,Engineering,True,True,22f31759-f8a5-4db7-883a-a6b17ba4b7d7,4,ninacosta,"I tested all chart types. The resource allocation, timeline, and burndown charts are all affected. Pie charts and bar charts work fine. It seems to be specific to the time-series rendering path.",False,Neither,,False,,,,Informational — test results
9375fa34-a95a-4717-84a6-1429eb884d7d,Release Blocker — Dashboard Rendering Bug,OneOnOne,Engineering,True,True,7f4d297c-e65e-415e-842b-7101b47d38c7,5,priyasharma,"OK, I have a theory. The chart library v3 changed how it handles SVG rendering for large datasets. I'll work on a fix today. Can you also check if this regression exists in the staging environment? I want to confirm it's not a data issue.",True,RfA,Action Request,False,Implicit,ninacosta,,Action request — verify in staging
9375fa34-a95a-4717-84a6-1429eb884d7d,Release Blocker — Dashboard Rendering Bug,OneOnOne,Engineering,True,False,4ae0cdd5-65af-4483-91b4-c37efca2e5ea,6,ninacosta,I'll check staging right now.,False,Neither,,False,,,,Commitment
9375fa34-a95a-4717-84a6-1429eb884d7d,Release Blocker — Dashboard Rendering Bug,OneOnOne,Engineering,True,True,884c21ce-241d-4ef9-a05a-c0de60013ef5,7,ninacosta,"Confirmed — same issue in staging. Definitely a code regression, not data.",False,Neither,,False,,,,Test result — informational
9375fa34-a95a-4717-84a6-1429eb884d7d,Release Blocker — Dashboard Rendering Bug,OneOnOne,Engineering,True,True,a5faba2b-3d58-453e-8d47-98425cfab6ea,8,priyasharma,Found it. The library's SVG renderer has a default limit of 50 nodes per group. I need to set an explicit override. Fix is simple but I want to verify it doesn't break the rendering performance. Can you run the full visual regression suite once I push the fix?,True,RfA,Action Request,True,Implicit,ninacosta,,Action request for test verification of ship-blocking fix → Important
9375fa34-a95a-4717-84a6-1429eb884d7d,Release Blocker — Dashboard Rendering Bug,OneOnOne,Engineering,True,False,d9fb6863-1cff-4db0-8525-b913c6c62e49,9,ninacosta,Absolutely. Ping me when it's pushed and I'll run it immediately. I want this closed today if possible — Alex is asking about the release timeline.,False,Neither,,True,,,,Urgency context — release timeline pressure → Important
9375fa34-a95a-4717-84a6-1429eb884d7d,Release Blocker — Dashboard Rendering Bug,OneOnOne,Engineering,True,False,5559b369-311b-4952-8660-5b1db3b69988,10,priyasharma,Pushing now. Should be in CI within 10 minutes.,False,Neither,,False,,,,Status update
cec2218b-1e43-403b-b5bf-dd13ca01deba,Office Equipment & Software Procurement,OneOnOne,Operations,True,False,cda9a6df-8561-4348-ad43-c7782809238d,0,lisanakamura,"Kevin, I need to submit the PO for the new conference room equipment. Can you approve the $28K spend?",False,Neither,,False,,,,Approval request — routine procurement
cec2218b-1e43-403b-b5bf-dd13ca01deba,Office Equipment & Software Procurement,OneOnOne,Operations,True,True,4f5b9459-c3cc-42a0-b531-37f04b40a1e0,1,kevinzhang,Is this the AV upgrade we discussed in the facilities planning meeting? I thought the budget was $25K.,True,RfK,Question,False,Implicit,lisanakamura,,Clarifying question about scope
cec2218b-1e43-403b-b5bf-dd13ca01deba,Office Equipment & Software Procurement,OneOnOne,Operations,True,True,f94737ec-2cb1-492f-8921-92c6d71cc820,2,lisanakamura,"Yes, same project. The $3K difference is the additional cable management and mounting hardware that we didn't account for in the initial estimate. I have the detailed breakdown in the PO.",False,Neither,,False,,,,Informational — justification
cec2218b-1e43-403b-b5bf-dd13ca01deba,Office Equipment & Software Procurement,OneOnOne,Operations,True,True,f36b9ede-8633-45a4-9f0e-29b906b1b6ac,3,kevinzhang,"OK, $28K is within my approval threshold. I'll approve it today. Can you make sure the vendor delivers before the end of March? We need to close this against the Q1 budget.",True,RfA,Action Request,False,Implicit,lisanakamura,,Conditional approval + action request on delivery timing
cec2218b-1e43-403b-b5bf-dd13ca01deba,Office Equipment & Software Procurement,OneOnOne,Operations,True,False,bc07bb56-a664-4204-bade-f98f50021405,4,lisanakamura,"I'll confirm the delivery timeline with the vendor today. They originally quoted 2-3 weeks lead time, so we should be fine.",False,Neither,,False,,,,Commitment by sender
cec2218b-1e43-403b-b5bf-dd13ca01deba,Office Equipment & Software Procurement,OneOnOne,Operations,True,True,265a1bab-18cb-470a-b15d-fccfa7bfbc06,5,kevinzhang,Great. Also — did you get quotes for the software license renewals? Those are due by April 1.,True,RfK,Status Request,False,Implicit,lisanakamura,,Status request on another procurement item
cec2218b-1e43-403b-b5bf-dd13ca01deba,Office Equipment & Software Procurement,OneOnOne,Operations,True,True,b23119e1-ca9a-4091-8953-4aa43284c07b,6,lisanakamura,Got quotes from all three vendors. The Figma renewal is 12% higher than last year. Slack and Zoom are comparable. I'll send you the comparison spreadsheet.,False,Neither,,False,,,self_initiated_action,Commitment — Lisa commits to sending comparison
cec2218b-1e43-403b-b5bf-dd13ca01deba,Office Equipment & Software Procurement,OneOnOne,Operations,True,True,2fc72b64-4cf0-4d18-9bd9-16f81dac128b,7,kevinzhang,12% increase on Figma? That's steep. Let me know the contract terms — I may want to negotiate.,True,RfK,Action Request,False,Implicit,lisanakamura,,Requests contract terms from Lisa — implicit RfK
cec2218b-1e43-403b-b5bf-dd13ca01deba,Office Equipment & Software Procurement,OneOnOne,Operations,True,False,0440bfa2-19b4-4e18-9719-5e3a69e248f2,8,lisanakamura,Will do.,False,Neither,,False,,,,Acknowledgment
5a37d74b-79b7-4064-b312-172c7a6dca8c,Customer Testimonial — Pinnacle Logistics,OneOnOne,Marketing,True,True,5daea927-d70a-410d-9fee-099d066fe9bb,0,laurakim,"Maria, we want to feature Pinnacle Logistics in our spring campaign as a case study. Have they agreed to participate?",True,RfK,Question,False,Implicit,mariasantos,,Question — checking customer approval status
5a37d74b-79b7-4064-b312-172c7a6dca8c,Customer Testimonial — Pinnacle Logistics,OneOnOne,Marketing,True,True,afc31af6-6994-442f-b406-3898a555336e,1,mariasantos,I spoke with their VP of Ops last month and she was open to it in principle. But I haven't gotten formal approval from their marketing or legal team yet.,False,Neither,,False,,,,Informational — status update
5a37d74b-79b7-4064-b312-172c7a6dca8c,Customer Testimonial — Pinnacle Logistics,OneOnOne,Marketing,True,True,06183053-14e4-4f9c-b5fc-0c59ac4d7ee9,2,laurakim,"Can you reach out and get formal sign-off? I need confirmation by next Wednesday to make our production deadline. If they can't commit by then, I'll need to find an alternative customer.",True,RfA,Action Request,False,Implicit,mariasantos,,Action request with deadline
5a37d74b-79b7-4064-b312-172c7a6dca8c,Customer Testimonial — Pinnacle Logistics,OneOnOne,Marketing,True,False,6ddee9ed-a0b1-46d9-9b5e-cf28e50b5cc9,3,mariasantos,I'll reach out today. One concern though — they've had some frustrations with our support responsiveness recently. Might not be the best time to ask for a public endorsement.,False,Neither,,False,,,,Context / risk flagging — informational
5a37d74b-79b7-4064-b312-172c7a6dca8c,Customer Testimonial — Pinnacle Logistics,OneOnOne,Marketing,True,False,8c906a95-ca9a-4473-a50e-2a4ffe0f97b9,4,laurakim,Good point. Is the support issue resolved?,False,Neither,,False,,,,Question about customer situation
5a37d74b-79b7-4064-b312-172c7a6dca8c,Customer Testimonial — Pinnacle Logistics,OneOnOne,Marketing,True,False,eec4ec7e-9c73-4249-8e49-fc9da9fac066,5,mariasantos,"Derek's team resolved the P1 last week. Pinnacle's contact seemed satisfied with the resolution. I think we're OK to ask, but I wanted you to know the context.",False,Neither,,False,,,,Status update — informational
5a37d74b-79b7-4064-b312-172c7a6dca8c,Customer Testimonial — Pinnacle Logistics,OneOnOne,Marketing,True,False,555d5fa8-283f-4d48-848f-9696532306b9,6,laurakim,"Thanks for flagging that. Go ahead and ask. If they push back, don't force it — customer relationship comes first.",False,Neither,,False,,,,Direction — not a new task (already assigned above)
5a37d74b-79b7-4064-b312-172c7a6dca8c,Customer Testimonial — Pinnacle Logistics,OneOnOne,Marketing,True,False,91910fae-a79f-45e2-af9b-85d8e2fa25f7,7,mariasantos,Agreed. I'll be thoughtful in my approach. Should I share the draft case study outline with them so they know what to expect?,False,Neither,,False,,,,Decision request — process question
5a37d74b-79b7-4064-b312-172c7a6dca8c,Customer Testimonial — Pinnacle Logistics,OneOnOne,Marketing,True,False,a12d1b0b-34a0-4a89-947e-8b879c84b440,8,laurakim,"Yes, please share the outline. It'll make them more comfortable. Chris has the draft — ask him to send it to you.",False,Neither,,False,,,,Decision response + informational
5a37d74b-79b7-4064-b312-172c7a6dca8c,Customer Testimonial — Pinnacle Logistics,OneOnOne,Marketing,True,False,2a3b489b-1fa9-4608-8c22-1a919e3b105c,9,mariasantos,Perfect. I'll coordinate with Chris and reach out to Pinnacle today.,False,Neither,,False,,,,Commitment
a800a03f-cb4d-418b-9e4c-9d37aa4ed90d,Engineering Platform Investment — Build vs Buy,OneOnOne,Executive,True,False,ee1c1487-b4d3-4ff9-beb0-aa4b6325f518,0,davidpark,"Rachel, I need to discuss the platform observability investment. We have two options — build internally for ~$800K over 6 months, or buy Datadog Enterprise for ~$350K/year. Each has tradeoffs.",False,Neither,,False,,,,"Context setting — informational, no task yet"
a800a03f-cb4d-418b-9e4c-9d37aa4ed90d,Engineering Platform Investment — Build vs Buy,OneOnOne,Executive,True,False,fc99f995-d36b-4cfd-ba33-4d93772c02bb,1,racheltorres,What's the TCO comparison over 3 years?,False,Neither,,False,,,,Financial analysis question — 1:1 non-sender attribution
a800a03f-cb4d-418b-9e4c-9d37aa4ed90d,Engineering Platform Investment — Build vs Buy,OneOnOne,Executive,True,False,c4a5fa74-9b7e-4029-8d23-c51f78c1e4bf,2,davidpark,Build: ~$800K upfront + $200K/year maintenance = $1.4M over 3 years. Buy: $350K/year = $1.05M over 3 years. But the build option gives us custom integrations with our platform that Datadog can't match.,False,Neither,,False,,,,Informational — providing requested analysis
a800a03f-cb4d-418b-9e4c-9d37aa4ed90d,Engineering Platform Investment — Build vs Buy,OneOnOne,Executive,True,True,999e2a51-d0cd-4c22-b115-174499066d6e,3,racheltorres,The $350K difference over 3 years is meaningful but not decisive. What's the engineering opportunity cost? Those engineers could be building product features instead.,True,RfK,Question,False,Implicit,davidpark,,Strategic question about tradeoffs
a800a03f-cb4d-418b-9e4c-9d37aa4ed90d,Engineering Platform Investment — Build vs Buy,OneOnOne,Executive,True,True,c552527c-39ad-441d-83d0-e47c40b13775,4,davidpark,Good point. It would tie up 3 senior engineers for 6 months. That's roughly $600K in product feature velocity we'd lose. We were planning to use those engineers for the AI features roadmap.,False,Neither,,False,,,,Informational — answering the question
a800a03f-cb4d-418b-9e4c-9d37aa4ed90d,Engineering Platform Investment — Build vs Buy,OneOnOne,Executive,True,False,cb22c726-102d-4d12-893c-bc4308d1d0fc,5,racheltorres,The AI features are what Sarah wants to showcase to the board. I'd lean toward buying Datadog and keeping the engineering team focused on product. Can you build the business case with both options modeled out? I want to present it at the next budget committee.,False,Neither,,True,,,,Action request + board/strategic context → Important
a800a03f-cb4d-418b-9e4c-9d37aa4ed90d,Engineering Platform Investment — Build vs Buy,OneOnOne,Executive,True,False,76a1b2b5-84df-4dfb-92c7-22737b3f0834,6,davidpark,"I'll have it ready by Monday. Should I include the AI features opportunity cost in the model, or keep it purely infra-focused?",False,Neither,,False,,,,Decision request — scope of analysis
a800a03f-cb4d-418b-9e4c-9d37aa4ed90d,Engineering Platform Investment — Build vs Buy,OneOnOne,Executive,True,False,4dc52a66-b441-444d-bf92-ed0d47594b5b,7,racheltorres,Include both. Sarah will want to see the full picture — infra cost AND product velocity impact. That's what makes the decision compelling.,False,Neither,,False,,,,Decision response — informational
a800a03f-cb4d-418b-9e4c-9d37aa4ed90d,Engineering Platform Investment — Build vs Buy,OneOnOne,Executive,True,False,44f13e5c-ed69-48d2-8b15-8a2a2c41c6fe,8,davidpark,Makes sense. I'll model it that way.,False,Neither,,False,,,,Acknowledgment
a800a03f-cb4d-418b-9e4c-9d37aa4ed90d,Engineering Platform Investment — Build vs Buy,OneOnOne,Executive,True,False,ba3097ed-a583-43b4-969e-01e380b27aed,9,racheltorres,Thanks David. This is a good example of the kind of investment discipline we need. 👍,False,Neither,,False,,,,Social / praise
d004ff9c-5815-4be3-8e94-410757418d17,Engineering Daily Standup,Group,Engineering,True,False,2cd4e7a8-34aa-47fb-856a-818979fcad2a,0,alexkumar,Morning team. Let's do a quick standup. Where is everyone at?,False,Neither,,False,,,,Broadcast status request to everyone in group
d004ff9c-5815-4be3-8e94-410757418d17,Engineering Daily Standup,Group,Engineering,True,False,07714aef-73e8-44ff-a0a5-43d5b521f070,1,priyasharma,I wrapped up the API v3 pagination fix yesterday. PR #847 is ready for final review. Today I'm starting on the webhook refactor.,False,Neither,,False,,,,Status update — no task
d004ff9c-5815-4be3-8e94-410757418d17,Engineering Daily Standup,Group,Engineering,True,False,f2bfa92c-edfe-41af-9d6e-dd2aee1aee06,2,jameswilson,"CDN migration is back on track. Config fix is deployed, regression suite passed. I'm moving on to the monitoring dashboard updates today.",False,Neither,,False,,,,Status update — no task
d004ff9c-5815-4be3-8e94-410757418d17,Engineering Daily Standup,Group,Engineering,True,False,b2ee3882-f11c-43ce-a031-4daac1d5f02e,3,ninacosta,I'm halfway through the visual regression test suite for v4.2. The dashboard rendering fix from Priya is verified. Remaining: export module and notification system tests.,False,Neither,,False,,,,Status update — no task
d004ff9c-5815-4be3-8e94-410757418d17,Engineering Daily Standup,Group,Engineering,True,True,a20d6a36-0db5-4f1b-9931-17cd03f66d30,4,alexkumar,"Good progress. @Priya, who's doing the final review on your pagination PR? I want it merged today.",True,RfK,Question,False,Explicit,priyasharma,,Question directed at specific person via @mention
d004ff9c-5815-4be3-8e94-410757418d17,Engineering Daily Standup,Group,Engineering,True,True,f16e380b-4fe5-4dd5-a9b5-05ebaf871484,5,priyasharma,"I assigned it to James for the infra perspective. James, can you review it before noon?",True,RfA,Review / Approval,False,Implicit,jameswilson,,Review request directed to James by name (no @mention)
d004ff9c-5815-4be3-8e94-410757418d17,Engineering Daily Standup,Group,Engineering,True,False,b57d211e-35cd-42f3-a193-dcbdf6b1a9f3,6,jameswilson,"Sure, I'll look at it by 11.",False,Neither,,False,,,,Acknowledgment/commitment
d004ff9c-5815-4be3-8e94-410757418d17,Engineering Daily Standup,Group,Engineering,True,True,c5e4fa39-6b5d-48b0-8120-acfd91d3104e,7,alexkumar,"Nina, any blockers on the regression suite?",True,RfK,Question,False,Implicit,ninacosta,,Direct question to Nina by name in group chat
d004ff9c-5815-4be3-8e94-410757418d17,Engineering Daily Standup,Group,Engineering,True,True,38113223-902d-4548-9058-7fba2e69e5bc,8,ninacosta,"One minor blocker — the staging environment is running an older build. I need it updated to the latest before I can run the export tests. @James, can you push the latest build to staging?",True,RfA,Action Request,False,Explicit,jameswilson,,Action request via @mention in group chat
d004ff9c-5815-4be3-8e94-410757418d17,Engineering Daily Standup,Group,Engineering,True,False,fb1e38aa-ee44-4e38-b1af-c0173292d6cf,9,jameswilson,Will do. Give me 20 minutes.,False,Neither,,False,,,,Acknowledgment/commitment
d004ff9c-5815-4be3-8e94-410757418d17,Engineering Daily Standup,Group,Engineering,True,True,ff97ffee-9519-4222-a770-e14a3acb0372,10,alexkumar,"OK, quick reminder — v4.2 release candidate is due Friday. Let's make sure all the pieces are in place. Everyone please update Jira with your current status by EOD.",True,RfA,Action Request,False,Broadcast,,,Broadcast action request to entire group
d004ff9c-5815-4be3-8e94-410757418d17,Engineering Daily Standup,Group,Engineering,True,False,0759881a-d3d0-436b-9360-bb39dcbab9c3,11,priyasharma,👍,False,Neither,,False,,,emoji_acknowledgment,Acknowledgment (emoji)
d004ff9c-5815-4be3-8e94-410757418d17,Engineering Daily Standup,Group,Engineering,True,False,b9aca693-33b9-4de8-81d9-a6365be39c39,12,ninacosta,Will do.,False,Neither,,False,,,,Acknowledgment
d004ff9c-5815-4be3-8e94-410757418d17,Engineering Daily Standup,Group,Engineering,True,False,b0e4e67e-848f-42a1-96d5-cede8fee4357,13,jameswilson,On it.,False,Neither,,False,,,,Acknowledgment
32d075c4-2a7c-452d-be90-49060fe38ba9,Q1 Pipeline Review & Forecast,Group,Sales,True,False,1411525b-6955-40f2-a20a-938c3098b94d,0,michaelchen,"Sarah, Sofia — let's align on the Q1 pipeline. We're 3 weeks from close. Sofia, can you give us the rundown on the top 5 deals?",False,Neither,,False,,,,Status request directed at Sofia by name
32d075c4-2a7c-452d-be90-49060fe38ba9,Q1 Pipeline Review & Forecast,Group,Sales,True,False,8d9ea8b6-d7a4-4ffe-a116-f14961c97a64,1,sofiarodriguez,"Here's where we stand:
1. Contoso Enterprise - $2.4M - in security review (at risk)
2. Northwind Traders - $850K - NDA in legal, eval starting next week
3. Fabrikam Corp - $620K - verbal commit, waiting on procurement
4. Woodgrove Bank - $1.1M - demo scheduled this week
5. Tailspin Toys - $340K - negotiation phase

Total pipeline: $5.3M. Committed: $1.0M. Best case: $3.9M.",False,Neither,,False,,,,"Status report — informational, no task"
32d075c4-2a7c-452d-be90-49060fe38ba9,Q1 Pipeline Review & Forecast,Group,Sales,True,True,f896b839-d65e-448e-b19d-dae914c4b132,2,sarahmitchell,That's a big gap between committed and pipeline. What's the risk on Contoso?,True,RfK,Question,True,Implicit,sofiarodriguez,,Question about at-risk deal from CEO → Important
32d075c4-2a7c-452d-be90-49060fe38ba9,Q1 Pipeline Review & Forecast,Group,Sales,True,True,3b87ad7c-50b5-4ab4-b3e1-b908d523f23c,3,sofiarodriguez,Data residency concern from their CISO. We're working on it — David's team is assessing the EU hosting feasibility. I have a call with their procurement team Thursday.,False,Neither,,False,,,,Status update — informational
32d075c4-2a7c-452d-be90-49060fe38ba9,Q1 Pipeline Review & Forecast,Group,Sales,True,True,a41e928e-ba52-4886-9b2e-6370891bf718,4,michaelchen,"Contoso is make-or-break for Q1. @Sofia, I need you to send me a daily status update on that deal until it's resolved. I'll handle the exec alignment on our side.",True,RfA,Action Request,True,Explicit,sofiarodriguez,,Action request via @mention + revenue significance → Important
32d075c4-2a7c-452d-be90-49060fe38ba9,Q1 Pipeline Review & Forecast,Group,Sales,True,False,cce21ec4-434f-4cbd-83ea-ca1567f9be79,5,sofiarodriguez,Will do. I'll send updates by 5 PM daily.,False,Neither,,False,,,,Commitment
32d075c4-2a7c-452d-be90-49060fe38ba9,Q1 Pipeline Review & Forecast,Group,Sales,True,True,7fcb5d61-32b0-4774-9232-7704b4788383,6,sarahmitchell,"Michael, what's your confidence level that we hit the $3.5M target for Q1?",True,RfK,Question,False,Implicit,michaelchen,,Question directed at Michael by name
32d075c4-2a7c-452d-be90-49060fe38ba9,Q1 Pipeline Review & Forecast,Group,Sales,True,True,cdef71f8-0549-4fa1-9ef2-ed4c2e9914ba,7,michaelchen,"Honestly, 60-40 right now. If Contoso closes, we're at $3.7M. Without it, we're at $1.3M committed which is well short. Everything hinges on the Contoso security resolution and Fabrikam getting through procurement.",False,Neither,,False,,,,Assessment — informational
32d075c4-2a7c-452d-be90-49060fe38ba9,Q1 Pipeline Review & Forecast,Group,Sales,True,True,838fe286-ead4-4055-a988-d4a89605e995,8,sarahmitchell,"That's not where I need it to be for the board. Michael, can you put together a risk mitigation plan with backup deals we could accelerate? I need it by Monday.",True,RfA,Action Request,True,Implicit,michaelchen,,Action request + board deadline context → Important
32d075c4-2a7c-452d-be90-49060fe38ba9,Q1 Pipeline Review & Forecast,Group,Sales,True,False,c05104ed-5836-4e31-8a25-367c7df5efad,9,michaelchen,I'll have it for you Sunday night.,False,Neither,,False,,,,Commitment
32d075c4-2a7c-452d-be90-49060fe38ba9,Q1 Pipeline Review & Forecast,Group,Sales,True,False,efcce15a-c962-437a-a8b8-b43f36262062,10,sarahmitchell,Thanks both. Let's regroup Wednesday after Sofia's Contoso call.,False,Neither,,False,,,,Planning statement — no immediate task
e0146509-fe83-445e-923e-166c0ee60ec4,Meridian v4.2 Launch Coordination,Group,Executive,True,False,f21bc157-06ff-4205-b0e8-023f170bf1df,0,sarahmitchell,"Team, we're 2 weeks out from the v4.2 launch. I want to make sure every workstream is on track. Let's do a round-robin update.",False,Neither,,False,,,,Broadcast request to all members
e0146509-fe83-445e-923e-166c0ee60ec4,Meridian v4.2 Launch Coordination,Group,Executive,True,False,c626018e-d6b5-4ea7-a8ff-3b49b59d30c0,1,davidpark,"Engineering is green. RC build is on track for Friday. One open item — the dashboard rendering fix needs to land today, but Priya and Nina are on it.",False,Neither,,False,,,,Status update — no task
e0146509-fe83-445e-923e-166c0ee60ec4,Meridian v4.2 Launch Coordination,Group,Executive,True,True,e6efc4f3-60b4-425b-84fd-ff08a8822223,2,laurakim,"Marketing is ready. Blog posts, social calendar, and email campaign are all queued. The only dependency is the final feature screenshots from the engineering team — @Alex, can you get those to Chris by Thursday?",True,RfA,Action Request,False,Explicit,alexkumar,,Action request via @mention with deadline
e0146509-fe83-445e-923e-166c0ee60ec4,Meridian v4.2 Launch Coordination,Group,Executive,True,False,56e1336c-dba2-4a18-b22e-740653a878d6,3,alexkumar,I'll get them over by Wednesday so Chris has buffer time.,False,Neither,,False,,,,Commitment
e0146509-fe83-445e-923e-166c0ee60ec4,Meridian v4.2 Launch Coordination,Group,Executive,True,True,271e9838-d11a-486e-afd5-bd93e46c8fce,4,michaelchen,"Sales enablement deck is done. We're doing deal team training on Monday. One ask — @Laura, can we get early access to the blog posts for the sales team to share with prospects?",True,RfA,Action Request,False,Explicit,laurakim,,Action request via @mention — cross-functional ask
e0146509-fe83-445e-923e-166c0ee60ec4,Meridian v4.2 Launch Coordination,Group,Executive,True,False,175ee3d6-4cde-47dc-a686-f2c68c1b45c9,5,laurakim,"Sure. @Chris, please share draft links with Michael's team by Friday.",False,Neither,,False,,,,Delegation via @mention — Laura redirects to Chris
e0146509-fe83-445e-923e-166c0ee60ec4,Meridian v4.2 Launch Coordination,Group,Executive,True,False,036070ab-8cad-4e57-9d37-6904101fed03,6,chrisevans,Will do.,False,Neither,,False,,,,Acknowledgment
e0146509-fe83-445e-923e-166c0ee60ec4,Meridian v4.2 Launch Coordination,Group,Executive,True,True,0a8d3576-c748-4055-8486-e546b33d2151,7,sarahmitchell,"David, what's our rollback plan if something goes wrong on launch day?",True,RfK,Question,False,Implicit,davidpark,,Question directed at David by name
e0146509-fe83-445e-923e-166c0ee60ec4,Meridian v4.2 Launch Coordination,Group,Executive,True,True,4d11dcb8-df39-470e-bb36-96c120c10371,8,davidpark,Blue-green deployment with instant rollback capability. We can revert within 2 minutes. James has the runbook ready.,False,Neither,,False,,,,Informational response
e0146509-fe83-445e-923e-166c0ee60ec4,Meridian v4.2 Launch Coordination,Group,Executive,True,True,5930314b-8a5a-487f-98f3-bb29bed15e00,9,sarahmitchell,Good. @David and @Alex — please do a launch readiness review on Thursday. I want sign-off from both of you before we go.,True,RfA,Review / Approval,True,Explicit,davidpark|alexkumar,,Multi-assignee task via @mentions + launch gating → Important
e0146509-fe83-445e-923e-166c0ee60ec4,Meridian v4.2 Launch Coordination,Group,Executive,True,False,ad54b649-cdb3-4d69-9d2d-2f1aac75fa0d,10,davidpark,Blocked on my calendar.,False,Neither,,False,,,,Acknowledgment
e0146509-fe83-445e-923e-166c0ee60ec4,Meridian v4.2 Launch Coordination,Group,Executive,True,False,f734e9bf-49a1-4816-b41a-717f34e7fee3,11,alexkumar,Same. I'll prepare the checklist.,False,Neither,,False,,,,Acknowledgment + commitment
e0146509-fe83-445e-923e-166c0ee60ec4,Meridian v4.2 Launch Coordination,Group,Executive,True,False,554e6146-32dd-4d48-92c8-2fc6edee0e8d,12,sarahmitchell,Great. This launch needs to go smoothly — it's our first big release since the Series C and investors are watching. Let's not drop the ball.,False,Neither,,True,,,,Motivational/context — no specific task but signals importance
ba51bf98-c3bd-42af-b0e4-e4686f1b2cbf,Board Meeting Preparation — Q1 Review,Group,Executive,True,False,c7df4de0-f2db-41b4-add4-bd20c7f0dafb,0,sarahmitchell,We're a week out from the board meeting. Are we aligned on the narrative? I want to lead with product momentum and address the revenue gap proactively.,False,Neither,,False,,,,Confirmation request to both David and Rachel
ba51bf98-c3bd-42af-b0e4-e4686f1b2cbf,Board Meeting Preparation — Q1 Review,Group,Executive,True,False,5321cc7c-9ab2-4f39-a26e-86d71be687cd,1,racheltorres,I have the financial section ready. Revenue is $800K below forecast but I've framed it with the pipeline acceleration narrative. The bridge from Q1 actuals to Q2 forecast is solid.,False,Neither,,False,,,,Status update — informational
ba51bf98-c3bd-42af-b0e4-e4686f1b2cbf,Board Meeting Preparation — Q1 Review,Group,Executive,True,True,b8bf749a-17c3-469a-9daa-af494d58735f,2,davidpark,"Product section is 80% done. I'm including the competitive analysis and the AI roadmap. One question — do we want to disclose the Datadog vs. build decision to the board, or keep it internal?",True,RfK,Decision Request,False,Implicit,sarahmitchell,,Decision request directed at Sarah as CEO
ba51bf98-c3bd-42af-b0e4-e4686f1b2cbf,Board Meeting Preparation — Q1 Review,Group,Executive,True,True,18e0e7be-9b6c-4eff-a5f5-d08d30bc8deb,3,sarahmitchell,"Include it. The board will appreciate the disciplined approach to build vs buy. It shows we're thinking about TCO, not just features.",False,Neither,,False,,,,Decision response — informational
ba51bf98-c3bd-42af-b0e4-e4686f1b2cbf,Board Meeting Preparation — Q1 Review,Group,Executive,True,True,55dd2434-47ce-4991-9a33-84fd20ed4163,4,sarahmitchell,"Rachel, can you add a slide on the cost optimization initiatives? I want to show the board we're being responsible with the Series C capital.",True,RfA,Action Request,True,Implicit,racheltorres,,Action request + board presentation context → Important
ba51bf98-c3bd-42af-b0e4-e4686f1b2cbf,Board Meeting Preparation — Q1 Review,Group,Executive,True,True,ea230577-80ff-479c-b00b-5fd32b277333,5,racheltorres,I'll add it. I have good data on the vendor consolidation savings and the infrastructure efficiency gains from James's team.,False,Neither,,False,,,,Commitment
ba51bf98-c3bd-42af-b0e4-e4686f1b2cbf,Board Meeting Preparation — Q1 Review,Group,Executive,True,True,81716dc6-b5bc-4aef-bff0-3bef7b2dbd16,6,sarahmitchell,"David, I also need you to prepare a 3-minute demo of the AI-assisted resource allocation feature. Even if it's a prototype, the board needs to see where we're going.",True,RfA,Action Request,True,Implicit,davidpark,,Action request + board demo → Important
ba51bf98-c3bd-42af-b0e4-e4686f1b2cbf,Board Meeting Preparation — Q1 Review,Group,Executive,True,False,0393a989-6555-4b68-bc38-c8ab6c087f68,7,davidpark,I can do a prototype demo. Alex's team has a working proof of concept. I'll polish it up.,False,Neither,,False,,,,Commitment
ba51bf98-c3bd-42af-b0e4-e4686f1b2cbf,Board Meeting Preparation — Q1 Review,Group,Executive,True,False,edc42b3a-c25c-4a2e-a787-bec31d75e7dd,8,racheltorres,"Sarah, should we also address the headcount discussion? The board may ask why we're hiring into a revenue gap.",False,Neither,,False,,,,Strategic question to CEO
ba51bf98-c3bd-42af-b0e4-e4686f1b2cbf,Board Meeting Preparation — Q1 Review,Group,Executive,True,False,3704d5eb-33d3-4805-b8dc-bf83f785a2ca,9,sarahmitchell,"Yes, good call. Frame it as investing in growth — the engineering hires are for the product features that drive the Q2-Q3 pipeline. It's correlated spend, not discretionary.",False,Neither,,False,,,,Direction — informational
ba51bf98-c3bd-42af-b0e4-e4686f1b2cbf,Board Meeting Preparation — Q1 Review,Group,Executive,True,False,4fae9fcf-b4a8-41d5-8c42-9efb60bfe9db,10,davidpark,Agreed. I can tie the hiring to specific product milestones that feed into Michael's pipeline forecast.,False,Neither,,False,,,,Suggestion — no task
ba51bf98-c3bd-42af-b0e4-e4686f1b2cbf,Board Meeting Preparation — Q1 Review,Group,Executive,True,True,98284666-5451-4964-a4c0-4e8136433750,11,sarahmitchell,"Perfect. Let's do a dry run Tuesday afternoon. Rachel, can you coordinate a time?",True,RfA,Scheduling,False,Implicit,racheltorres,,Scheduling action directed at Rachel by name
ba51bf98-c3bd-42af-b0e4-e4686f1b2cbf,Board Meeting Preparation — Q1 Review,Group,Executive,True,True,39df9750-406c-4266-9918-b66212866cae,12,racheltorres,I'll send an invite for 3 PM Tuesday.,False,Neither,,False,,,,Commitment
8810f24c-2ca1-4818-863d-9d41edc65564,Q2 Campaign Alignment — Marketing + Sales,Group,Marketing,True,False,559437a5-e6a8-499d-99c6-16e1b749e547,0,laurakim,"Hey everyone, wanted to sync on the Q2 campaign plan. We're targeting enterprise accounts with the analytics story. @Michael, does this align with what your team is hearing from prospects?",False,Neither,,False,,,,Question via @mention in group
8810f24c-2ca1-4818-863d-9d41edc65564,Q2 Campaign Alignment — Marketing + Sales,Group,Marketing,True,True,d0628bb2-d3e3-4137-9ce3-508389d689f9,1,michaelchen,"Mostly. Analytics is the #1 feature request, but a lot of enterprise prospects also care about integrations and security certifications. Can we weave those into the campaign messaging?",True,RfK,Question,False,Implicit,laurakim,,Counter-question directed at Laura
8810f24c-2ca1-4818-863d-9d41edc65564,Q2 Campaign Alignment — Marketing + Sales,Group,Marketing,True,True,f1e82a96-5c6f-4fc0-bb0c-068df1a966b3,2,laurakim,"Good input. @Chris, can you draft updated messaging that includes the integration ecosystem and security certifications alongside analytics? I want a first draft by Monday.",True,RfA,Delegation,False,Explicit,chrisevans,,Delegation via @mention with deadline
8810f24c-2ca1-4818-863d-9d41edc65564,Q2 Campaign Alignment — Marketing + Sales,Group,Marketing,True,False,0bae9aad-2f92-4aa6-8ed1-4db3482d872e,3,chrisevans,"On it. Sofia, can you share the top 5 objections you hear from enterprise prospects? I want to make sure the messaging addresses those.",False,Neither,,False,,,,Action request directed at Sofia by name
8810f24c-2ca1-4818-863d-9d41edc65564,Q2 Campaign Alignment — Marketing + Sales,Group,Marketing,True,False,912dbedb-a647-46e3-85d5-a4211efc66cf,4,sofiarodriguez,"Sure. The big ones are: 1) Data security/sovereignty, 2) Integration with existing tools, 3) Migration effort from current PM tool, 4) Reporting/analytics depth, 5) Pricing for large teams. I'll put together a one-pager with more detail.",False,Neither,,False,,,,Informational + commitment
8810f24c-2ca1-4818-863d-9d41edc65564,Q2 Campaign Alignment — Marketing + Sales,Group,Marketing,True,True,c850327a-a346-4cef-be30-6a8b20dd5dcc,5,michaelchen,"That's helpful. @Laura, one more thing — we're hosting a webinar with Contoso's VP of Ops if the deal closes. Could that become part of the campaign?",True,RfK,Decision Request,False,Explicit,laurakim,,Decision request via @mention
8810f24c-2ca1-4818-863d-9d41edc65564,Q2 Campaign Alignment — Marketing + Sales,Group,Marketing,True,True,7ff8de47-f182-4f91-b729-cc8211ffeb9c,6,laurakim,"I love that idea. Let's plan for it tentatively and we can confirm once the deal closes. Chris, add a 'customer webinar' track to the campaign plan as a contingency.",True,RfA,Action Request,False,Implicit,chrisevans,,Action request directed at Chris by name
8810f24c-2ca1-4818-863d-9d41edc65564,Q2 Campaign Alignment — Marketing + Sales,Group,Marketing,True,False,bd5cc398-b34d-44fa-9663-5733e7873df3,7,chrisevans,Added. I'll create the webinar landing page template so we're ready to go.,False,Neither,,False,,,,Commitment
8810f24c-2ca1-4818-863d-9d41edc65564,Q2 Campaign Alignment — Marketing + Sales,Group,Marketing,True,False,05ac352e-cd97-47f7-805c-6f99282cb754,8,laurakim,Great sync everyone. Let's regroup next Wednesday with Chris's draft messaging.,False,Neither,,False,,,,Closing — no new task
e58aee1a-0977-491d-bcb2-d3a00935b7c0,🚨 Production Incident — Database Connection Pool Exhaustion,Group,Engineering,True,False,4282b02e-435b-41f0-b2f7-3b5dd94cab81,0,jameswilson,🚨 ALERT: Production database connection pool exhausted. All API endpoints returning 503. Multiple customers reporting issues.,False,Neither,,True,,,,"Incident alert — Important. No task yet, but critical FYI."
e58aee1a-0977-491d-bcb2-d3a00935b7c0,🚨 Production Incident — Database Connection Pool Exhaustion,Group,Engineering,True,False,4a2add25-a3eb-4f65-a5c2-100a31db5e83,1,alexkumar,"All hands on deck. @James, what's the current connection count vs pool limit? @Priya, check if the connection leak fix from PR #847 is deployed.",False,Neither,,True,,,,Multi-assignee action request via @mentions during incident → Important
e58aee1a-0977-491d-bcb2-d3a00935b7c0,🚨 Production Incident — Database Connection Pool Exhaustion,Group,Engineering,True,False,ed6ba8ce-a3c4-408b-b7ab-c9de1bf12067,2,jameswilson,Pool is at 500/500. We're fully saturated. The spike started 8 minutes ago. Correlates with a batch job that kicked off at 2 PM.,False,Neither,,True,,,,Diagnostic info during active incident → Important
e58aee1a-0977-491d-bcb2-d3a00935b7c0,🚨 Production Incident — Database Connection Pool Exhaustion,Group,Engineering,True,False,ae17fd9f-f7bf-408e-9951-e6ed767af837,3,priyasharma,PR #847 is deployed in production as of yesterday. But wait — the pagination fix changed the connection handling. Let me check if there's a connection leak in the new code path.,False,Neither,,True,,,,Diagnostic update → Important
e58aee1a-0977-491d-bcb2-d3a00935b7c0,🚨 Production Incident — Database Connection Pool Exhaustion,Group,Engineering,True,False,3f2d1aba-528a-4bba-a946-83fe070b018c,4,davidpark,What's customer impact right now? How many users affected?,False,Neither,,True,,,,Urgent question to anyone who can answer
e58aee1a-0977-491d-bcb2-d3a00935b7c0,🚨 Production Incident — Database Connection Pool Exhaustion,Group,Engineering,True,False,0cbe7f28-f1cd-4657-9017-90a3531b7a05,5,jameswilson,"Monitoring shows ~8,000 active users getting errors. The status page is still green — should I update it?",False,Neither,,True,,,,Permission request during incident — who approves status page update?
e58aee1a-0977-491d-bcb2-d3a00935b7c0,🚨 Production Incident — Database Connection Pool Exhaustion,Group,Engineering,True,False,1d290b20-7178-43fd-9598-ae76c0cf28d6,6,davidpark,"Yes, update the status page immediately. Mark it as partial service degradation.",False,Neither,,True,,,,Urgent action request → Important
e58aee1a-0977-491d-bcb2-d3a00935b7c0,🚨 Production Incident — Database Connection Pool Exhaustion,Group,Engineering,True,False,a546079b-d0e0-4fe6-a41d-e01c06385767,7,priyasharma,Found it. The new pagination code opens a new connection for each cursor-based query but doesn't release it when the client disconnects mid-stream. The batch job is triggering thousands of cursor queries.,False,Neither,,True,,,,Root cause identified — Important context
e58aee1a-0977-491d-bcb2-d3a00935b7c0,🚨 Production Incident — Database Connection Pool Exhaustion,Group,Engineering,True,False,42596142-0d52-4590-823a-7e3f9baa2ce4,8,alexkumar,"@Priya, can you push an emergency fix? In the meantime, @James, kill the batch job and manually free the stale connections.",False,Neither,,True,,,,Two parallel action requests via @mentions during incident → Important
e58aee1a-0977-491d-bcb2-d3a00935b7c0,🚨 Production Incident — Database Connection Pool Exhaustion,Group,Engineering,True,False,34d6abfe-31c2-4e6d-a3e8-3fdf40767dee,9,jameswilson,Batch job killed. Freeing stale connections now... Pool is recovering. Down to 320/500.,False,Neither,,True,,,,Status update during mitigation → Important
e58aee1a-0977-491d-bcb2-d3a00935b7c0,🚨 Production Incident — Database Connection Pool Exhaustion,Group,Engineering,True,False,d94cd359-2d51-4c93-acb9-4b4b1c6e2bf5,10,priyasharma,"Fix is ready — adding a connection.close() in the finally block of the cursor handler. PR #852. Alex, can you fast-track review? It's a 3-line change.",False,Neither,,True,,,,Emergency review request during incident → Important
e58aee1a-0977-491d-bcb2-d3a00935b7c0,🚨 Production Incident — Database Connection Pool Exhaustion,Group,Engineering,True,False,0a29a95c-6162-429c-8e78-1a08c502cc08,11,alexkumar,Reviewed. LGTM. Merge and deploy.,False,Neither,,False,,,approval_de_escalation,Approval — de-escalation. Not a new task.
e58aee1a-0977-491d-bcb2-d3a00935b7c0,🚨 Production Incident — Database Connection Pool Exhaustion,Group,Engineering,True,False,b31f279b-6af8-4ec7-a15e-8ca528f65d7d,12,jameswilson,Pool is back to 45/500. All endpoints responding normally. Deploying Priya's fix now.,False,Neither,,True,,,,Recovery status — still Important until confirmed resolved
e58aee1a-0977-491d-bcb2-d3a00935b7c0,🚨 Production Incident — Database Connection Pool Exhaustion,Group,Engineering,True,True,689db0ab-fb72-4bc8-a4a4-c838e542023e,13,davidpark,"Good work team. Total incident duration was about 25 minutes. Alex, please schedule a postmortem for tomorrow and send the exec summary tonight.",True,RfA,Delegation,True,Implicit,alexkumar,,Two action items assigned to Alex — postmortem + exec summary
e58aee1a-0977-491d-bcb2-d3a00935b7c0,🚨 Production Incident — Database Connection Pool Exhaustion,Group,Engineering,True,True,33a6c312-3bac-4537-bd94-0c34a44662e0,14,alexkumar,On it. Postmortem invite going out for 10 AM tomorrow. Exec summary in the next hour.,False,Neither,,False,,,,Commitment
e58aee1a-0977-491d-bcb2-d3a00935b7c0,🚨 Production Incident — Database Connection Pool Exhaustion,Group,Engineering,True,False,dbeafaa3-1bec-4618-9ab7-713e6bccd85b,15,jameswilson,Fix deployed. Monitoring confirms stable. Updating status page to resolved.,False,Neither,,False,,,,Completion report — no task
9fc2e016-86f3-490c-b20b-afec7221145a,Q2 Headcount Planning — Engineering,Group,Human Resources,True,False,5de2c886-81a9-471b-983e-11e9559266cd,0,daniellewright,"Hi everyone. I want to finalize the Q2 headcount plan for engineering. David and Alex, can you confirm your final requirements?",False,Neither,,False,,,,Confirmation request directed at two people by name
9fc2e016-86f3-490c-b20b-afec7221145a,Q2 Headcount Planning — Engineering,Group,Human Resources,True,False,8edf2cd1-76ff-453c-9762-bf082a64bfe7,1,davidpark,"We need 4 positions: 2 senior backend engineers, 1 ML engineer for the AI features, and 1 DevOps engineer to support the scaling work.",False,Neither,,False,,,,Informational — providing requirements
9fc2e016-86f3-490c-b20b-afec7221145a,Q2 Headcount Planning — Engineering,Group,Human Resources,True,False,6b84fcac-1d39-497b-9c89-bc20afaf71d6,2,alexkumar,I agree with David's list. The backend engineers are the most urgent — we're already short-staffed on the API team.,False,Neither,,False,,,,Agreement/support — informational
9fc2e016-86f3-490c-b20b-afec7221145a,Q2 Headcount Planning — Engineering,Group,Human Resources,True,True,e2f24af4-a809-4af5-a180-24c23c824bf3,3,racheltorres,"Budget is approved for 4 engineering headcount. @Danielle, please start the req process. I'd like offers extended by end of April to manage the cash flow timing.",True,RfA,Action Request,True,Explicit,daniellewright,,Action request via @mention + budget/timing context → Important
9fc2e016-86f3-490c-b20b-afec7221145a,Q2 Headcount Planning — Engineering,Group,Human Resources,True,True,1515003b-f950-4dd4-b7f6-c88c5e0080a2,4,daniellewright,"I'll open the reqs today. @David, @Alex — I'll need updated job descriptions for the ML engineer and DevOps roles. The backend JDs we can reuse from last cycle.",True,RfA,Action Request,False,Explicit,davidpark|alexkumar,,Action request via @mentions — need specific deliverables
9fc2e016-86f3-490c-b20b-afec7221145a,Q2 Headcount Planning — Engineering,Group,Human Resources,True,False,e79d87c5-ccc1-49f2-a63f-ad8cbf5eb872,5,davidpark,"I'll update the ML engineer JD today. Alex, can you handle the DevOps one?",False,Neither,,False,,,,Delegation within the group — David to Alex by name
9fc2e016-86f3-490c-b20b-afec7221145a,Q2 Headcount Planning — Engineering,Group,Human Resources,True,False,bf8e1db9-0ab1-4804-a6c6-52920919219f,6,alexkumar,Sure. I'll have it over by tomorrow morning.,False,Neither,,False,,,,Commitment
9fc2e016-86f3-490c-b20b-afec7221145a,Q2 Headcount Planning — Engineering,Group,Human Resources,True,False,53f84dfe-d843-4594-a125-27e233f62c1b,7,daniellewright,"Great. Once I have the JDs, I'll target having candidates in final rounds within 3 weeks. Rachel, any constraints on the comp bands?",False,Neither,,False,,,,Question directed at Rachel by name
9fc2e016-86f3-490c-b20b-afec7221145a,Q2 Headcount Planning — Engineering,Group,Human Resources,True,False,1cfdc0fc-ff47-4621-ae69-f62f3dbab318,8,racheltorres,"Standard band for senior engineers. For the ML role, we may need to go 10-15% above band to be competitive. I've seen market data showing a premium for ML engineers right now. I'll send you the updated comp ranges.",False,Neither,,False,,,self_initiated_action,Self-initiated action — Rachel offers to send comp data
9fc2e016-86f3-490c-b20b-afec7221145a,Q2 Headcount Planning — Engineering,Group,Human Resources,True,False,08013986-5b62-448d-9075-fcfc725eef0a,9,daniellewright,Thanks Rachel. I'll factor that in. Let's check in next week on progress.,False,Neither,,False,,,,Acknowledgment / planning
6895f4aa-959b-4079-b094-8aefa67b57c2,Northwind Traders — Contract Review,Group,Legal,True,False,cdf96843-4eb9-48f1-84a9-41666f87355c,0,amandafoster,"I've completed the NDA review for Northwind Traders. There are three issues I need to flag:
1. Their IP transfer clause is overly broad
2. The non-compete language could restrict our sales in the project management space
3. The governing law is New York but we typically insist on Delaware",False,Neither,,True,,,,Legal risk identification — Important due to deal impact
6895f4aa-959b-4079-b094-8aefa67b57c2,Northwind Traders — Contract Review,Group,Legal,True,False,6bea2971-8d32-4107-8338-46ed18aa3bd7,1,sofiarodriguez,That IP clause was the one that concerned me too. Can we push back on all three?,False,Neither,,False,,,,Question seeking legal guidance
6895f4aa-959b-4079-b094-8aefa67b57c2,Northwind Traders — Contract Review,Group,Legal,True,True,2df37014-270f-4102-ae6c-aeac3b3510be,2,amandafoster,"We should push back on #1 and #2 — those are deal-breakers from our perspective. On #3, I'm flexible — New York is workable, just not ideal. @Sofia, do you know if Northwind has flexibility on their terms?",True,RfK,Question,False,Explicit,sofiarodriguez,,Question via @mention
6895f4aa-959b-4079-b094-8aefa67b57c2,Northwind Traders — Contract Review,Group,Legal,True,True,b3da3db0-e745-4e47-939e-a4d4e1b0a8b9,3,sofiarodriguez,Their legal team seemed pretty firm when we first discussed. But the deal is important to them too — they specifically chose us over a competitor. I think we have leverage.,False,Neither,,False,,,,Contextual assessment — informational
6895f4aa-959b-4079-b094-8aefa67b57c2,Northwind Traders — Contract Review,Group,Legal,True,True,dcec2a90-e251-451d-b00d-f2daef0ecb30,4,michaelchen,"Amanda, can you prepare a counter-proposal with our preferred language on the IP and non-compete clauses? @Sofia, set up a call with their legal team for Thursday. Let's resolve this before the technical evaluation starts.",True,RfA,Delegation,True,Explicit,amandafoster|sofiarodriguez,,"Multi-assignee delegation — Amanda (counter-proposal) + Sofia (scheduling). @Sofia via mention, Amanda by name. Deal deadline → Important"
6895f4aa-959b-4079-b094-8aefa67b57c2,Northwind Traders — Contract Review,Group,Legal,True,False,32003235-ceef-4ac4-825c-aba277c4c97c,5,amandafoster,I'll have the counter-proposal ready by Wednesday EOD. That gives Sofia time to share it before the call.,False,Neither,,False,,,,Commitment
6895f4aa-959b-4079-b094-8aefa67b57c2,Northwind Traders — Contract Review,Group,Legal,True,False,ec16f15e-dc62-455b-859a-2ba12665cc30,6,sofiarodriguez,Scheduling the call now. I'll send the invite once confirmed.,False,Neither,,False,,,,Commitment
6895f4aa-959b-4079-b094-8aefa67b57c2,Northwind Traders — Contract Review,Group,Legal,True,False,6fad990c-dd38-4041-886d-76e345acbc0a,7,michaelchen,"Thanks team. Amanda — if they won't budge on the IP clause, is there a middle ground we can live with?",False,Neither,,False,,,,Question to Amanda by name — contingency planning
6895f4aa-959b-4079-b094-8aefa67b57c2,Northwind Traders — Contract Review,Group,Legal,True,False,f3f11ca2-66a6-42f6-904e-8a5d3d961295,8,amandafoster,"We could limit the IP scope to only work products specifically created for the integration project, rather than a blanket transfer. That protects our core platform IP while giving them what they need.",False,Neither,,False,,,,Informational — legal analysis
6895f4aa-959b-4079-b094-8aefa67b57c2,Northwind Traders — Contract Review,Group,Legal,True,False,02fd2c85-e465-4f69-b90e-1ae38519d1bc,9,michaelchen,Smart. Let's lead with our preferred position and have that as a fallback. Good work team.,False,Neither,,False,,,,Agreement + closing — no task
0a017fd8-93e6-4e7d-9baf-dc6b536244cf,Q1 Budget Review & Q2 Forecast,Group,Finance,True,False,f3e8c281-4365-4bad-af88-e4dbdaa44b15,0,racheltorres,"Sarah, Kevin — here's the Q1 budget summary. We're 6% under on revenue and 3% over on opex. Net impact is about $1.1M below plan.",False,Neither,,True,,,,Budget miss notification — Important due to financial impact. No task.
0a017fd8-93e6-4e7d-9baf-dc6b536244cf,Q1 Budget Review & Q2 Forecast,Group,Finance,True,True,9db25e5e-68e9-401d-b9a1-450009f5199c,1,sarahmitchell,That's concerning. What's driving the opex overage?,True,RfK,Question,True,Broadcast,,,Question to Rachel/Kevin — Important financial discussion
0a017fd8-93e6-4e7d-9baf-dc6b536244cf,Q1 Budget Review & Q2 Forecast,Group,Finance,True,True,bcea01ca-0c4f-40b6-a546-bf8fd8acd002,2,kevinzhang,"Three main factors: 1) Cloud infrastructure costs came in $180K over due to the scaling work, 2) The enterprise customer event ran $90K over budget, 3) Recruiting costs for the engineering hires were higher than planned — about $120K in agency fees.",False,Neither,,False,,,,Analysis — informational
0a017fd8-93e6-4e7d-9baf-dc6b536244cf,Q1 Budget Review & Q2 Forecast,Group,Finance,True,True,2271b411-3395-4c10-8c16-2c722b2a8221,3,sarahmitchell,"We need to course-correct for Q2. @Kevin, can you prepare a cost optimization analysis — identify at least $500K in savings opportunities across all departments?",True,RfA,Action Request,True,Explicit,kevinzhang,,Action request via @mention + financial significance → Important
0a017fd8-93e6-4e7d-9baf-dc6b536244cf,Q1 Budget Review & Q2 Forecast,Group,Finance,True,False,c55ca27a-8cdb-4a12-bc62-c460624d5833,4,kevinzhang,"I'll have it ready by next Friday. Should I coordinate with department heads, or keep the analysis independent first?",False,Neither,,False,,,,Process question directed at Sarah
0a017fd8-93e6-4e7d-9baf-dc6b536244cf,Q1 Budget Review & Q2 Forecast,Group,Finance,True,False,6c582d29-9433-4c25-9775-d6ea9ec40a5a,5,sarahmitchell,Keep it independent first. I don't want departments sandbagging their numbers. We'll share with them after Rachel and I review.,False,Neither,,False,,,,Decision — informational
0a017fd8-93e6-4e7d-9baf-dc6b536244cf,Q1 Budget Review & Q2 Forecast,Group,Finance,True,False,d97b124e-ab84-4ec5-b57c-e0e4607bc870,6,racheltorres,"Agreed. Kevin, I'll share the department-level budget files with you today so you have the granular data. Also — I want to flag that our cash runway is still healthy. The $1.1M miss doesn't change our 18-month runway materially.",False,Neither,,False,,,self_initiated_action,Self-initiated action (sharing files) + reassurance
0a017fd8-93e6-4e7d-9baf-dc6b536244cf,Q1 Budget Review & Q2 Forecast,Group,Finance,True,False,dc2c0d97-92e9-456c-8598-01abc981b4ca,7,sarahmitchell,Good to know. But I still want us operating lean. The board expects fiscal discipline post-Series C.,False,Neither,,False,,,,Direction/philosophy — no specific task
0a017fd8-93e6-4e7d-9baf-dc6b536244cf,Q1 Budget Review & Q2 Forecast,Group,Finance,True,False,dedce4ec-3b4a-40f8-a0c9-c584dc8c84dc,8,kevinzhang,"Understood. I'll focus the analysis on efficiency gains, not just cuts — so we're not sacrificing growth.",False,Neither,,False,,,,Commitment + framing
57828485-6554-42f6-a82a-1a3a49d7f6b8,Pinnacle Logistics — P1 Escalation Thread,Group,Customer Support,True,True,40310667-70fa-4621-ad62-1b6ee8eaa5f0,0,mariasantos,"Alex, Michael — Pinnacle Logistics has an open P1 for 5 days. They're our 3rd largest customer ($1.2M ARR). The issue is a data export timeout that Derek's team can't resolve without an engineering fix. This needs immediate attention.",True,RfA,Action Request,True,Implicit,alexkumar,,Escalation to engineering with revenue context → Important
57828485-6554-42f6-a82a-1a3a49d7f6b8,Pinnacle Logistics — P1 Escalation Thread,Group,Customer Support,True,False,ab693833-a3a6-4dc0-a4da-3292b2b20322,1,alexkumar,"5 days? That shouldn't have sat that long. Let me check the bug. Derek, what's the engineering ticket number?",False,Neither,,True,,,,Question during escalation — needs ticket info
57828485-6554-42f6-a82a-1a3a49d7f6b8,Pinnacle Logistics — P1 Escalation Thread,Group,Customer Support,True,False,feadac52-184e-4def-953e-c6a1aa69449c,2,derekjohnson,ENG-2847. Filed on Monday. It's been unassigned on the engineering side. I pinged the eng channel twice but got no response.,False,Neither,,True,,,,Details revealing process gap — Important context
57828485-6554-42f6-a82a-1a3a49d7f6b8,Pinnacle Logistics — P1 Escalation Thread,Group,Customer Support,True,True,64ebde5b-f8c4-48eb-8461-0a590e9df382,3,alexkumar,I see it now. This fell through the cracks — the auto-assignment was broken last week. I'm assigning this to Priya now and marking it P1. She'll have a fix or workaround by tomorrow morning.,False,Neither,,False,,,,Commitment + resolution plan — not a task for others
57828485-6554-42f6-a82a-1a3a49d7f6b8,Pinnacle Logistics — P1 Escalation Thread,Group,Customer Support,True,True,6b821e2e-dbf1-4f3b-9ff8-2e87bde42af8,4,michaelchen,"Tomorrow morning isn't fast enough. Their VP of Ops is already cc'ing our CEO on emails. If we don't show progress by end of today, we risk the renewal. @Alex, can we expedite?",True,RfK,Confirmation / Permission,True,Explicit,alexkumar,,Escalation pressure + churn risk → Important. @mention
57828485-6554-42f6-a82a-1a3a49d7f6b8,Pinnacle Logistics — P1 Escalation Thread,Group,Customer Support,True,False,c3f3b565-db5c-4aaa-a59f-1dd487e8baf0,5,alexkumar,"OK, I'll pull Priya off her current work and make this the top priority. We'll have a workaround within 3 hours.",False,Neither,,False,,,,Commitment — acknowledgment of urgency
57828485-6554-42f6-a82a-1a3a49d7f6b8,Pinnacle Logistics — P1 Escalation Thread,Group,Customer Support,True,False,5f286e2b-3b9e-4306-bd96-905a42d2192b,6,mariasantos,"Thank you. @Derek, please keep Pinnacle informed — let them know we've escalated internally and they should expect an update by 5 PM today.",False,Neither,,True,,,,Action request via @mention — customer communication
57828485-6554-42f6-a82a-1a3a49d7f6b8,Pinnacle Logistics — P1 Escalation Thread,Group,Customer Support,True,False,d14f5235-b07f-4f3b-9612-b49a1eda69da,7,derekjohnson,Will do. Sending them an update now.,False,Neither,,False,,,,Commitment
57828485-6554-42f6-a82a-1a3a49d7f6b8,Pinnacle Logistics — P1 Escalation Thread,Group,Customer Support,True,False,58abf4a4-7f4e-4bd7-9bcc-0ed318986024,8,michaelchen,Let's make sure we have a proper escalation process for top-20 accounts. This shouldn't have gone 5 days without engineering attention.,False,Neither,,False,,,process_feedback_not_task,Process feedback — not a specific task
57828485-6554-42f6-a82a-1a3a49d7f6b8,Pinnacle Logistics — P1 Escalation Thread,Group,Customer Support,True,False,55c1cf23-8c82-430c-b8fb-80c638668dee,9,alexkumar,Agreed. I'll fix the auto-assignment and add a 24-hour SLA alert for P1s from top accounts.,False,Neither,,False,,,,Commitment — self-assigned improvement
57828485-6554-42f6-a82a-1a3a49d7f6b8,Pinnacle Logistics — P1 Escalation Thread,Group,Customer Support,True,False,c223850e-d839-4650-a209-f3003a0bc602,10,mariasantos,Thanks everyone. I'll report back once Pinnacle acknowledges the update.,False,Neither,,False,,,,Commitment / planning
7e99e342-c881-4d5d-ad7a-7c6ae7959bad,PR #852 — Connection Pool Fix Review,Group,Engineering,False,False,208707c9-9f04-4c1d-b7c3-5a9fa0070512,0,priyasharma,"PR #852 is up for the connection pool fix. It's a 3-line change in the cursor handler. @Alex already did a quick review during the incident, but I'd like a thorough review from @Nina on the test coverage.",False,Neither,,False,,,,Review request via @mention
7e99e342-c881-4d5d-ad7a-7c6ae7959bad,PR #852 — Connection Pool Fix Review,Group,Engineering,False,False,01e05018-6803-47f7-9c04-7ed63571b889,1,ninacosta,Taking a look now. Does the test suite cover the case where a client disconnects mid-stream during a cursor query?,False,Neither,,False,,,,Technical question during review
7e99e342-c881-4d5d-ad7a-7c6ae7959bad,PR #852 — Connection Pool Fix Review,Group,Engineering,False,False,54b7ec44-403d-4321-8de2-bc726aa3074b,2,priyasharma,Good question. I added a test for graceful disconnect but not for abrupt disconnects (like network failure). Should I add that?,False,Neither,,False,,,,Decision request — test scope question
7e99e342-c881-4d5d-ad7a-7c6ae7959bad,PR #852 — Connection Pool Fix Review,Group,Engineering,False,False,aa7f26c4-b452-4cb4-afd8-da86ff81d309,3,ninacosta,"Yes, definitely. The original bug was caused by abrupt disconnects from the batch job. We should test both scenarios. Also, can you add a test that verifies the connection count after 100 rapid connect/disconnect cycles?",False,Neither,,False,,,,Action request — add specific tests
7e99e342-c881-4d5d-ad7a-7c6ae7959bad,PR #852 — Connection Pool Fix Review,Group,Engineering,False,False,d7e90368-2fee-4373-a91c-ae4c0f02c22d,4,priyasharma,Will add both. Give me 30 minutes.,False,Neither,,False,,,,Commitment
7e99e342-c881-4d5d-ad7a-7c6ae7959bad,PR #852 — Connection Pool Fix Review,Group,Engineering,False,False,70ed167b-0173-4423-9c51-1dc23b25841d,5,alexkumar,"While you're at it, can you also add a prometheus metric for active connection count? That would've helped us diagnose the issue faster during the incident.",False,Neither,,False,,,,Additional action request — observability improvement
7e99e342-c881-4d5d-ad7a-7c6ae7959bad,PR #852 — Connection Pool Fix Review,Group,Engineering,False,False,21999968-4ecc-4a85-b489-8fb77293bd65,6,priyasharma,Good idea. I'll add it in this PR since it's related.,False,Neither,,False,,,,Commitment
7e99e342-c881-4d5d-ad7a-7c6ae7959bad,PR #852 — Connection Pool Fix Review,Group,Engineering,False,False,3163cffe-06e8-4855-8687-874a1ccbf5fd,7,ninacosta,Otherwise the fix itself looks clean. LGTM once the tests are added.,False,Neither,,False,,,conditional_approval,Conditional approval — no new task
7e99e342-c881-4d5d-ad7a-7c6ae7959bad,PR #852 — Connection Pool Fix Review,Group,Engineering,False,False,8ad61977-d9c3-4260-ac16-437e648ead8f,8,priyasharma,Tests added and passing. CI is green. Ready for re-review.,False,Neither,,False,,,,Completion report — no task
7e99e342-c881-4d5d-ad7a-7c6ae7959bad,PR #852 — Connection Pool Fix Review,Group,Engineering,False,False,18a5e1ea-05bb-4f94-8662-643e9ca1d95a,9,ninacosta,Looks great. Approved. ✅,False,Neither,,False,,,approval_de_escalation,Approval — resolution of prior ask
7edd3e60-a421-48e3-a85e-5ab445656ce2,Q1 All-Hands Planning,Group,Executive,True,False,aa81498f-f52b-4213-895e-f955b6766a3c,0,sarahmitchell,"Team, let's plan the Q1 all-hands. I want it to feel different this time — more interactive, less death-by-slides. Targeting the last Friday of the month.",False,Neither,,False,,,,Direction setting — no specific task yet
7edd3e60-a421-48e3-a85e-5ab445656ce2,Q1 All-Hands Planning,Group,Executive,True,True,3d2ee775-312c-4915-ae28-cbac4c3cc935,1,laurakim,"I agree. We could do a fireside chat format for the product update instead of slides. @Chris, can you design the visual deck for the all-hands? Something modern, less text-heavy.",True,RfA,Delegation,False,Explicit,chrisevans,,Delegation via @mention
7edd3e60-a421-48e3-a85e-5ab445656ce2,Q1 All-Hands Planning,Group,Executive,True,False,fb31c0b2-ca6e-4979-abec-378d7980a1aa,2,chrisevans,Love the fireside chat idea. I'll put together a visual-first deck template. When do you need it?,False,Neither,,False,,,,Question about deadline
7edd3e60-a421-48e3-a85e-5ab445656ce2,Q1 All-Hands Planning,Group,Executive,True,False,6106c696-8508-43a6-9b46-daac327bd2bc,3,laurakim,By Wednesday of that week so we have 2 days for dry run.,False,Neither,,False,,,,Answer — informational
7edd3e60-a421-48e3-a85e-5ab445656ce2,Q1 All-Hands Planning,Group,Executive,True,True,e1c0e34f-c1ed-4911-b408-be47ea948894,4,daniellewright,"I can handle the employee recognition segment. I have the Q1 award nominations finalized. @Lisa, can you coordinate with facilities on the venue setup — chairs in a semi-circle for the fireside format?",True,RfA,Action Request,False,Explicit,lisanakamura,,Action request via @mention — logistics
7edd3e60-a421-48e3-a85e-5ab445656ce2,Q1 All-Hands Planning,Group,Executive,True,False,bb7ac6c4-3b8d-46aa-a1b5-195ac2c8e855,5,lisanakamura,Sure. I'll also arrange catering for 50 in-office plus the streaming setup for remote folks. Want the usual lunch spread?,False,Neither,,False,,,,Confirmation question to the group
7edd3e60-a421-48e3-a85e-5ab445656ce2,Q1 All-Hands Planning,Group,Executive,True,False,c234405e-a3de-4aa1-a4ae-57d283ca76c1,6,sarahmitchell,"Yes, but add some variety this time. People complained about the same sandwich platters. Budget is fine up to $1,500.",False,Neither,,False,,,,Direction — informational
7edd3e60-a421-48e3-a85e-5ab445656ce2,Q1 All-Hands Planning,Group,Executive,True,True,0d5227c3-f6e0-4555-ab43-8ec89b3ca51d,7,lisanakamura,Got it. I'll upgrade the menu. 🍕,False,Neither,,False,,,,Acknowledgment
7edd3e60-a421-48e3-a85e-5ab445656ce2,Q1 All-Hands Planning,Group,Executive,True,True,ee218948-399c-48ed-ba81-2715081f1ee6,8,sarahmitchell,"One more thing — I want to open with a 5-minute video montage of team highlights from Q1. @Chris, can you put that together too? Use clips from the product demos, team events, and customer wins.",True,RfA,Action Request,False,Explicit,chrisevans,,Action request via @mention
7edd3e60-a421-48e3-a85e-5ab445656ce2,Q1 All-Hands Planning,Group,Executive,True,False,bfc44b7a-31cc-4d15-9e22-3d51dc6ecf49,9,chrisevans,Absolutely! I'll gather clips and have a draft ready for review by the Monday before.,False,Neither,,False,,,,Commitment
7edd3e60-a421-48e3-a85e-5ab445656ce2,Q1 All-Hands Planning,Group,Executive,True,False,6f7fbd1b-9762-43cd-a8eb-cac19c48f2f4,10,daniellewright,This is shaping up nicely. I'm excited!,False,Neither,,False,,,social_enthusiasm,Social — no task
2fb2e50f-5e81-456e-9771-c8daa8cc5a20,SOC 2 & GDPR Compliance — Cross-team Coordination,Group,Legal,True,False,045e2c4f-ebab-454c-a14b-3ce828dacf8c,0,amandafoster,"Everyone, the SOC 2 auditors confirmed their on-site visit for April 15. We have 3 weeks to close all open items. This is not negotiable — a failed audit would be devastating for our enterprise sales.",False,Neither,,True,,,,Compliance deadline announcement — Important. No task yet.
2fb2e50f-5e81-456e-9771-c8daa8cc5a20,SOC 2 & GDPR Compliance — Cross-team Coordination,Group,Legal,True,False,8e843ad5-e1ac-4321-ac9a-251a54c61bb8,1,amandafoster,"@David, I need engineering to complete the access control remediation and the disaster recovery test. What's the status?",False,Neither,,True,,,,Status request via @mention + audit deadline → Important
2fb2e50f-5e81-456e-9771-c8daa8cc5a20,SOC 2 & GDPR Compliance — Cross-team Coordination,Group,Legal,True,False,086f3afa-3a85-4656-8124-911c21bfe9b6,2,davidpark,Access control remediation is done — James implemented the segregation of duties changes in November. The DR test is scheduled for next week. I'll make sure it's completed and documented.,False,Neither,,False,,,,Status update + commitment
2fb2e50f-5e81-456e-9771-c8daa8cc5a20,SOC 2 & GDPR Compliance — Cross-team Coordination,Group,Legal,True,False,da44fe48-204d-436e-92c7-e22519708df6,3,amandafoster,"@Kevin, the financial controls documentation — specifically the vendor payment authorization gap we discussed. Is that closed?",False,Neither,,True,,,,Status request via @mention + audit risk → Important
2fb2e50f-5e81-456e-9771-c8daa8cc5a20,SOC 2 & GDPR Compliance — Cross-team Coordination,Group,Legal,True,False,5ba4faff-2b7d-4c52-85d9-293be21195cf,4,kevinzhang,Almost. I'm waiting on James for the updated approval threshold documentation. I expect to have everything finalized by end of this week.,False,Neither,,False,,,,Status update — informational
2fb2e50f-5e81-456e-9771-c8daa8cc5a20,SOC 2 & GDPR Compliance — Cross-team Coordination,Group,Legal,True,True,144ff6e3-f5e1-494a-badd-d8ed4b1e9e42,5,amandafoster,"@Danielle, HR controls — employee onboarding/offboarding procedures, access provisioning documentation, background check records. Are those audit-ready?",True,RfK,Status Request,True,Explicit,daniellewright,,Status request via @mention + audit scope → Important
2fb2e50f-5e81-456e-9771-c8daa8cc5a20,SOC 2 & GDPR Compliance — Cross-team Coordination,Group,Legal,True,True,6a6eecb6-36e8-4930-b099-1c6ceb43354b,6,daniellewright,Onboarding and offboarding procedures are documented and current. Background check records are complete. One gap — we need to update the access provisioning SOP to reflect the new approval workflow David's team implemented.,False,Neither,,False,,,,Status update with identified gap
2fb2e50f-5e81-456e-9771-c8daa8cc5a20,SOC 2 & GDPR Compliance — Cross-team Coordination,Group,Legal,True,True,564a2b2e-6f98-4af0-af02-81e5f6b2a8a7,7,amandafoster,"OK, everyone please submit your final evidence packages to me by April 8. That gives me a week to compile and review before the auditors arrive. I'll send each of you a specific checklist today.",True,RfA,Action Request,True,Broadcast,,,Broadcast action request with hard deadline + audit → Important
2fb2e50f-5e81-456e-9771-c8daa8cc5a20,SOC 2 & GDPR Compliance — Cross-team Coordination,Group,Legal,True,False,a17f8494-96fa-458f-8153-28af2bcdf81b,8,davidpark,Will do.,False,Neither,,False,,,,Acknowledgment
2fb2e50f-5e81-456e-9771-c8daa8cc5a20,SOC 2 & GDPR Compliance — Cross-team Coordination,Group,Legal,True,False,0498a5e7-7cd1-49ba-8efa-af8301e1a692,9,kevinzhang,Understood.,False,Neither,,False,,,,Acknowledgment
2fb2e50f-5e81-456e-9771-c8daa8cc5a20,SOC 2 & GDPR Compliance — Cross-team Coordination,Group,Legal,True,False,f720326e-f22c-4ae4-984e-43a94b29750c,10,daniellewright,Got it. I'll coordinate with David on the access provisioning update.,False,Neither,,False,,,,Acknowledgment + commitment
2fb2e50f-5e81-456e-9771-c8daa8cc5a20,SOC 2 & GDPR Compliance — Cross-team Coordination,Group,Legal,True,False,e5506721-f3e0-415a-8f2d-7bc89cdff98a,11,amandafoster,"Thanks everyone. If anyone identifies a new gap, flag it immediately. No surprises during the audit.",False,Neither,,False,,,,Guidance — no specific task
9ed28a93-62d9-44e7-8f23-e1e8f7176296,Spring Campaign — Creative Review,Group,Marketing,True,False,18540437-e69e-40f5-8dd6-e3e3853b4b68,0,chrisevans,"Draft messaging is ready for the spring enterprise campaign. I've shared the doc in the Marketing shared drive. Three tagline options to choose from:
A) 'Enterprise Intelligence, Simplified'
B) 'Your Projects, Powered by AI'
C) 'The Smarter Way to Ship'",False,Neither,,False,,,,Decision request — tagline choice presented to group
9ed28a93-62d9-44e7-8f23-e1e8f7176296,Spring Campaign — Creative Review,Group,Marketing,True,False,93ad2d38-27b7-447d-9dbe-9de2dd1d43a9,1,laurakim,I like option B — it ties directly to the AI features we're launching. But 'powered by' feels a bit generic. Can you iterate on that one?,False,Neither,,False,,,,Action request — iterate on creative
9ed28a93-62d9-44e7-8f23-e1e8f7176296,Spring Campaign — Creative Review,Group,Marketing,True,False,c30575e5-149d-4bae-8117-ed1b31c7a973,2,sofiarodriguez,"From a sales perspective, option A resonates most with enterprise buyers. They care about 'intelligence' and 'simplified' — those are the exact words I hear in discovery calls.",False,Neither,,False,,,,Input/opinion — informational
9ed28a93-62d9-44e7-8f23-e1e8f7176296,Spring Campaign — Creative Review,Group,Marketing,True,False,09010778-9984-4428-a32d-339adc7db4fd,3,chrisevans,"What if we combine them? 'Enterprise Intelligence, AI-Powered'. Gets the enterprise feel from A and the AI angle from B.",False,Neither,,False,,,,Suggestion — no task
9ed28a93-62d9-44e7-8f23-e1e8f7176296,Spring Campaign — Creative Review,Group,Marketing,True,False,2de1d11f-650d-424e-9c63-9840f7bcc621,4,laurakim,"I like that. Sofia, would that work in your sales conversations?",False,Neither,,False,,,,Question directed at Sofia by name
9ed28a93-62d9-44e7-8f23-e1e8f7176296,Spring Campaign — Creative Review,Group,Marketing,True,False,b83858f3-136f-4bc0-be60-51b06650897f,5,sofiarodriguez,"Yes, that's strong. Short, professional, and hits the right keywords for the audience.",False,Neither,,False,,,,Feedback — informational
9ed28a93-62d9-44e7-8f23-e1e8f7176296,Spring Campaign — Creative Review,Group,Marketing,True,True,7bce11c0-79f7-4eba-b12d-09897bcb1c0a,6,laurakim,"Let's go with 'Enterprise Intelligence, AI-Powered'. Chris, please update all the campaign assets with the final tagline and send me the updated proofs by Thursday.",True,RfA,Action Request,False,Implicit,chrisevans,,Action request with deadline — finalize creative assets
9ed28a93-62d9-44e7-8f23-e1e8f7176296,Spring Campaign — Creative Review,Group,Marketing,True,True,90fd1b19-0a0e-410f-83d7-5e9f7421e87c,7,chrisevans,On it. I'll also update the landing page header and the email templates.,False,Neither,,False,,,,Commitment + additional self-initiated work
9ed28a93-62d9-44e7-8f23-e1e8f7176296,Spring Campaign — Creative Review,Group,Marketing,True,False,1828c9f7-0581-4ad9-aa8f-33a1a5e864b0,8,laurakim,Perfect. Great collaboration everyone 🎨,False,Neither,,False,,,,Social closing
8b8f8f0b-0558-4118-a221-3cd391274d84,Salesforce Down — Impact & Workaround,Group,Operations,False,False,3957dbc0-b826-449b-9670-f5455aae7ab2,0,lisanakamura,Heads up everyone — Salesforce has been down for the past 2 hours. I've submitted a support ticket with Salesforce but no ETA on resolution yet.,False,Neither,,True,,,,Tool outage notification — Important due to business process impact. No task.
8b8f8f0b-0558-4118-a221-3cd391274d84,Salesforce Down — Impact & Workaround,Group,Operations,False,False,dbf11bb5-63b2-4ca4-93cc-f665d1c6eab5,1,derekjohnson,This is impacting the support team badly. We can't access customer records or update tickets. Is there a workaround?,False,Neither,,True,,,,Question seeking workaround during outage → Important
8b8f8f0b-0558-4118-a221-3cd391274d84,Salesforce Down — Impact & Workaround,Group,Operations,False,False,28db009f-8335-43f5-b609-b0b1ae4b8445,2,jameswilson,"I checked — it's a Salesforce-side issue, not our integration. Their status page shows 'investigating.' Unfortunately there's no workaround for the core CRM. For critical support tickets, you can use the backup spreadsheet in the shared drive.",False,Neither,,False,,,,Informational — providing workaround info
8b8f8f0b-0558-4118-a221-3cd391274d84,Salesforce Down — Impact & Workaround,Group,Operations,False,False,2664caf7-9712-48e4-a0fc-a3500d734c35,3,lisanakamura,"@Derek, can you make sure your team switches to the backup workflow for any critical tickets? And let me know if any customer-facing commitments are at risk because of this.",False,Neither,,True,,,,Action request via @mention during outage → Important
8b8f8f0b-0558-4118-a221-3cd391274d84,Salesforce Down — Impact & Workaround,Group,Operations,False,False,f6f25090-2553-4375-8124-a1e9f75dce21,4,derekjohnson,Will do. We have 3 customers with SLA-bound responses due today. I'll handle them via the backup process.,False,Neither,,False,,,,Commitment
8b8f8f0b-0558-4118-a221-3cd391274d84,Salesforce Down — Impact & Workaround,Group,Operations,False,False,aba26d57-70bb-4512-a446-8c03864716ac,5,jameswilson,"FYI — I've set up an alert. When Salesforce comes back online, I'll sync the backup data automatically. Nothing will be lost.",False,Neither,,False,,,,FYI — informational
8b8f8f0b-0558-4118-a221-3cd391274d84,Salesforce Down — Impact & Workaround,Group,Operations,False,False,5bcf64db-d18b-4fb7-b7f6-3143195be600,6,lisanakamura,"Thanks James. @Derek, please send me a list of any impacted SLA responses so I can notify the customer success team.",False,Neither,,False,,,,Action request via @mention
8b8f8f0b-0558-4118-a221-3cd391274d84,Salesforce Down — Impact & Workaround,Group,Operations,False,False,5a9c89ed-a91e-4e48-a445-836140c6abfe,7,derekjohnson,Sending it now.,False,Neither,,False,,,,Commitment
8b8f8f0b-0558-4118-a221-3cd391274d84,Salesforce Down — Impact & Workaround,Group,Operations,False,False,62782b5d-d7e1-4b4f-ad94-962aa7a3c770,8,lisanakamura,Salesforce just came back online. Confirmed working. Total downtime: about 3 hours.,False,Neither,,False,,,,Resolution notification — informational
8b8f8f0b-0558-4118-a221-3cd391274d84,Salesforce Down — Impact & Workaround,Group,Operations,False,False,fb25203c-a391-496c-8623-8c4fa115ac14,9,jameswilson,Backup data sync initiated. Should be fully reconciled within 30 minutes.,False,Neither,,False,,,,Status update — informational
df6f58b2-7404-4852-a140-8becae588b0f,AI Resource Allocation Feature — Requirements,Group,Engineering,True,False,559b6643-69d5-4aba-990e-2176e00ed74c,0,davidpark,"Team, let's define the MVP for the AI-assisted resource allocation feature. This is the top item on our Q2 roadmap and a key board commitment. @Michael, what are the most requested capabilities from customers?",False,Neither,,True,,,,Question via @mention + strategic priority → Important
df6f58b2-7404-4852-a140-8becae588b0f,AI Resource Allocation Feature — Requirements,Group,Engineering,True,False,905be4bc-a649-474d-8135-28f3bda7fc7d,1,michaelchen,"Top 3 requests:
1. Automatic team member assignment based on skills and availability
2. Workload balancing across projects
3. Predictive timeline estimation based on historical data

If we nail #1 and #2 for MVP, that covers 80% of the demand.",False,Neither,,False,,,,Informational — providing requirements
df6f58b2-7404-4852-a140-8becae588b0f,AI Resource Allocation Feature — Requirements,Group,Engineering,True,False,ea72e86e-0ca9-4d7d-848f-b01d64e19322,2,alexkumar,"From a technical standpoint, #1 and #2 are feasible for Q2 with 2 engineers. #3 requires a trained ML model on customer data — that's at least Q3.",False,Neither,,False,,,,Technical assessment — informational
df6f58b2-7404-4852-a140-8becae588b0f,AI Resource Allocation Feature — Requirements,Group,Engineering,True,True,2a7f64f9-f04f-45fc-ae90-67bfdfa3547c,3,priyasharma,I've been prototyping the matching algorithm. The challenge is real-time availability data — our current calendar integration only syncs every 15 minutes. Should I build for real-time or batch?,True,RfK,Decision Request,False,Broadcast,,,Technical decision request to the group
df6f58b2-7404-4852-a140-8becae588b0f,AI Resource Allocation Feature — Requirements,Group,Engineering,True,True,b9872784-0ee6-4cb2-84b8-c0d821add4ac,4,davidpark,"Build for batch first — 15-minute sync is fine for MVP. We can optimize to real-time in v2. @Priya, can you have the prototype ready for a demo by end of next week?",True,RfA,Action Request,False,Explicit,priyasharma,,Action request via @mention with deadline
df6f58b2-7404-4852-a140-8becae588b0f,AI Resource Allocation Feature — Requirements,Group,Engineering,True,False,8de3bb39-adb6-48d2-9dab-f2d5dbec5f83,5,priyasharma,"Yes, I can have a working demo with sample data by Friday. It won't be production-ready but it'll show the concept.",False,Neither,,False,,,,Commitment
df6f58b2-7404-4852-a140-8becae588b0f,AI Resource Allocation Feature — Requirements,Group,Engineering,True,False,4a4a2b82-b4b7-4b65-a908-c28a66ca4ce1,6,michaelchen,Can I bring a customer to see the demo? Contoso has been asking about this exact feature.,False,Neither,,False,,,,Permission request to the group — is it OK to show customer?
df6f58b2-7404-4852-a140-8becae588b0f,AI Resource Allocation Feature — Requirements,Group,Engineering,True,False,9d31132d-f116-45cc-a3d5-f96152d34aa4,7,davidpark,"Not yet. Let's get it stable first. Once we're confident in the demo, we can set up a customer preview. Probably 2-3 weeks after the initial prototype.",False,Neither,,False,,,,Decision response — informational
df6f58b2-7404-4852-a140-8becae588b0f,AI Resource Allocation Feature — Requirements,Group,Engineering,True,False,d7be957f-60df-4091-b75c-6a7d8c61fa74,8,alexkumar,"Agreed. Priya, let me know if you need help with the calendar integration piece. James might have some useful infrastructure code from the scheduling service.",False,Neither,,False,,,courtesy_offer,Courtesy offer — 'let me know if' = not a task
df6f58b2-7404-4852-a140-8becae588b0f,AI Resource Allocation Feature — Requirements,Group,Engineering,True,False,8dff2da1-1070-4215-a5a1-df200f128faf,9,priyasharma,"Thanks, I'll reach out. I think I actually have what I need from the existing API.",False,Neither,,False,,,,Acknowledgment
99a93e0e-b691-4b13-934e-6d8d6decf20e,Marketing Weekly Sync Notes,Group,Marketing,True,False,8837f428-7aa4-4451-b932-fb3f5a930928,0,laurakim,"Quick sync notes from today's meeting. Sharing here so everyone has the record:

1. Spring campaign is on track. Chris finalizing assets by Thursday.
2. Customer webinar with Pinnacle contingent on deal close.
3. Social media metrics up 23% MoM.
4. Blog content calendar is full through Q1.

Action items below.",False,Neither,,False,,,,"Meeting notes summary — informational, no task"
99a93e0e-b691-4b13-934e-6d8d6decf20e,Marketing Weekly Sync Notes,Group,Marketing,True,True,7383f01d-129d-496b-9496-87882b4219e0,1,laurakim,@Chris — finalize campaign landing page and send proof to me by Thursday EOD.,True,RfA,Action Request,False,Explicit,chrisevans,,Action request via @mention with deadline
99a93e0e-b691-4b13-934e-6d8d6decf20e,Marketing Weekly Sync Notes,Group,Marketing,True,True,abb85d2f-a61d-445e-af3e-161331b14b2a,2,laurakim,@Sofia — share the enterprise prospect objection list with Chris by Wednesday for the messaging update.,True,RfA,Action Request,False,Explicit,sofiarodriguez,,Action request via @mention with deadline
99a93e0e-b691-4b13-934e-6d8d6decf20e,Marketing Weekly Sync Notes,Group,Marketing,True,True,1e0800c1-de2a-4892-b89c-2147862f9f9a,3,laurakim,@Maria — confirm Pinnacle's availability for the customer testimonial. Deadline: Next Wednesday.,True,RfA,Action Request,False,Explicit,mariasantos,,Action request via @mention with deadline
99a93e0e-b691-4b13-934e-6d8d6decf20e,Marketing Weekly Sync Notes,Group,Marketing,True,False,4d581a03-a5bd-440e-87fe-dcb7875ff45f,4,chrisevans,"Got it. Landing page is 90% done, I'll have it finalized Thursday morning.",False,Neither,,False,,,,Acknowledgment + status
99a93e0e-b691-4b13-934e-6d8d6decf20e,Marketing Weekly Sync Notes,Group,Marketing,True,False,ecbf3dfd-d961-4414-9f2c-105c0b8b0415,5,sofiarodriguez,Will send the list to Chris tomorrow.,False,Neither,,False,,,,Commitment
99a93e0e-b691-4b13-934e-6d8d6decf20e,Marketing Weekly Sync Notes,Group,Marketing,True,False,e845fae2-0120-4de4-a731-380ba77e8e78,6,mariasantos,I'm reaching out to Pinnacle today. Will update the group once I hear back.,False,Neither,,False,,,,Commitment
99a93e0e-b691-4b13-934e-6d8d6decf20e,Marketing Weekly Sync Notes,Group,Marketing,True,False,437121ce-a7d4-4554-b05f-5b45c9b76323,7,laurakim,"Great. Also FYI — I'm OOO next Friday for a dentist appointment. Chris, you're in charge of any urgent requests that day.",False,Neither,,False,,,fyi_with_implicit_delegation,FYI / informational — OOO notice
99a93e0e-b691-4b13-934e-6d8d6decf20e,Marketing Weekly Sync Notes,Group,Marketing,True,False,6390884f-adc0-4356-b575-a26284c33cea,8,chrisevans,Noted. Safe teeth! 😄,False,Neither,,False,,,,Social / humor — no task
99a93e0e-b691-4b13-934e-6d8d6decf20e,Marketing Weekly Sync Notes,Group,Marketing,True,False,d7c58856-7775-4e28-8726-9d16260677c6,9,laurakim,😂 Thanks. Have a good week everyone!,False,Neither,,False,,,,Social closing
6f980765-822f-407e-8138-0dee19fa52f9,⚠️ GlobalTech Solutions — Churn Risk Escalation,Group,Customer Support,True,False,d966f7f0-6197-4c54-a06f-2ca42ab95112,0,mariasantos,"URGENT: GlobalTech Solutions ($850K ARR) is threatening to cancel their contract. Their CTO sent an email directly to Sarah. Main complaints:
1. Three unresolved P2 tickets over 2 months
2. Missing API documentation for their custom integration
3. No dedicated account manager assigned

We need an action plan within 24 hours.",False,Neither,,True,,,,Urgent escalation with churn risk + CEO involvement → Important
6f980765-822f-407e-8138-0dee19fa52f9,⚠️ GlobalTech Solutions — Churn Risk Escalation,Group,Customer Support,True,False,531ebc1b-59b8-4da7-a1c0-32383df63c7e,1,michaelchen,"I had no idea this was escalating. Maria, why wasn't I looped in earlier?",False,Neither,,True,,,,Question — process accountability
6f980765-822f-407e-8138-0dee19fa52f9,⚠️ GlobalTech Solutions — Churn Risk Escalation,Group,Customer Support,True,False,84201b2f-21fb-499f-96df-ebf1cef45397,2,mariasantos,The individual tickets didn't seem severe enough to escalate. But the pattern is the problem — three unresolved issues compounded. My mistake — I should have flagged the trend.,False,Neither,,False,,,,Informational — accountability
6f980765-822f-407e-8138-0dee19fa52f9,⚠️ GlobalTech Solutions — Churn Risk Escalation,Group,Customer Support,True,False,8ba4503e-2799-4ebb-9478-dcdcc365a0ab,3,derekjohnson,"The three tickets are legitimate. Two are feature limitations in our export API, and one is a documentation gap. The export issues need engineering work — we can't solve them on the support side.",False,Neither,,False,,,,Status context — informational
6f980765-822f-407e-8138-0dee19fa52f9,⚠️ GlobalTech Solutions — Churn Risk Escalation,Group,Customer Support,True,True,29811e5c-5002-4017-9f64-7f70c6cd5bfd,4,alexkumar,"OK, I'll get the export API issues prioritized. @Derek, can you send me the ticket details with repro steps? I'll assign an engineer today.",True,RfA,Action Request,True,Explicit,derekjohnson,,Action request via @mention during escalation → Important
6f980765-822f-407e-8138-0dee19fa52f9,⚠️ GlobalTech Solutions — Churn Risk Escalation,Group,Customer Support,True,True,3e99f322-aaa6-43dd-b759-f3b6a8377ca1,5,michaelchen,"@Maria, I need you to draft a recovery plan for GlobalTech. Include: 1) Timeline for resolving all three issues, 2) Proposal for a dedicated account manager, 3) A goodwill offer — maybe a quarter of free premium support.",True,RfA,Delegation,True,Explicit,mariasantos,,Delegation via @mention with specific deliverables → Important
6f980765-822f-407e-8138-0dee19fa52f9,⚠️ GlobalTech Solutions — Churn Risk Escalation,Group,Customer Support,True,True,0bb9ec74-d394-4b51-b0e6-9b14c9e10689,6,mariasantos,I'll have the draft ready by end of day tomorrow.,False,Neither,,False,,,,Commitment
6f980765-822f-407e-8138-0dee19fa52f9,⚠️ GlobalTech Solutions — Churn Risk Escalation,Group,Customer Support,True,True,af273fec-ccba-425c-b124-d47aed840a9f,7,amandafoster,"Quick note — if we're offering free premium support, I'll need to review the contract amendment. Their current agreement has specific SLA terms we can't override unilaterally. @Maria, please send me the current contract so I can check.",True,RfA,Action Request,False,Explicit,mariasantos,,Action request via @mention — legal review needed
6f980765-822f-407e-8138-0dee19fa52f9,⚠️ GlobalTech Solutions — Churn Risk Escalation,Group,Customer Support,True,False,64164055-79e9-4812-a10a-c2bc2f820fc9,8,mariasantos,Sending it now.,False,Neither,,False,,,,Commitment
6f980765-822f-407e-8138-0dee19fa52f9,⚠️ GlobalTech Solutions — Churn Risk Escalation,Group,Customer Support,True,False,3a28ef4b-db36-4119-b31b-153504068109,9,michaelchen,Thanks everyone. Let's regroup tomorrow at 4 PM with the action plan. I'll schedule the meeting.,False,Neither,,False,,,self_initiated_scheduling,Self-scheduled meeting — sender's own action
6f980765-822f-407e-8138-0dee19fa52f9,⚠️ GlobalTech Solutions — Churn Risk Escalation,Group,Customer Support,True,False,6f27beec-aacf-4c2b-a453-88d58081fb37,10,derekjohnson,Ticket details sent to Alex. All three with full repro steps.,False,Neither,,False,,,,Completion report
84256619-a5e8-4096-8eea-b4c77f7ceb03,🔒 SECURITY: Potential Data Exposure Incident,Group,Legal,True,False,faf6e2e4-fa0e-475c-b9b8-9b8a3b5eac4d,0,jameswilson,"SECURITY ALERT: During routine log review, I found that a misconfigured S3 bucket exposed customer project names and email addresses for approximately 6 hours yesterday. The bucket is now secured. Impact assessment in progress.",False,Neither,,True,,,,Security incident notification — Important. Data exposure.
84256619-a5e8-4096-8eea-b4c77f7ceb03,🔒 SECURITY: Potential Data Exposure Incident,Group,Legal,True,False,b9f093c0-9ccf-4196-838c-1613c97624a8,1,amandafoster,"This is a potential GDPR/CCPA incident. James, how many customers were affected and what data was exposed?",False,Neither,,True,,,,Urgent question about breach scope → Important
84256619-a5e8-4096-8eea-b4c77f7ceb03,🔒 SECURITY: Potential Data Exposure Incident,Group,Legal,True,False,4df8148d-c330-42c3-b36d-935df2dac0c5,2,jameswilson,"Based on the access logs, 247 customer accounts were in the exposed bucket. Data included: project names, user email addresses, and team names. No passwords, payment data, or file contents were exposed.",False,Neither,,True,,,,Breach scope details — Important context
84256619-a5e8-4096-8eea-b4c77f7ceb03,🔒 SECURITY: Potential Data Exposure Incident,Group,Legal,True,True,ee06fe63-3c7b-45ab-9f2a-2ce18fede7ba,3,amandafoster,"OK. We need to assess whether this triggers notification requirements. Under GDPR, we have 72 hours from discovery. @David, can you confirm this has been fully contained and there's no ongoing exposure?",True,RfK,Confirmation / Permission,True,Explicit,davidpark,,Confirmation request during security incident → Important
84256619-a5e8-4096-8eea-b4c77f7ceb03,🔒 SECURITY: Potential Data Exposure Incident,Group,Legal,True,True,5456bd3c-f1b3-449e-98bd-fe40b84f833a,4,davidpark,Confirmed contained. James fixed the bucket permissions last night and I verified the fix this morning. We've also audited all other S3 buckets — no similar misconfigurations.,False,Neither,,False,,,,Confirmation — informational
84256619-a5e8-4096-8eea-b4c77f7ceb03,🔒 SECURITY: Potential Data Exposure Incident,Group,Legal,True,True,463267ab-7658-4b50-9ddc-a16c63144d11,5,amandafoster,"@James, I need the complete access log from the exposure window. We need to determine if anyone actually accessed the data, or if it was just theoretically exposed.",True,RfA,Action Request,True,Explicit,jameswilson,,Action request via @mention — evidence gathering → Important
84256619-a5e8-4096-8eea-b4c77f7ceb03,🔒 SECURITY: Potential Data Exposure Incident,Group,Legal,True,True,35473f9c-f0ad-4f40-88ec-5e423184ebbc,6,jameswilson,Pulling the logs now. Preliminary check shows 3 external IP addresses accessed the bucket during the window. Analyzing whether they accessed customer data or just the bucket listing.,False,Neither,,True,,,,Concerning finding during investigation → Important
84256619-a5e8-4096-8eea-b4c77f7ceb03,🔒 SECURITY: Potential Data Exposure Incident,Group,Legal,True,True,cd9644ce-47d3-48b5-81ff-dfba2f89bca7,7,amandafoster,"@Danielle, we may need to notify affected customers. Can you prepare a draft notification email? Use the incident response template but customize for this type of exposure.",True,RfA,Action Request,True,Explicit,daniellewright,,Action request via @mention — customer notification prep → Important
84256619-a5e8-4096-8eea-b4c77f7ceb03,🔒 SECURITY: Potential Data Exposure Incident,Group,Legal,True,False,cdd1a0d3-4f58-4364-a742-78cf308e2a31,8,daniellewright,I'll draft it immediately. Do we need to notify the DPA as well?,False,Neither,,True,,,,Regulatory question during incident → Important
84256619-a5e8-4096-8eea-b4c77f7ceb03,🔒 SECURITY: Potential Data Exposure Incident,Group,Legal,True,False,df4f9890-c373-465e-b434-4d16028b7880,9,amandafoster,"Potentially. Let's wait for James's access log analysis. If the 3 external IPs actually accessed customer data, we have a reportable incident. If they only accessed the bucket listing without customer data, we have more discretion. Either way, I'm starting the 72-hour clock from yesterday 6 PM when James discovered it.",False,Neither,,True,,,,Legal guidance during incident — Important context
84256619-a5e8-4096-8eea-b4c77f7ceb03,🔒 SECURITY: Potential Data Exposure Incident,Group,Legal,True,False,2df86f49-5c97-4ba3-a64d-2272d0f1a8ed,10,davidpark,What preventive measures should we implement immediately? I don't want a repeat.,False,Neither,,True,,,,Question to the group about prevention → Important
84256619-a5e8-4096-8eea-b4c77f7ceb03,🔒 SECURITY: Potential Data Exposure Incident,Group,Legal,True,False,eebf85ed-4220-4a7d-ab4d-80ed7f22cfb1,11,jameswilson,"I'm recommending: 1) Automated S3 policy scanning in CI/CD, 2) CloudTrail alerts for any public bucket creation, 3) Quarterly access review of all cloud storage. I'll implement 1 and 2 today.",False,Neither,,False,,,,Recommendation + commitment — informational
84256619-a5e8-4096-8eea-b4c77f7ceb03,🔒 SECURITY: Potential Data Exposure Incident,Group,Legal,True,False,c0271c36-3162-4e71-85d9-9b4006ce4208,12,amandafoster,Good. Everyone please treat this as confidential until we've completed the assessment and made notification decisions. No external communication until I clear it.,False,Neither,,False,,,,"Direction — guidance, not a specific task"
ac852d85-00b3-4d08-b09e-377600b88edd,Spring Hackathon Planning 🚀,Group,Engineering,True,False,7c0c67f7-9a43-4a45-b5d6-71b7ac2b231b,0,alexkumar,Hey team! I'm organizing the spring hackathon for the engineering team. Thinking April 18-19 (Friday-Saturday). Who's in? 🎉,False,Neither,,False,,,,RSVP request to group
ac852d85-00b3-4d08-b09e-377600b88edd,Spring Hackathon Planning 🚀,Group,Engineering,True,False,ba0a402d-9647-44f5-b491-07c705577347,1,priyasharma,I'm in! Already have a project idea — AI-powered code review bot. 🤖,False,Neither,,False,,,,Social / RSVP response — no task
ac852d85-00b3-4d08-b09e-377600b88edd,Spring Hackathon Planning 🚀,Group,Engineering,True,False,d572ce78-e35d-458d-9239-363094af5ec6,2,ninacosta,Count me in. Can we invite the support team too? Derek has some great ideas for automating ticket triage.,False,Neither,,False,,,,Permission request — expand scope?
ac852d85-00b3-4d08-b09e-377600b88edd,Spring Hackathon Planning 🚀,Group,Engineering,True,False,acca1ead-2834-400c-b638-326b96a4226e,3,alexkumar,"Great idea — let's make it cross-functional. @Lisa, can you help with logistics? We'll need the large conference room for 2 days, snacks, and maybe dinner on Friday night.",False,Neither,,False,,,,Action request via @mention — event logistics
ac852d85-00b3-4d08-b09e-377600b88edd,Spring Hackathon Planning 🚀,Group,Engineering,True,False,a47d6f9a-6c84-4c02-86df-9491df51ee8d,4,lisanakamura,Happy to help! I'll reserve the Cascade Room for both days and order catering. How many people are we expecting?,False,Neither,,False,,,,Logistics question
ac852d85-00b3-4d08-b09e-377600b88edd,Spring Hackathon Planning 🚀,Group,Engineering,True,False,8bbb3ce3-496d-4ba5-b3b1-83d89d9ac2ce,5,alexkumar,Probably 15-20 people if we open it up. Let's plan for 20 to be safe.,False,Neither,,False,,,,Answer — informational
ac852d85-00b3-4d08-b09e-377600b88edd,Spring Hackathon Planning 🚀,Group,Engineering,True,True,608b2b50-fc9b-4462-b7dc-7a39f23d4b79,6,priyasharma,Should we have a theme this year or keep it open?,True,RfK,Decision Request,False,Broadcast,,,Decision request to group
ac852d85-00b3-4d08-b09e-377600b88edd,Spring Hackathon Planning 🚀,Group,Engineering,True,True,440d25ee-9911-4b76-9812-249968c4743c,7,alexkumar,Let's keep it open but add a 'customer impact' bonus category — projects that could directly improve customer experience get extra points.,False,Neither,,False,,,,Decision response — informational
ac852d85-00b3-4d08-b09e-377600b88edd,Spring Hackathon Planning 🚀,Group,Engineering,True,True,3dcf71b1-b8a1-4a06-bca1-dfc4811aeedc,8,ninacosta,Love it. I'll draft the registration form and share it by Friday. 📝,False,Neither,,False,,,,Commitment
ac852d85-00b3-4d08-b09e-377600b88edd,Spring Hackathon Planning 🚀,Group,Engineering,True,False,cd6952a4-5608-4b63-b20d-030d9dc7789d,9,lisanakamura,Conference room is booked. Catering ordered for 20. 🍕🍔,False,Neither,,False,,,,Completion report
ac852d85-00b3-4d08-b09e-377600b88edd,Spring Hackathon Planning 🚀,Group,Engineering,True,False,dc451eae-e23f-4729-8999-b6372974a9fa,10,alexkumar,You're the best Lisa! This is going to be fun. 🚀,False,Neither,,False,,,,Social / praise — no task
b3172ab0-ba68-4001-b2f8-8c9a983c6a5b,New Hire Onboarding — Starting April 7,Group,Human Resources,True,True,4ca610b4-b20e-4404-82f9-ca1cb1b6c74d,0,daniellewright,"Heads up — we have 2 new engineers starting on April 7. @Alex, can you prepare their onboarding plan, team assignments, and buddy pairings? @Lisa, please make sure their laptops, badges, and desk setups are ready.",True,RfA,Delegation,False,Explicit,alexkumar|lisanakamura,,Multi-assignee delegation via @mentions
b3172ab0-ba68-4001-b2f8-8c9a983c6a5b,New Hire Onboarding — Starting April 7,Group,Human Resources,True,False,7af5f712-4b79-4a5b-ac91-7c435b6bca95,1,alexkumar,"I'll have the onboarding plan ready by April 3. Quick question — are both backend engineers, or is one the ML engineer?",False,Neither,,False,,,,Clarifying question to Danielle
b3172ab0-ba68-4001-b2f8-8c9a983c6a5b,New Hire Onboarding — Starting April 7,Group,Human Resources,True,False,e8f3e5ba-c0f8-4b1d-bbb1-2e5c76a24805,2,daniellewright,Both are backend engineers. The ML role is still in final rounds.,False,Neither,,False,,,,Informational response
b3172ab0-ba68-4001-b2f8-8c9a983c6a5b,New Hire Onboarding — Starting April 7,Group,Human Resources,True,True,71ed5a7b-ee5d-4b79-83a0-66d0361ea1ab,3,lisanakamura,Laptops are ordered and expected to arrive April 2. I'll have their desk area set up in the engineering section. Do they have any accessibility requirements?,True,RfK,Question,False,Implicit,daniellewright,,Question about accommodations
b3172ab0-ba68-4001-b2f8-8c9a983c6a5b,New Hire Onboarding — Starting April 7,Group,Human Resources,True,False,cdb63296-9ad8-4fa5-b66d-6f9027036c8e,4,daniellewright,No specific accessibility needs flagged in their intake forms. Standard setup should be fine.,False,Neither,,False,,,,Informational response
b3172ab0-ba68-4001-b2f8-8c9a983c6a5b,New Hire Onboarding — Starting April 7,Group,Human Resources,True,False,0d976019-784e-41c2-a838-c62f5aab58d1,5,alexkumar,I'm thinking of pairing them with Priya and James as onboarding buddies. They'll cover both the codebase orientation and the DevOps workflow.,False,Neither,,False,,,,Planning statement — informational
b3172ab0-ba68-4001-b2f8-8c9a983c6a5b,New Hire Onboarding — Starting April 7,Group,Human Resources,True,False,6ecb55c9-a73b-459b-a129-7a09a6fac888,6,daniellewright,That sounds great. Please make sure they also complete the security awareness training in their first week — it's mandatory for SOC 2 compliance.,False,Neither,,False,,,,Action request — ensure training completion
b3172ab0-ba68-4001-b2f8-8c9a983c6a5b,New Hire Onboarding — Starting April 7,Group,Human Resources,True,False,aa723815-3ecb-4f02-be11-8f35401f4d6e,7,alexkumar,Noted — I'll add it to the onboarding checklist.,False,Neither,,False,,,,Acknowledgment
b3172ab0-ba68-4001-b2f8-8c9a983c6a5b,New Hire Onboarding — Starting April 7,Group,Human Resources,True,False,2a66df60-0b65-49e4-b5bc-d3222b914f1d,8,lisanakamura,"All set on my end. Welcome kit, badge, parking pass, and desk setup will be ready by April 4.",False,Neither,,False,,,,Commitment / status
70492afc-36c1-414f-9f6f-40297ff71803,Observability Vendor Evaluation — Datadog vs New Relic,Group,Engineering,True,False,4c742764-e46c-4687-827a-ba25076462df,0,davidpark,"Team, we need to finalize the observability vendor decision by end of month. I've narrowed it to Datadog and New Relic. Kevin, what are the cost comparisons?",False,Neither,,False,,,,Question directed at Kevin by name
70492afc-36c1-414f-9f6f-40297ff71803,Observability Vendor Evaluation — Datadog vs New Relic,Group,Engineering,True,False,2f8c8d8d-f1ac-4d6b-9ba2-d971005b7a21,1,kevinzhang,"Datadog: $350K/year for enterprise plan. New Relic: $280K/year but with a more limited feature set. Datadog includes APM, log management, and infrastructure monitoring. New Relic's APM is included but log management is add-on at $60K.",False,Neither,,False,,,,Informational — cost analysis
70492afc-36c1-414f-9f6f-40297ff71803,Observability Vendor Evaluation — Datadog vs New Relic,Group,Engineering,True,False,0c5fa058-b9a1-48f8-9777-8a643a4c1e5a,2,davidpark,"So all-in, Datadog is $350K vs New Relic at $340K if we add logs. Not a significant price difference. @Lisa, did the vendor references check out?",False,Neither,,False,,,,Question via @mention
70492afc-36c1-414f-9f6f-40297ff71803,Observability Vendor Evaluation — Datadog vs New Relic,Group,Engineering,True,False,2e85f2b9-a12f-4e1e-8384-9db724fe84e0,3,lisanakamura,I spoke with 3 references for each. Datadog got higher marks for reliability and support responsiveness. New Relic references mentioned occasional billing surprises with the consumption-based model.,False,Neither,,False,,,,Informational — reference check results
70492afc-36c1-414f-9f6f-40297ff71803,Observability Vendor Evaluation — Datadog vs New Relic,Group,Engineering,True,True,53527947-fc06-4c3f-9f89-f9d890446ed3,4,davidpark,"That's helpful. I'm leaning Datadog based on completeness and reliability. Kevin, can you prepare the final cost model with 3-year terms? I want to negotiate a multi-year discount.",True,RfA,Action Request,False,Implicit,kevinzhang,,Action request — financial modeling
70492afc-36c1-414f-9f6f-40297ff71803,Observability Vendor Evaluation — Datadog vs New Relic,Group,Engineering,True,True,75cb292a-21ca-422c-8307-7a06ad010739,5,kevinzhang,I'll have it ready by Wednesday. Should I model the 3-year TCO with a 15% discount assumption?,True,RfK,Question,False,Implicit,davidpark,,Clarifying question on parameters
70492afc-36c1-414f-9f6f-40297ff71803,Observability Vendor Evaluation — Datadog vs New Relic,Group,Engineering,True,True,802c82fc-80d4-444f-a73a-054bc08065a0,6,davidpark,"Model at 10%, 15%, and 20% so we have negotiating room. @Lisa, please schedule a final vendor call with Datadog for next week to discuss enterprise terms.",True,RfA,Scheduling,False,Explicit,lisanakamura,,Scheduling action via @mention
70492afc-36c1-414f-9f6f-40297ff71803,Observability Vendor Evaluation — Datadog vs New Relic,Group,Engineering,True,False,392f563b-b506-4b4a-b75f-1126a009dc23,7,lisanakamura,I'll set it up for Tuesday or Wednesday. Any time preferences?,False,Neither,,False,,,,Scheduling follow-up question
70492afc-36c1-414f-9f6f-40297ff71803,Observability Vendor Evaluation — Datadog vs New Relic,Group,Engineering,True,False,62c36bb9-fa61-4173-84ee-9d5692d2be50,8,davidpark,Morning works best. Before noon Pacific.,False,Neither,,False,,,,Answer — informational
70492afc-36c1-414f-9f6f-40297ff71803,Observability Vendor Evaluation — Datadog vs New Relic,Group,Engineering,True,False,82ab1f91-53be-4fa2-b9bc-6fdc3fdb5a68,9,kevinzhang,"Once the cost model is done, should I present it to Rachel too? She'll need to sign off if it's over $300K annual.",False,Neither,,False,,,,Process question
70492afc-36c1-414f-9f6f-40297ff71803,Observability Vendor Evaluation — Datadog vs New Relic,Group,Engineering,True,False,bd7b5792-1f83-4333-83d6-b829fb323315,10,davidpark,"Yes, loop Rachel in. She'll want to see the ROI case too — reduced MTTR and developer productivity gains. I can help with that narrative.",False,Neither,,False,,,,Direction — informational
33979d7d-6c81-4e62-83de-53c5c8cc7b19,Q2 OKR Planning — Leadership Alignment,Group,Executive,True,True,98183a5f-ed16-4bbb-8bfe-92be6ac40138,0,sarahmitchell,"Team, I want to finalize Q2 OKRs by end of this week. Each of you should submit your department's top 3 objectives with measurable KRs. Let's target no more than 12 company-level OKRs.",True,RfA,Action Request,True,Broadcast,,,Broadcast delegation to all leadership + strategic importance → Important
33979d7d-6c81-4e62-83de-53c5c8cc7b19,Q2 OKR Planning — Leadership Alignment,Group,Executive,True,False,fcff9a3c-9252-4ba0-8372-6ee77441951b,1,davidpark,"Engineering objectives: 1) Ship v4.2 with AI features on time, 2) Reduce production incident MTTR by 40%, 3) Complete SOC 2 remediation. I'll have the KRs detailed by Thursday.",False,Neither,,False,,,,Partial response + commitment
33979d7d-6c81-4e62-83de-53c5c8cc7b19,Q2 OKR Planning — Leadership Alignment,Group,Executive,True,False,11e344ac-183a-4f87-939b-3d3fc98d46d2,2,michaelchen,"Sales: 1) Close $8M in new ARR, 2) Achieve 90%+ net retention, 3) Land 3 enterprise logos above $500K. I need to sync with Sofia on the pipeline actuals to finalize the KRs.",False,Neither,,False,,,,Partial response + info
33979d7d-6c81-4e62-83de-53c5c8cc7b19,Q2 OKR Planning — Leadership Alignment,Group,Executive,True,False,a26cf043-4d33-4324-aded-856424a359af,3,racheltorres,"Finance: 1) Achieve quarterly operating margin of 15%, 2) Reduce SaaS tool spend by $200K, 3) Complete the audit with zero material findings.",False,Neither,,False,,,,Complete response — informational
33979d7d-6c81-4e62-83de-53c5c8cc7b19,Q2 OKR Planning — Leadership Alignment,Group,Executive,True,False,7900ed8d-9e47-4f3c-8b77-a71e403c5825,4,laurakim,"Marketing: 1) Generate 150 MQLs from the spring campaign, 2) Increase organic search traffic by 30%, 3) Launch customer advocacy program with 5 reference customers.",False,Neither,,False,,,,Complete response — informational
33979d7d-6c81-4e62-83de-53c5c8cc7b19,Q2 OKR Planning — Leadership Alignment,Group,Executive,True,False,4749e0cc-7fa4-4870-8565-049664904d8d,5,sarahmitchell,Good starting points. I see potential overlap between David's SOC 2 objective and Rachel's audit objective. Should we combine those into a single company-level OKR?,False,Neither,,False,,,,Decision request to the group — organizational question
33979d7d-6c81-4e62-83de-53c5c8cc7b19,Q2 OKR Planning — Leadership Alignment,Group,Executive,True,False,c74b0229-c42f-498e-ac07-f4ba91276061,6,racheltorres,"I'd recommend keeping them separate. The SOC 2 remediation is engineering-owned work. The audit is a finance/legal accountability. Different owners, different timelines.",False,Neither,,False,,,,Input — informational
33979d7d-6c81-4e62-83de-53c5c8cc7b19,Q2 OKR Planning — Leadership Alignment,Group,Executive,True,False,ffef6c72-987e-4754-af40-4b2bb9d4ce61,7,davidpark,"Agree with Rachel. Different owners, but I'll coordinate with Kevin and Amanda to make sure the timelines are aligned.",False,Neither,,False,,,,Agreement — informational
33979d7d-6c81-4e62-83de-53c5c8cc7b19,Q2 OKR Planning — Leadership Alignment,Group,Executive,True,True,b466ecac-dd5a-47ce-b833-5c512b79f6db,8,sarahmitchell,"Fair point. Let's keep them separate. @Michael, your $8M target — is that consistent with the pipeline we reviewed last week? That felt aggressive given the Q1 shortfall.",True,RfK,Question,True,Explicit,michaelchen,,Question via @mention + revenue context → Important
33979d7d-6c81-4e62-83de-53c5c8cc7b19,Q2 OKR Planning — Leadership Alignment,Group,Executive,True,True,a77bd9c4-0495-46cd-99d9-b398cee7cb15,9,michaelchen,"It's a stretch but achievable if Contoso closes and we accelerate 2-3 mid-market deals. I'd rather aim high and add hiring as a dependency. If we don't get the 2 AEs, I'd revise down to $6.5M.",False,Neither,,False,,,,Assessment — informational
33979d7d-6c81-4e62-83de-53c5c8cc7b19,Q2 OKR Planning — Leadership Alignment,Group,Executive,True,True,7d9f4654-7a8f-49c2-8085-53e973939541,10,sarahmitchell,OK let's keep it at $8M with the AE hiring as a flagged dependency. Everyone — please send me your finalized OKR docs by Friday COB. I'll compile and share the draft company OKRs on Monday for a final review.,True,RfA,Action Request,True,Broadcast,,,Broadcast action request with deadline + strategic → Important
33979d7d-6c81-4e62-83de-53c5c8cc7b19,Q2 OKR Planning — Leadership Alignment,Group,Executive,True,False,8d58028d-5ff4-4360-a794-79343dc4f594,11,davidpark,Will do.,False,Neither,,False,,,,Acknowledgment
33979d7d-6c81-4e62-83de-53c5c8cc7b19,Q2 OKR Planning — Leadership Alignment,Group,Executive,True,False,470c4537-70ab-45a4-8a89-a5ab88dde3c8,12,racheltorres,Done — I already sent mine. 😄,False,Neither,,False,,,,Acknowledgment — already completed
33979d7d-6c81-4e62-83de-53c5c8cc7b19,Q2 OKR Planning — Leadership Alignment,Group,Executive,True,False,d0db60c0-3ffd-4f71-a060-987662c45a33,13,michaelchen,Friday works. I'll finalize with Sofia's numbers.,False,Neither,,False,,,,Commitment
33979d7d-6c81-4e62-83de-53c5c8cc7b19,Q2 OKR Planning — Leadership Alignment,Group,Executive,True,False,4fc23525-7f74-4ace-b07a-bd306f1d96c9,14,laurakim,Sending mine today.,False,Neither,,False,,,,Commitment
42983844-f474-41dc-9500-052d17a66ae0,Sprint 14 Retrospective Notes,Group,Engineering,True,False,c894ec99-15b0-42ad-b8a2-b143985d2f19,0,alexkumar,"Retro notes from Sprint 14. Adding here for the record.

What went well:
- API v3 migration shipped on schedule
- Connection pool fix handled well under pressure
- Nina's regression suite caught the dashboard bug before release

What needs improvement:
- Bug ENG-2847 sat unassigned for 5 days (auto-assignment was broken)
- Deployment validation needs gates
- Postmortem action items from Sprint 12 still open",False,Neither,,False,,,,"Meeting notes — informational, no task"
42983844-f474-41dc-9500-052d17a66ae0,Sprint 14 Retrospective Notes,Group,Engineering,True,True,0e51009a-a417-49b6-bb33-8aa33edb27f3,1,alexkumar,"Action items from retro:
1. @James — implement deployment validation gates in CI/CD by end of Sprint 15
2. @Priya — add connection pool monitoring dashboard by next week
3. @Nina — extend regression suite to cover multi-tenant scenarios",True,RfA,Delegation,False,Explicit,jameswilson|priyasharma|ninacosta,,Multi-assignee delegation via @mentions
42983844-f474-41dc-9500-052d17a66ae0,Sprint 14 Retrospective Notes,Group,Engineering,True,False,07b18cc1-304a-4b28-a829-a219c714ba4d,2,jameswilson,"On the deployment gates — should this block all deploys, or just production? I'm thinking we should start with staging gates first.",False,Neither,,False,,,,Decision question about scope
42983844-f474-41dc-9500-052d17a66ae0,Sprint 14 Retrospective Notes,Group,Engineering,True,False,5dc1265e-335e-4d76-9a58-800bf40d4f49,3,alexkumar,Start with production only. We can extend to staging later. Don't over-engineer it.,False,Neither,,False,,,,Decision response — informational
42983844-f474-41dc-9500-052d17a66ae0,Sprint 14 Retrospective Notes,Group,Engineering,True,True,1abe945a-1209-4c2e-a99e-05fb3d46ffe6,4,priyasharma,For the monitoring dashboard — should I build on the existing Grafana setup or use the new Datadog instance once it's live?,True,RfK,Decision Request,False,Implicit,alexkumar,,Technical decision question
42983844-f474-41dc-9500-052d17a66ae0,Sprint 14 Retrospective Notes,Group,Engineering,True,True,6dc6225a-392f-4ea5-94ea-13dfa9aa03e1,5,alexkumar,Use Grafana for now. Datadog decision isn't finalized yet. We can migrate later.,False,Neither,,False,,,,Decision response — informational
42983844-f474-41dc-9500-052d17a66ae0,Sprint 14 Retrospective Notes,Group,Engineering,True,False,aef13732-33e0-4c69-8232-8cb88e4a41b5,6,ninacosta,Multi-tenant regression suite is going to be a bigger effort than expected. I'll need at least 2 weeks. Can I push to Sprint 16?,False,Neither,,False,,,,Permission request — timeline change
42983844-f474-41dc-9500-052d17a66ae0,Sprint 14 Retrospective Notes,Group,Engineering,True,False,6fc0e089-71fe-445c-b38d-02f69a2b85ff,7,alexkumar,That's fine. Get it right rather than rushing it.,False,Neither,,False,,,,Approval — informational
42983844-f474-41dc-9500-052d17a66ae0,Sprint 14 Retrospective Notes,Group,Engineering,True,False,ab678e7b-41f4-4516-94f6-d1a6ca0c6246,8,priyasharma,Also — shouldn't we do something about the postmortem action items from Sprint 12? Those have been open for 4 sprints now. 🤦,False,Neither,,False,,,follow_up_on_stale_items,Question raising concern about stale actions
42983844-f474-41dc-9500-052d17a66ae0,Sprint 14 Retrospective Notes,Group,Engineering,True,False,cd0097c7-ffd3-4d4f-a36a-a77e6fe4fe12,9,alexkumar,"Good call. I'll review them tomorrow and either close or reassign. If they've been open this long, some are probably no longer relevant.",False,Neither,,False,,,,Commitment
42983844-f474-41dc-9500-052d17a66ae0,Sprint 14 Retrospective Notes,Group,Engineering,True,False,c980c8b3-4eb3-43af-8915-da4c12547508,10,jameswilson,Isn't that always the way with retro action items? 😅,False,Neither,,False,,,rhetorical_question,Rhetorical / humor — no task
42983844-f474-41dc-9500-052d17a66ae0,Sprint 14 Retrospective Notes,Group,Engineering,True,False,1248ef89-9b3a-4d38-80cd-f2119d4480c8,11,ninacosta,Harsh but fair 😂,False,Neither,,False,,,,Social response — no task
1f20f8db-fc2f-4d36-938f-24fd9b87c9b1,Team Social — Lunch & Weekend Plans,Group,Cross-functional,False,False,7472751e-706a-4668-8b77-e51526b6410d,0,priyasharma,Who's up for lunch today? Thinking about trying that new Thai place on 3rd Street. 🍜,False,Neither,,False,,,,RSVP request to the group
1f20f8db-fc2f-4d36-938f-24fd9b87c9b1,Team Social — Lunch & Weekend Plans,Group,Cross-functional,False,False,390b9d5f-121f-4006-b6e4-53e2a07a1c44,1,sofiarodriguez,I'm in! I've been wanting to try that place. What time?,False,Neither,,False,,,,RSVP + time question
1f20f8db-fc2f-4d36-938f-24fd9b87c9b1,Team Social — Lunch & Weekend Plans,Group,Cross-functional,False,False,39e0da59-928f-4608-9702-313ea0905ccd,2,chrisevans,Count me in. 12:30 work for everyone?,False,Neither,,False,,,,Time confirmation request to group
1f20f8db-fc2f-4d36-938f-24fd9b87c9b1,Team Social — Lunch & Weekend Plans,Group,Cross-functional,False,False,3886a82e-5b1b-4a78-ad4e-a0062d470913,3,ninacosta,I'm stuck in the regression suite today 😩 Going to have to grab something at my desk. Save me some pad thai! 🙏,False,Neither,,False,,,,Social / declining invitation — no task
1f20f8db-fc2f-4d36-938f-24fd9b87c9b1,Team Social — Lunch & Weekend Plans,Group,Cross-functional,False,False,f6353d1b-2dff-412b-9a3c-f3138c50caaf,4,priyasharma,"Aw, next time Nina! 12:30 works for me. Sofia?",False,Neither,,False,,,,Confirmation request directed at Sofia by name
1f20f8db-fc2f-4d36-938f-24fd9b87c9b1,Team Social — Lunch & Weekend Plans,Group,Cross-functional,False,False,3e4753c7-a489-476d-9c9a-1bd8456167ab,5,sofiarodriguez,12:30 is perfect. See you all in the lobby!,False,Neither,,False,,,,Confirmation — no task
1f20f8db-fc2f-4d36-938f-24fd9b87c9b1,Team Social — Lunch & Weekend Plans,Group,Cross-functional,False,False,350ef23e-5340-4566-9a4d-ed34d11fbe4a,6,chrisevans,Anyone doing anything fun this weekend? I'm thinking about checking out the new exhibit at the art museum.,False,Neither,,False,,,social_no_task,Social conversation — no task
1f20f8db-fc2f-4d36-938f-24fd9b87c9b1,Team Social — Lunch & Weekend Plans,Group,Cross-functional,False,False,47f7ac38-1680-4051-b247-001d4d6b41bf,7,priyasharma,"I'm doing a hiking trail in the Olympics. If anyone wants to join, feel free!",False,Neither,,False,,,optional_invitation,Optional invitation — no task
1f20f8db-fc2f-4d36-938f-24fd9b87c9b1,Team Social — Lunch & Weekend Plans,Group,Cross-functional,False,False,30c0f396-574f-4f0a-a466-46c44ad47fd7,8,sofiarodriguez,That sounds amazing! I might take you up on that. Let me check with my partner and get back to you.,False,Neither,,False,,,,"Social — non-committal response, no task"
1f20f8db-fc2f-4d36-938f-24fd9b87c9b1,Team Social — Lunch & Weekend Plans,Group,Cross-functional,False,False,861debc1-3ec5-498e-b086-1bb4d78e5164,9,ninacosta,Jealous of all of you. I'll be debugging in my pajamas 😂,False,Neither,,False,,,,Social / humor — no task
1f20f8db-fc2f-4d36-938f-24fd9b87c9b1,Team Social — Lunch & Weekend Plans,Group,Cross-functional,False,False,c0fd6948-60bb-4a5c-9c35-4587d3d12a04,10,chrisevans,Happy Friday everyone! 🎉,False,Neither,,False,,,,Social / phatic — no task
41f84fdf-8c45-43ef-b723-3270a45a20bf,Sprint 15 Planning,Meeting,Engineering,True,False,f1c8d22e-27b4-4062-bacf-302ab448b211,0,alexkumar,"Sharing the Sprint 15 backlog priorities in chat since the screen share isn't working for everyone.

1. AI resource allocation prototype (Priya)
2. Deployment validation gates (James)
3. Multi-tenant regression suite (Nina)
4. CDN monitoring improvements (James)",False,Neither,,False,,,,Meeting notes — informational
41f84fdf-8c45-43ef-b723-3270a45a20bf,Sprint 15 Planning,Meeting,Engineering,True,False,99b205d3-6e13-4492-aae4-f7ff6641bec9,1,davidpark,"The AI prototype is top priority. @Priya, are you comfortable committing to a demo-ready version by end of sprint?",False,Neither,,False,,,,Confirmation request via @mention during meeting
41f84fdf-8c45-43ef-b723-3270a45a20bf,Sprint 15 Planning,Meeting,Engineering,True,False,b925fe3b-e61b-4e3e-b7d1-58cd8398e015,2,priyasharma,"Yes, demo-ready for internal review. Not production-ready though — I'll need an additional sprint for hardening and tests.",False,Neither,,False,,,,Confirmation — informational
41f84fdf-8c45-43ef-b723-3270a45a20bf,Sprint 15 Planning,Meeting,Engineering,True,False,779be70d-ddf0-4465-b2a3-f2da729feb45,3,alexkumar,"@James, the deployment gates — can you estimate the effort? I want to make sure it doesn't conflict with the CDN work.",False,Neither,,False,,,,Estimation question via @mention
41f84fdf-8c45-43ef-b723-3270a45a20bf,Sprint 15 Planning,Meeting,Engineering,True,False,c678ee81-c611-4fc4-be97-40df8d5ced36,4,jameswilson,Deployment gates: 3-4 days. CDN monitoring: 2 days. I can fit both in the sprint with a day of buffer.,False,Neither,,False,,,,Estimation — informational
41f84fdf-8c45-43ef-b723-3270a45a20bf,Sprint 15 Planning,Meeting,Engineering,True,False,4e79b57d-c42c-4c21-9049-b255d6ae5a75,5,ninacosta,"Quick flag — the multi-tenant regression suite has a dependency on a test environment that Lisa's team is setting up. If the environment isn't ready by mid-sprint, I'll be blocked.",False,Neither,,True,,,dependency_risk_flag,Dependency risk — Important because it could block sprint delivery
41f84fdf-8c45-43ef-b723-3270a45a20bf,Sprint 15 Planning,Meeting,Engineering,True,True,8ea46cc8-6f14-459c-b93d-77330ef9e36b,6,alexkumar,"Good callout. @James, can you check with Lisa on the test environment timeline?",True,RfA,Action Request,False,Explicit,jameswilson,,Action request via @mention
41f84fdf-8c45-43ef-b723-3270a45a20bf,Sprint 15 Planning,Meeting,Engineering,True,True,c24e26d6-1a95-4848-a27d-6458ba203dac,7,jameswilson,I'll follow up with her today.,False,Neither,,False,,,,Commitment
41f84fdf-8c45-43ef-b723-3270a45a20bf,Sprint 15 Planning,Meeting,Engineering,True,True,c82a4440-c6da-442b-95cc-f9f4cad79893,8,davidpark,"Looks like a solid plan. Alex, please send the finalized sprint scope to the team by EOD with story point allocations.",True,RfA,Action Request,False,Implicit,alexkumar,,Action request directed at Alex by name
41f84fdf-8c45-43ef-b723-3270a45a20bf,Sprint 15 Planning,Meeting,Engineering,True,False,930b412d-f5f0-4431-a03a-c549a72128ae,9,alexkumar,Will do. I'll update Jira and send the summary.,False,Neither,,False,,,,Commitment
79e36383-578b-4395-a561-c31ebeccad0a,Q1 QBR — Sales & Revenue Review,Meeting,Sales,True,False,0e6f4f47-4a37-4de5-b954-1f01fb7269cc,0,michaelchen,Sharing the pipeline summary in chat for reference. Total Q1 pipeline: $5.3M. Closed-won: $1.8M. Win rate: 34%.,False,Neither,,False,,,,Meeting context — informational
79e36383-578b-4395-a561-c31ebeccad0a,Q1 QBR — Sales & Revenue Review,Meeting,Sales,True,False,b7f53fa9-23d4-4581-9041-f64bbae5f8ba,1,sarahmitchell,"34% win rate is below our 40% target. @Michael, what's driving the conversion gap?",False,Neither,,True,,,,Question via @mention + revenue performance → Important
79e36383-578b-4395-a561-c31ebeccad0a,Q1 QBR — Sales & Revenue Review,Meeting,Sales,True,False,19d31cdf-0385-4f0d-a35a-c363d00e62c4,2,michaelchen,"Two main factors: 1) Longer sales cycles in enterprise segment (avg 120 days vs 90 days last year), 2) Competitive pressure from Monday.com and Asana in the mid-market.",False,Neither,,False,,,,Analysis — informational
79e36383-578b-4395-a561-c31ebeccad0a,Q1 QBR — Sales & Revenue Review,Meeting,Sales,True,False,6f392e72-87b8-4442-aba3-9603ca2cff92,3,racheltorres,The longer cycle is pushing revenue into Q2 but it's not lost revenue. The real concern is win rate in mid-market where we're losing on price.,False,Neither,,True,,,,Financial analysis — Important context about revenue risk
79e36383-578b-4395-a561-c31ebeccad0a,Q1 QBR — Sales & Revenue Review,Meeting,Sales,True,True,28a0b75f-76d6-4e8f-b7f7-c03db3d0faf0,4,sofiarodriguez,"Dropping a link to the competitive loss analysis in chat. We lost 6 deals to Monday.com specifically on the analytics feature gap. Once v4.2 ships, that changes.",False,Neither,,False,,,,Reference material — informational
79e36383-578b-4395-a561-c31ebeccad0a,Q1 QBR — Sales & Revenue Review,Meeting,Sales,True,True,336a0c0f-d628-43b4-86e5-7e01f2175d64,5,sarahmitchell,"@Sofia, can you put together a competitive win-back plan for those 6 lost deals? If v4.2 addresses their concerns, we should re-engage.",True,RfA,Action Request,True,Explicit,sofiarodriguez,,Action request via @mention + revenue recovery → Important
79e36383-578b-4395-a561-c31ebeccad0a,Q1 QBR — Sales & Revenue Review,Meeting,Sales,True,False,c6d54a8b-527c-4780-a43b-fde9d2de9bc7,6,sofiarodriguez,Great idea. I'll draft the win-back approach and target re-engaging within 2 weeks of v4.2 launch.,False,Neither,,False,,,,Commitment
79e36383-578b-4395-a561-c31ebeccad0a,Q1 QBR — Sales & Revenue Review,Meeting,Sales,True,True,860ded25-31e0-4e7a-828b-b24216ff8ffb,7,michaelchen,"Rachel, the pricing concern — should we consider a mid-market pricing tier? We're priced for enterprise but trying to compete in mid-market without a price point advantage.",True,RfK,Decision Request,True,Implicit,racheltorres,,Strategic pricing question — Important for revenue strategy
79e36383-578b-4395-a561-c31ebeccad0a,Q1 QBR — Sales & Revenue Review,Meeting,Sales,True,True,4103bc59-6a63-4f46-979b-07ae5b44b5b9,8,sarahmitchell,"That's a bigger discussion. Let's schedule a separate pricing strategy session. @Rachel, can you pull the margin analysis for a potential mid-market tier?",True,RfA,Action Request,False,Explicit,racheltorres,,Action request via @mention
79e36383-578b-4395-a561-c31ebeccad0a,Q1 QBR — Sales & Revenue Review,Meeting,Sales,True,False,43d9d791-ea49-4681-b1b7-6838fe3d7f34,9,racheltorres,I'll model it out. Target: have the analysis ready for a pricing discussion in 2 weeks.,False,Neither,,False,,,,Commitment
79e36383-578b-4395-a561-c31ebeccad0a,Q1 QBR — Sales & Revenue Review,Meeting,Sales,True,False,8bf837aa-1d43-4b7e-be7b-e8ab02522def,10,sarahmitchell,Good QBR everyone. Clear action items. Let's execute.,False,Neither,,False,,,,Closing — no task
f1194809-796f-4e7b-8d55-b4ca49191e0a,Board Deck Final Review — Dry Run,Meeting,Executive,True,False,19d19bda-6062-4dba-8611-1e2f174015a4,0,sarahmitchell,Good run-through everyone. A few things I want to tighten up before Thursday.,False,Neither,,False,,,,Direction setting — no specific task yet
f1194809-796f-4e7b-8d55-b4ca49191e0a,Board Deck Final Review — Dry Run,Meeting,Executive,True,True,6a0f448c-7109-4c2d-92e6-b4b9a4e9b652,1,sarahmitchell,"@David, your product slide has too much detail. The board doesn't need to see the Jira breakdown. Focus on: what shipped, what's coming, and the competitive moat. Can you simplify by tomorrow morning?",True,RfA,Action Request,True,Explicit,davidpark,,Action request via @mention + board deadline → Important
f1194809-796f-4e7b-8d55-b4ca49191e0a,Board Deck Final Review — Dry Run,Meeting,Executive,True,True,84da66d5-854b-41ec-afbc-86c54401e8e4,2,davidpark,"Fair feedback. I'll strip it down to 3 key slides: shipped features, AI roadmap, and market differentiation.",False,Neither,,False,,,,Commitment
f1194809-796f-4e7b-8d55-b4ca49191e0a,Board Deck Final Review — Dry Run,Meeting,Executive,True,True,6c208d34-f98e-476f-93dd-0cf18b6a3851,3,sarahmitchell,"@Rachel, the revenue bridge slide is strong but I want to add a 'path to profitability' appendix. Can you prepare that?",True,RfA,Action Request,True,Explicit,racheltorres,,Action request via @mention + board prep → Important
f1194809-796f-4e7b-8d55-b4ca49191e0a,Board Deck Final Review — Dry Run,Meeting,Executive,True,False,02c1031a-50a9-4051-a0b7-f62eae9743bf,4,racheltorres,"Already started. I'll include our runway projection, burn rate trend, and the inflection point where subscription revenue covers operating costs.",False,Neither,,False,,,,Commitment + detail
f1194809-796f-4e7b-8d55-b4ca49191e0a,Board Deck Final Review — Dry Run,Meeting,Executive,True,True,d3c009e8-a0f9-4ae6-8648-85d3e5b4c4c3,5,amandafoster,FYI — the board materials need to be distributed 48 hours before the meeting per the bylaws. That means everything finalized by Tuesday 6 PM.,False,Neither,,True,,,,Compliance deadline — Important context
f1194809-796f-4e7b-8d55-b4ca49191e0a,Board Deck Final Review — Dry Run,Meeting,Executive,True,True,defd90b7-c7b9-4539-90e8-e7584a2ea077,6,sarahmitchell,"Thanks for flagging that Amanda. So our hard deadline is Tuesday 6 PM, not Thursday. Everyone — adjusted timeline. @David and @Rachel, I need final slides by Tuesday noon so Amanda can compile and distribute.",True,RfA,Action Request,True,Explicit,davidpark|racheltorres,,Multi-assignee action request via @mentions + hard deadline → Important
f1194809-796f-4e7b-8d55-b4ca49191e0a,Board Deck Final Review — Dry Run,Meeting,Executive,True,False,fb304e2b-aeca-42ca-9acc-80ab03e5760c,7,davidpark,Tuesday noon. Got it.,False,Neither,,False,,,,Acknowledgment
f1194809-796f-4e7b-8d55-b4ca49191e0a,Board Deck Final Review — Dry Run,Meeting,Executive,True,False,fd5adf26-ba5b-4cc7-b22a-ad24f7ec503f,8,racheltorres,Will make it work.,False,Neither,,False,,,,Acknowledgment
f1194809-796f-4e7b-8d55-b4ca49191e0a,Board Deck Final Review — Dry Run,Meeting,Executive,True,False,f6c3c8d2-1c41-4dd9-8d76-f7442bff695f,9,amandafoster,I'll have the compilation and distribution done by Tuesday 3 PM. I'll also include the standard resolutions and consent agenda.,False,Neither,,False,,,,Commitment
f1194809-796f-4e7b-8d55-b4ca49191e0a,Board Deck Final Review — Dry Run,Meeting,Executive,True,False,b00389e7-bd62-42ab-a363-667caeea4d0b,10,sarahmitchell,Great team. Let's make this a strong board meeting. 💪,False,Neither,,False,,,,Social / motivational
1ce5fc8a-bd55-4e46-83c9-3539c0270dc6,Postmortem — API Gateway Incident (Jan 16),Meeting,Engineering,True,False,de0130c8-cda0-460e-bcf0-2ab13f1970d8,0,alexkumar,"Postmortem doc is in the shared drive. Sharing the action items in chat:

Root cause: Connection pool leak in cursor-based pagination (PR #847)
Impact: 22 minutes, ~15K users affected
Resolution: Emergency fix PR #852, deployed within 45 minutes of identification",False,Neither,,False,,,,Meeting notes — informational
1ce5fc8a-bd55-4e46-83c9-3539c0270dc6,Postmortem — API Gateway Incident (Jan 16),Meeting,Engineering,True,False,d0a82845-497a-4d09-a7cf-dbfaaa25f174,1,davidpark,Good analysis. The key question for me is: how did a PR with a connection leak pass code review?,False,Neither,,False,,,,Root cause question to the group
1ce5fc8a-bd55-4e46-83c9-3539c0270dc6,Postmortem — API Gateway Incident (Jan 16),Meeting,Engineering,True,False,eb696b13-0d38-4196-9397-3fb6ae440a2f,2,alexkumar,The connection handling was in a code path that wasn't covered by existing tests. The reviewer (me) didn't catch it because the leak only manifests under high concurrency with client disconnects — a scenario we didn't have a test for.,False,Neither,,False,,,,Informational — accountability
1ce5fc8a-bd55-4e46-83c9-3539c0270dc6,Postmortem — API Gateway Incident (Jan 16),Meeting,Engineering,True,False,6d68b3c6-0ac8-44e5-b4f3-cef792bccd3c,3,derekjohnson,"From the support side, we need better tooling to detect connection pool saturation earlier. My team saw the customer complaints 5 minutes before we got the automated alert.",False,Neither,,True,,,,Process gap identification — Important context
1ce5fc8a-bd55-4e46-83c9-3539c0270dc6,Postmortem — API Gateway Incident (Jan 16),Meeting,Engineering,True,True,8633db8a-1a32-4ea9-9283-aabd8c7825c8,4,davidpark,"Action items — I want these completed by end of Sprint 15:

1. @James — implement pre-deploy connection pool stress test in CI pipeline
2. @Alex — add mandatory connection lifecycle review to the PR checklist
3. @Derek — create a customer impact escalation runbook for production incidents",True,RfA,Delegation,True,Explicit,jameswilson|alexkumar|derekjohnson,,Multi-assignee delegation via @mentions with deadline → Important (prevention)
1ce5fc8a-bd55-4e46-83c9-3539c0270dc6,Postmortem — API Gateway Incident (Jan 16),Meeting,Engineering,True,True,61447a26-0fec-4dbb-9e82-f8c938f5f034,5,jameswilson,The CI stress test — should it run on every PR or only for PRs touching database code?,True,RfK,Decision Request,False,Implicit,davidpark,,Scope question to David
1ce5fc8a-bd55-4e46-83c9-3539c0270dc6,Postmortem — API Gateway Incident (Jan 16),Meeting,Engineering,True,False,89f1947f-879a-457f-bc76-1fea3ea420ee,6,davidpark,Start with PRs touching database or connection-related code. We can expand later if needed.,False,Neither,,False,,,,Decision response — informational
1ce5fc8a-bd55-4e46-83c9-3539c0270dc6,Postmortem — API Gateway Incident (Jan 16),Meeting,Engineering,True,False,d10d0e2f-8e49-40a7-be7c-407d4852b6b7,7,alexkumar,I'll update the PR checklist template in GitHub. I'll also add a 'has_db_changes' label that triggers the connection lifecycle review requirement.,False,Neither,,False,,,,Commitment + additional improvement
1ce5fc8a-bd55-4e46-83c9-3539c0270dc6,Postmortem — API Gateway Incident (Jan 16),Meeting,Engineering,True,False,2de66a89-05a0-4250-b8b8-34614df2402a,8,derekjohnson,Runbook draft will be ready by end of week. I'll base it on our existing incident response procedures and add the customer communication templates.,False,Neither,,False,,,,Commitment
1ce5fc8a-bd55-4e46-83c9-3539c0270dc6,Postmortem — API Gateway Incident (Jan 16),Meeting,Engineering,True,False,76fa1e27-7587-40c2-9f70-ec6dde1fd524,9,davidpark,Good. Let's track these in Jira and review completion at the Sprint 15 retro. Thanks everyone.,False,Neither,,False,,,,Direction — no new task
c1fa159a-c6ad-4d4a-8fb2-976db2b9054d,H2 Product Strategy Offsite,Meeting,Executive,True,False,a24a9e1b-8211-4d44-b6f6-12de4536dfa5,0,sarahmitchell,"Capturing the key decisions from today's strategy session in chat:

1. AI will be the core differentiator for H2 — not just a feature, but platform-wide intelligence
2. We're going all-in on enterprise, deprioritizing SMB self-serve
3. International expansion pushed to 2027 — focus on North America first",False,Neither,,True,,,,Strategic decisions — Important for company direction. No task.
c1fa159a-c6ad-4d4a-8fb2-976db2b9054d,H2 Product Strategy Offsite,Meeting,Executive,True,False,746bf0ec-1cff-423a-98ec-f12715a96bff,1,michaelchen,Agree with the enterprise focus. The SMB segment has high churn and low LTV. But we'll need to communicate the deprioritization carefully — want to make sure existing SMB customers don't feel abandoned.,False,Neither,,False,,,,Input — informational
c1fa159a-c6ad-4d4a-8fb2-976db2b9054d,H2 Product Strategy Offsite,Meeting,Executive,True,False,4e9932bc-a447-4f54-9fa8-97f7d8824d5f,2,laurakim,I'll draft a communications plan for the pivot. We should reframe it as 'deepening our enterprise commitment' rather than 'deprioritizing SMB.',False,Neither,,False,,,self_initiated_commitment,Commitment by sender — self-initiated
c1fa159a-c6ad-4d4a-8fb2-976db2b9054d,H2 Product Strategy Offsite,Meeting,Executive,True,True,bf0df049-38a1-47a9-ada8-ecfac4d178f5,3,sarahmitchell,"Great instinct Laura. @David, for the AI platform vision — I need a detailed technical roadmap by end of month. Break it into: Q2 MVP, Q3 expansion, Q4 platform integration.",True,RfA,Delegation,True,Explicit,davidpark,,Major delegation via @mention + strategic priority → Important
c1fa159a-c6ad-4d4a-8fb2-976db2b9054d,H2 Product Strategy Offsite,Meeting,Executive,True,True,9ca0d2ad-52ef-49ea-993f-c0a9737bde17,4,davidpark,Alex and I will build it out. We'll include resource requirements and key dependency milestones.,False,Neither,,False,,,,Commitment
c1fa159a-c6ad-4d4a-8fb2-976db2b9054d,H2 Product Strategy Offsite,Meeting,Executive,True,True,700323df-d700-442a-bbea-94b99e555a7f,5,sarahmitchell,"@Michael, I want you to develop an enterprise-only GTM strategy that leverages the AI features as the lead differentiator. Work with Laura's team on the messaging.",True,RfA,Delegation,True,Explicit,michaelchen,,Major delegation via @mention + strategic → Important
c1fa159a-c6ad-4d4a-8fb2-976db2b9054d,H2 Product Strategy Offsite,Meeting,Executive,True,False,c0a11a43-bbe9-4453-bd7d-dc9bc0196eb0,6,michaelchen,On it. I'll sync with Laura this week to align the sales narrative with the marketing messaging.,False,Neither,,False,,,,Commitment
c1fa159a-c6ad-4d4a-8fb2-976db2b9054d,H2 Product Strategy Offsite,Meeting,Executive,True,False,c7af9352-050a-4939-b79e-3f2baa2a78ba,7,alexkumar,"For the AI roadmap — should we plan for the ML engineer hire being filled by Q2, or should we plan without them as a contingency?",False,Neither,,False,,,,Planning question to David
c1fa159a-c6ad-4d4a-8fb2-976db2b9054d,H2 Product Strategy Offsite,Meeting,Executive,True,False,a407c355-a887-42a4-90b1-f969ab9489b1,8,davidpark,"Plan for them being onboarded by mid-Q2. If the hire slips, we'll adjust. But I'd rather plan ambitiously and adjust down.",False,Neither,,False,,,,Decision response — informational
c1fa159a-c6ad-4d4a-8fb2-976db2b9054d,H2 Product Strategy Offsite,Meeting,Executive,True,False,5c984f41-15e5-423b-bcb4-e3ea8dc79c25,9,sarahmitchell,This was a productive session. Let's execute with urgency. Q2 is when we prove the strategy.,False,Neither,,False,,,,Motivational closing — no task
fd0649de-67f3-483d-a9c2-990cada64dce,H1 Performance Calibration — Engineering & Sales,Meeting,Human Resources,True,False,12c24769-4657-43ad-af86-4f22b73f33fe,0,daniellewright,"Sharing the calibration framework in chat. Each department should rank their reports into: Exceeds (top 15%), Meets (70%), Developing (10%), Below (5%). Use the rubric doc I shared Monday.",False,Neither,,False,,,,Process guidance — informational
fd0649de-67f3-483d-a9c2-990cada64dce,H1 Performance Calibration — Engineering & Sales,Meeting,Human Resources,True,False,876ef8d2-3646-43f0-a286-d03eba6edc30,1,davidpark,"Engineering calibration: Exceeds — Alex Kumar, Priya Sharma. Meets — James Wilson, Nina Costa. No Developing or Below.",False,Neither,,False,,,,Input — informational
fd0649de-67f3-483d-a9c2-990cada64dce,H1 Performance Calibration — Engineering & Sales,Meeting,Human Resources,True,False,96ed7e53-e3ff-4e71-ac4e-46b8343ef004,2,michaelchen,Sales: Exceeds — Sofia Rodriguez (closed 140% of target). Meets — everyone else. No below expectations.,False,Neither,,False,,,,Input — informational
fd0649de-67f3-483d-a9c2-990cada64dce,H1 Performance Calibration — Engineering & Sales,Meeting,Human Resources,True,False,70616824-84c9-450b-b784-d98aab73b994,3,sarahmitchell,"David, no one in Developing? I find that hard to believe for a team of 5. The calibration is supposed to force-rank, not be a feel-good exercise.",False,Neither,,False,,,calibration_challenge,Challenge/question directed at David. Sensitive context.
fd0649de-67f3-483d-a9c2-990cada64dce,H1 Performance Calibration — Engineering & Sales,Meeting,Human Resources,True,False,39dad90f-66cf-418f-8fe9-a874b2bd822e,4,davidpark,"Fair challenge. If I had to differentiate, Nina's QA lead role has been solid but she hasn't stretched beyond core responsibilities. She could be 'Meets with development areas' rather than straight 'Meets.'",False,Neither,,False,,,,Revised assessment — informational
fd0649de-67f3-483d-a9c2-990cada64dce,H1 Performance Calibration — Engineering & Sales,Meeting,Human Resources,True,True,d454f5df-42b7-44be-b0c3-f9461ccbf67c,5,daniellewright,"That's a reasonable assessment. @David, can you document the development areas in the system? And @Michael, same for your team — any development feedback for the 'Meets' group?",True,RfA,Action Request,False,Explicit,davidpark|michaelchen,,Multi-assignee action request via @mentions
fd0649de-67f3-483d-a9c2-990cada64dce,H1 Performance Calibration — Engineering & Sales,Meeting,Human Resources,True,True,4f320ea9-67e0-469d-982e-7882afc07075,6,davidpark,Will do by end of week.,False,Neither,,False,,,,Commitment
fd0649de-67f3-483d-a9c2-990cada64dce,H1 Performance Calibration — Engineering & Sales,Meeting,Human Resources,True,False,4e881e90-2e35-4f33-95f4-4f5ce6674d42,7,michaelchen,Same. I'll add the development feedback.,False,Neither,,False,,,,Commitment
fd0649de-67f3-483d-a9c2-990cada64dce,H1 Performance Calibration — Engineering & Sales,Meeting,Human Resources,True,False,e928bbc6-9b5b-4685-abd7-9ecc1c32ced2,8,laurakim,Marketing calibration: Exceeds — Chris Evans. Meets — everyone else. Chris has been exceptional on the campaign work and the all-hands video montage was entirely his initiative.,False,Neither,,False,,,,Input — informational
fd0649de-67f3-483d-a9c2-990cada64dce,H1 Performance Calibration — Engineering & Sales,Meeting,Human Resources,True,True,b3683f40-1b2d-427f-9bfe-6df83df20b1d,9,daniellewright,Thanks everyone. Please finalize all ratings and feedback in the system by Friday. I'll compile the final calibration report for Sarah's review on Monday.,True,RfA,Action Request,False,Broadcast,,,Broadcast action request with deadline
fd0649de-67f3-483d-a9c2-990cada64dce,H1 Performance Calibration — Engineering & Sales,Meeting,Human Resources,True,True,bbf6f73a-a909-4466-b77a-f10f8c4ea32d,10,sarahmitchell,Thanks Danielle. Good session. Let's make sure the feedback is constructive and actionable — not just ratings.,False,Neither,,False,,,,Guidance — no task
8aa325eb-62e3-4da7-81b3-5d90743f3442,GlobalTech & Pinnacle — Customer Escalation Review,Meeting,Customer Support,True,False,e8e69087-77de-404a-9373-310881733da5,0,mariasantos,"Status update on both escalations:

Pinnacle Logistics: Resolved. Export timeout fix deployed last week. Customer confirmed satisfaction. Renewal confirmed for Q2.

GlobalTech Solutions: Recovery plan delivered. 2 of 3 P2 tickets resolved. Third ticket (API documentation) in progress — ETA next Wednesday.",False,Neither,,False,,,,Status report — informational
8aa325eb-62e3-4da7-81b3-5d90743f3442,GlobalTech & Pinnacle — Customer Escalation Review,Meeting,Customer Support,True,False,24ee6d8f-27d6-4914-8bd5-e9e5ccebe6ac,1,michaelchen,"Good progress on Pinnacle. @Alex, what's the status on the GlobalTech API documentation issue?",False,Neither,,False,,,,Status request via @mention
8aa325eb-62e3-4da7-81b3-5d90743f3442,GlobalTech & Pinnacle — Customer Escalation Review,Meeting,Customer Support,True,False,d66744c1-276e-426b-9ea7-b64176920c7d,2,alexkumar,Priya is working on it. The documentation gap was bigger than expected — missing examples for 3 API endpoints and incorrect parameter specs on 2 others. She should have it complete by Monday.,False,Neither,,False,,,,Status update — informational
8aa325eb-62e3-4da7-81b3-5d90743f3442,GlobalTech & Pinnacle — Customer Escalation Review,Meeting,Customer Support,True,True,92cebd8f-f986-4282-b33f-ba0b6ba6fb9d,3,derekjohnson,The GlobalTech contact has been getting daily updates from my team. Their tone has shifted from frustrated to cautiously optimistic. The dedicated account manager assignment made a big difference.,False,Neither,,False,,,,Context — informational
8aa325eb-62e3-4da7-81b3-5d90743f3442,GlobalTech & Pinnacle — Customer Escalation Review,Meeting,Customer Support,True,True,e4f7d3b1-d78c-48a4-9505-4707dbec2d95,4,michaelchen,"@Maria, once the API documentation is complete, I want to schedule an executive call with GlobalTech's CTO. Show them we take their partnership seriously. Can you set that up?",True,RfA,Scheduling,True,Explicit,mariasantos,,Scheduling action via @mention + customer retention → Important
8aa325eb-62e3-4da7-81b3-5d90743f3442,GlobalTech & Pinnacle — Customer Escalation Review,Meeting,Customer Support,True,True,7c0aca8c-fafd-49d0-b5a1-dd9c5d6eaad8,5,mariasantos,I'll coordinate with their CTO's office. Targeting the week after the API docs are delivered.,False,Neither,,False,,,,Commitment
8aa325eb-62e3-4da7-81b3-5d90743f3442,GlobalTech & Pinnacle — Customer Escalation Review,Meeting,Customer Support,True,True,b18c7990-1879-4f9b-9a53-d908d6869afc,6,michaelchen,"Also — I want a systemic fix to prevent this from happening again. @Derek, can you propose an early warning system for at-risk customers? Look at ticket volume, response times, and sentiment patterns.",True,RfA,Action Request,True,Explicit,derekjohnson,,Action request via @mention — process improvement → Important
8aa325eb-62e3-4da7-81b3-5d90743f3442,GlobalTech & Pinnacle — Customer Escalation Review,Meeting,Customer Support,True,False,c2f90ef9-d5ff-49a5-9a46-1bf707083d6a,7,derekjohnson,I've been thinking about exactly this. I'll draft a proposal with specific metrics and alerting thresholds. Target: end of next week.,False,Neither,,False,,,,Commitment
8aa325eb-62e3-4da7-81b3-5d90743f3442,GlobalTech & Pinnacle — Customer Escalation Review,Meeting,Customer Support,True,False,6febcafe-8156-492a-8255-af1f2d7910d7,8,alexkumar,"From the engineering side, I'll also set up a weekly ticket review for top-20 accounts. Any P2+ that's open more than 48 hours gets auto-escalated.",False,Neither,,False,,,self_initiated_process_improvement,Self-initiated commitment
8aa325eb-62e3-4da7-81b3-5d90743f3442,GlobalTech & Pinnacle — Customer Escalation Review,Meeting,Customer Support,True,False,be475349-6531-4411-bacc-0ec80385b317,9,michaelchen,Excellent. Let's make sure we don't lose another customer to neglect.,False,Neither,,False,,,,Closing — no task
4b3e084d-c9b4-4276-b88c-472e410c1790,Budget Committee — Q2 Spend Approvals,Meeting,Finance,True,False,670d8635-2df7-4cef-acb0-85cef2c8941d,0,racheltorres,"Dropping the Q2 spend approval requests in chat:

1. Datadog Enterprise license: $350K/year (3-year term) — recommended by David
2. Enterprise customer event: $75K — Laura's marketing budget
3. Office AV upgrades: $28K — Lisa's facilities budget
4. Recruiting agency contingency: $100K — Danielle's HR budget",False,Neither,,False,,,,Meeting context — informational
4b3e084d-c9b4-4276-b88c-472e410c1790,Budget Committee — Q2 Spend Approvals,Meeting,Finance,True,True,265572c0-9955-4689-9880-1a58973eab75,1,sarahmitchell,"Let's go through them. The Datadog license — Rachel, did you review David's business case?",True,RfK,Question,False,Implicit,racheltorres,,Question to Rachel by name
4b3e084d-c9b4-4276-b88c-472e410c1790,Budget Committee — Q2 Spend Approvals,Meeting,Finance,True,True,220b2207-ff0c-4ea6-ab33-98336f61c7d6,2,racheltorres,Yes. The TCO analysis is solid — $1.05M over 3 years vs $1.4M to build. Opportunity cost of diverting engineers is the clincher. I recommend approval.,False,Neither,,False,,,,Analysis — informational
4b3e084d-c9b4-4276-b88c-472e410c1790,Budget Committee — Q2 Spend Approvals,Meeting,Finance,True,True,6aef4f31-09b3-4fda-8253-2003a731f578,3,sarahmitchell,"Approved. @Kevin, please process the Datadog PO. Negotiate the 3-year term for the best discount possible.",True,RfA,Action Request,True,Explicit,kevinzhang,,Action request via @mention — significant spend → Important
4b3e084d-c9b4-4276-b88c-472e410c1790,Budget Committee — Q2 Spend Approvals,Meeting,Finance,True,False,ca22448a-5f63-4381-a2d7-95c0c903f8b5,4,kevinzhang,Will do. I'll push for 15-20% multi-year discount.,False,Neither,,False,,,,Commitment
4b3e084d-c9b4-4276-b88c-472e410c1790,Budget Committee — Q2 Spend Approvals,Meeting,Finance,True,False,d4828c1c-ff95-4ba8-ad96-7be327240b76,5,sarahmitchell,"The customer event — $75K. Rachel, where does this sit in the overall marketing budget?",False,Neither,,False,,,,Budget question to Rachel
4b3e084d-c9b4-4276-b88c-472e410c1790,Budget Committee — Q2 Spend Approvals,Meeting,Finance,True,False,c6188245-bcb2-46e1-ad76-75f9d62902c8,6,racheltorres,Within budget. Marketing has $320K remaining in Q2 discretionary. The event is the largest single item but it's budgeted.,False,Neither,,False,,,,Analysis — informational
4b3e084d-c9b4-4276-b88c-472e410c1790,Budget Committee — Q2 Spend Approvals,Meeting,Finance,True,False,9c6c0d06-e85e-47f5-af11-9bc04d2ff7e3,7,sarahmitchell,Approved. The AV upgrade and recruiting contingency — any concerns on either?,False,Neither,,False,,,,Question to Rachel/Kevin
4b3e084d-c9b4-4276-b88c-472e410c1790,Budget Committee — Q2 Spend Approvals,Meeting,Finance,True,False,b79b07b3-cd51-4f5b-af39-18746019ef8f,8,kevinzhang,Both are straightforward. AV is within Lisa's approval authority. Recruiting contingency is standard for an active hiring cycle.,False,Neither,,False,,,,Analysis — informational
4b3e084d-c9b4-4276-b88c-472e410c1790,Budget Committee — Q2 Spend Approvals,Meeting,Finance,True,True,d0ce6640-a5bb-4a38-a5a1-81421c29f109,9,sarahmitchell,"All four approved. @Kevin, please process all POs this week and send confirmation to the requestors.",True,RfA,Action Request,False,Explicit,kevinzhang,,Action request via @mention — process approvals
4b3e084d-c9b4-4276-b88c-472e410c1790,Budget Committee — Q2 Spend Approvals,Meeting,Finance,True,True,cfa6555f-ae76-42b9-b74c-7727a48ba879,10,kevinzhang,Will have all POs processed by Thursday and requestors notified.,False,Neither,,False,,,,Commitment
4b3e084d-c9b4-4276-b88c-472e410c1790,Budget Committee — Q2 Spend Approvals,Meeting,Finance,True,False,bc5692a2-5ff1-49c3-82af-65f58d91f737,11,racheltorres,Good. I'll update the Q2 forecast to reflect these commitments.,False,Neither,,False,,,,Self-initiated commitment
b99bb01c-2b14-4dcf-a521-5798311e96f7,Engineering Weekly Standup,Meeting,Engineering,True,False,0519740b-1905-444a-8606-2929e9cb473a,0,alexkumar,Quick standup. Let's keep it to blockers and help needed. Status updates go in Jira.,False,Neither,,False,,,,Process guidance — no specific task
b99bb01c-2b14-4dcf-a521-5798311e96f7,Engineering Weekly Standup,Meeting,Engineering,True,True,7625c2d9-8cb3-41da-b649-5d074e2c7490,1,priyasharma,"AI prototype is on track. One blocker — I need access to the production data sample for the matching algorithm. @James, can you create a sanitized data export for me?",True,RfA,Action Request,False,Explicit,jameswilson,,Action request via @mention — unblocking dependency
b99bb01c-2b14-4dcf-a521-5798311e96f7,Engineering Weekly Standup,Meeting,Engineering,True,False,35a402f8-104a-4051-b266-633ca1dd6ff5,2,jameswilson,I can have that to you by lunch. How much data do you need?,False,Neither,,False,,,,Clarifying question
b99bb01c-2b14-4dcf-a521-5798311e96f7,Engineering Weekly Standup,Meeting,Engineering,True,False,fa6553d6-ec7d-49fc-b98e-5244e0364364,3,priyasharma,"At least 6 months of project allocation data. Anonymized is fine — I just need the patterns, not the actual names.",False,Neither,,False,,,,Specification — informational
b99bb01c-2b14-4dcf-a521-5798311e96f7,Engineering Weekly Standup,Meeting,Engineering,True,True,f6a574f7-c382-4841-bf3b-0f2044290487,4,ninacosta,No blockers for me. Regression suite is progressing. I found 2 minor bugs in the notification module though — not release-blocking but should be fixed. Filed ENG-2915 and ENG-2916.,False,Neither,,False,,,,Status update + bug filing — informational. No task.
b99bb01c-2b14-4dcf-a521-5798311e96f7,Engineering Weekly Standup,Meeting,Engineering,True,True,03031c84-4432-46f6-83a8-faaadaa1b557,5,alexkumar,"@Priya, can you take a look at those bugs after your prototype work? They're in your code area.",True,RfA,Action Request,False,Explicit,priyasharma,,Action request via @mention — bug fix assignment
b99bb01c-2b14-4dcf-a521-5798311e96f7,Engineering Weekly Standup,Meeting,Engineering,True,False,47613ded-c9a6-49d2-80a3-ca1f93351814,6,priyasharma,"Sure, I'll knock them out Thursday.",False,Neither,,False,,,,Commitment
b99bb01c-2b14-4dcf-a521-5798311e96f7,Engineering Weekly Standup,Meeting,Engineering,True,False,dbd502bf-de74-4edf-9177-92e01f88cb6f,7,jameswilson,FYI — the CDN provider is doing maintenance tonight from 11 PM to 2 AM. Should have zero customer impact but I'll be monitoring.,False,Neither,,False,,,,FYI — informational
b99bb01c-2b14-4dcf-a521-5798311e96f7,Engineering Weekly Standup,Meeting,Engineering,True,False,e2621cb4-1b16-4147-b11f-436f26480f49,8,alexkumar,"Thanks for the heads up. OK, that's it. Good meeting — under 10 minutes. 🎉",False,Neither,,False,,,,Social closing — no task
3a383355-0b3c-4322-a274-53b11c98a3b1,Q1 All-Hands Follow-up,Meeting,Executive,True,False,d9e3a528-e497-49c0-ab64-d76f6c067816,0,sarahmitchell,Great all-hands today! The fireside chat format worked much better. Got a lot of positive feedback in the Q&A.,False,Neither,,False,,,,Positive feedback — no task
3a383355-0b3c-4322-a274-53b11c98a3b1,Q1 All-Hands Follow-up,Meeting,Executive,True,False,77be6b8c-8188-4599-b4f1-2b46585d9759,1,laurakim,Agreed. The video montage was a huge hit — kudos to Chris. I got several messages from people saying it was the best all-hands we've done.,False,Neither,,False,,,,Praise/feedback — no task
3a383355-0b3c-4322-a274-53b11c98a3b1,Q1 All-Hands Follow-up,Meeting,Executive,True,False,a8271aaa-2300-4d11-9693-2cf3fed8d944,2,daniellewright,The employee recognition segment was well-received too. A few people I spoke with mentioned they appreciated being recognized in front of the whole company.,False,Neither,,False,,,,Feedback — no task
3a383355-0b3c-4322-a274-53b11c98a3b1,Q1 All-Hands Follow-up,Meeting,Executive,True,True,f9ae47dc-260f-4f0e-b306-1fa368fabcac,3,sarahmitchell,"A few follow-up items from the Q&A that we owe the company:

1. Several people asked about the remote work policy refresh — @Danielle, can you share the updated policy by end of next week?
2. The international expansion question — @David, can you post a brief update in the engineering channel about the timeline shift to 2027?
3. People want more frequent town halls — @Laura, can we do these quarterly instead of bi-annually?",True,RfA,Delegation,False,Explicit,daniellewright|davidpark|laurakim,,Multi-assignee delegation via @mentions — follow-up items from all-hands
3a383355-0b3c-4322-a274-53b11c98a3b1,Q1 All-Hands Follow-up,Meeting,Executive,True,True,2e60b114-def3-442b-ba4f-f82c72c8ecea,4,daniellewright,I'll have the updated remote work policy shared by Friday. I've been working on it — just needed final approval from Amanda on the compliance pieces.,False,Neither,,False,,,,Commitment + context
3a383355-0b3c-4322-a274-53b11c98a3b1,Q1 All-Hands Follow-up,Meeting,Executive,True,False,b9234459-9287-4bf9-8b2a-f902b1d844b9,5,davidpark,I'll post the update tomorrow. I'll frame it as a 'focus and depth' decision rather than a postponement.,False,Neither,,False,,,,Commitment + messaging approach
3a383355-0b3c-4322-a274-53b11c98a3b1,Q1 All-Hands Follow-up,Meeting,Executive,True,False,e9ccbd56-f541-42b8-80cf-51aafbcab01a,6,laurakim,Quarterly town halls — absolutely. I'll build that into the communications calendar. Next one would be end of June.,False,Neither,,False,,,,Commitment
3a383355-0b3c-4322-a274-53b11c98a3b1,Q1 All-Hands Follow-up,Meeting,Executive,True,False,2c209590-ed01-46de-bf4b-763515d8b6be,7,sarahmitchell,Thanks team. The all-hands sets the tone for the quarter. This one hit the right notes. 👏,False,Neither,,False,,,,Social / praise — no task
3a383355-0b3c-4322-a274-53b11c98a3b1,Q1 All-Hands Follow-up,Meeting,Executive,True,True,dbf21eba-ea31-41a5-a866-7bbfd784618c,8,daniellewright,"One more thing — the anonymous feedback form had some comments about work-life balance concerns on the engineering team. @David, you may want to address that in your next team meeting.",True,RfA,Action Request,False,Explicit,davidpark,,Action request via @mention — sensitive employee feedback
3a383355-0b3c-4322-a274-53b11c98a3b1,Q1 All-Hands Follow-up,Meeting,Executive,True,True,1ad3026f-467a-4d60-a04a-1e51ba2a277c,9,davidpark,Thanks for flagging. I'll review the comments and discuss with Alex before bringing it to the team.,False,Neither,,False,,,,Commitment
ef048852-6bce-415c-8dde-254dbacf190e,Migration Follow-ups,OneOnOne,Engineering,True,True,b7c28594-4b62-484c-ae0e-6b4383d9e36e,0,alexkumar,"Hey Priya, just circling back on the database migration PR. You mentioned it'd be ready by last Thursday.",True,RfK,Follow-up,False,Implicit,priyasharma,,Follow-up on prior unresolved ask
ef048852-6bce-415c-8dde-254dbacf190e,Migration Follow-ups,OneOnOne,Engineering,True,False,ae046756-074b-4ebc-be71-8c2bc3efe4ba,1,priyasharma,"Yeah, sorry — I hit a blocker with the schema validation. The new constraints are rejecting about 12% of legacy records.",False,Neither,,False,,,,"Informational — status update, no ask"
ef048852-6bce-415c-8dde-254dbacf190e,Migration Follow-ups,OneOnOne,Engineering,True,True,5e870ea7-3879-4c31-82ac-d0494366de95,2,alexkumar,That's a bigger issue than expected. Can you quantify the data loss risk if we skip the validation step temporarily?,True,RfK,Question,True,Implicit,priyasharma,,Question + data loss risk → Important
ef048852-6bce-415c-8dde-254dbacf190e,Migration Follow-ups,OneOnOne,Engineering,True,False,8338a78a-8d7d-447e-93a4-9b8261c5a1f6,3,priyasharma,I'll run the analysis this afternoon and get you numbers by EOD.,False,Neither,,False,,,self_assigned_commitment,Commitment — sender commits
ef048852-6bce-415c-8dde-254dbacf190e,Migration Follow-ups,OneOnOne,Engineering,True,True,3f4ab271-3472-4f87-8ceb-c4b639903103,4,alexkumar,Perfect. Also — any update on the caching layer refactor? I think that was due last sprint.,True,RfK,Follow-up,False,Implicit,priyasharma,,Second follow-up in same conversation
ef048852-6bce-415c-8dde-254dbacf190e,Migration Follow-ups,OneOnOne,Engineering,True,False,db030714-de26-4eb9-9e84-241c32e704e4,5,priyasharma,Pushed it to this sprint. Dependencies on James's infra work weren't resolved.,False,Neither,,False,,,,Status update — informational
ef048852-6bce-415c-8dde-254dbacf190e,Migration Follow-ups,OneOnOne,Engineering,True,True,bdaedf92-df82-4b84-b951-124d227d7677,6,alexkumar,"OK. When James is done, loop me in so I can reprioritize your backlog if needed.",True,RfA,Action Request,False,Implicit,priyasharma,conditional_task,Conditional ask — 'when James is done' → task exists but is conditional
ef048852-6bce-415c-8dde-254dbacf190e,Migration Follow-ups,OneOnOne,Engineering,True,False,7fee41aa-dd06-464a-b36c-a0e002afcb44,7,priyasharma,Will do.,False,Neither,,False,,,,Acknowledgment
ef048852-6bce-415c-8dde-254dbacf190e,Migration Follow-ups,OneOnOne,Engineering,True,True,48d34488-7193-4f88-a225-13d96e29af08,8,alexkumar,One more thing — the performance test results from two weeks ago. Did those ever get documented?,True,RfK,Follow-up,False,Implicit,priyasharma,,Third follow-up — pattern of checking on stale items
ef048852-6bce-415c-8dde-254dbacf190e,Migration Follow-ups,OneOnOne,Engineering,True,False,4dbb152a-0cee-4bb0-9dcc-e984a3c34ebd,9,priyasharma,I wrote up the summary in Confluence but forgot to share the link. Let me send it now.,False,Neither,,False,,,self_assigned_commitment,Commitment — sender commits
ef048852-6bce-415c-8dde-254dbacf190e,Migration Follow-ups,OneOnOne,Engineering,True,True,ce4bf3d5-da9e-4b35-b510-8de3c7875457,10,alexkumar,Thanks. And whenever you get a chance — not urgent — could you also add the latency benchmarks to the dashboard? Feel free to skip it if Q2 planning takes priority.,True,RfA,Action Request,False,Implicit,priyasharma,soft_conditional_ask,"Conditional/soft ask — 'whenever you get a chance', 'feel free to skip'. Still HasTask=TRUE per spec but low urgency."
ef048852-6bce-415c-8dde-254dbacf190e,Migration Follow-ups,OneOnOne,Engineering,True,False,290561b8-998c-4ad8-9269-d3b9f120f15d,11,priyasharma,"Sure, I'll try to squeeze it in this week.",False,Neither,,False,,,,Acknowledgment with soft commitment
0639d05f-3a82-4b4a-b569-294a5d19cc6c,Contoso Enterprise Agreement Review,OneOnOne,Legal,True,True,929ca1c6-15bc-440d-b718-2fdeb53707c4,0,sofiarodriguez,"Amanda, I need you to review the Contoso enterprise agreement. Deal is $2.3M ARR and they want to close by end of month.",True,RfA,Review / Approval,True,Implicit,amandafoster,,Review request + revenue impact + deadline → Important
0639d05f-3a82-4b4a-b569-294a5d19cc6c,Contoso Enterprise Agreement Review,OneOnOne,Legal,True,True,91b1bd6e-92fe-43f4-b32d-20ef90b87ef6,1,amandafoster,I saw the draft yesterday. There are some non-standard indemnification clauses I need to redline. How flexible is the customer on those?,True,RfK,Question,False,Implicit,sofiarodriguez,,Question back to sales about customer flexibility
0639d05f-3a82-4b4a-b569-294a5d19cc6c,Contoso Enterprise Agreement Review,OneOnOne,Legal,True,True,e0e8ebc8-ae88-43e3-9bc1-756f6476fe12,2,sofiarodriguez,They pushed back last time we tried to modify indemnification. Can we accept their language with a cap?,True,RfK,Confirmation / Permission,False,Implicit,amandafoster,,Permission request — can we accept with modification?
0639d05f-3a82-4b4a-b569-294a5d19cc6c,Contoso Enterprise Agreement Review,OneOnOne,Legal,True,False,9e816b4f-df4d-4dda-bc74-de12a70e8564,3,amandafoster,I can accept a cap at 2x annual contract value. Anything beyond that needs Rachel's sign-off since it exceeds our standard risk threshold.,False,Neither,,True,,,,"Informational — stating policy, no new ask. Important because it flags risk threshold."
0639d05f-3a82-4b4a-b569-294a5d19cc6c,Contoso Enterprise Agreement Review,OneOnOne,Legal,True,True,c5db4ed2-cec7-4557-a931-b0c4e13d71be,4,sofiarodriguez,"OK, I'll propose the 2x cap to Contoso. Can you meanwhile redline sections 4.2 and 7.1 and send me a clean version by Wednesday?",True,RfA,Review / Approval,True,Implicit,amandafoster,,Action request with deadline tied to deal close
0639d05f-3a82-4b4a-b569-294a5d19cc6c,Contoso Enterprise Agreement Review,OneOnOne,Legal,True,False,2f706b0a-4f6b-4ede-87b4-8c4ae47aab12,5,amandafoster,Wednesday is tight but doable. I'll prioritize it.,False,Neither,,False,,,,Acknowledgment + commitment
0639d05f-3a82-4b4a-b569-294a5d19cc6c,Contoso Enterprise Agreement Review,OneOnOne,Legal,True,True,48252ae1-6734-400f-b9f9-464286425bdf,6,sofiarodriguez,"Thank you! Also, quick question — do we need a separate DPA for this deal or does our standard one cover it?",True,RfK,Question,False,Implicit,amandafoster,,Knowledge question about data processing agreement
0639d05f-3a82-4b4a-b569-294a5d19cc6c,Contoso Enterprise Agreement Review,OneOnOne,Legal,True,True,50759724-4b5f-40e4-8257-3fb890be066a,7,amandafoster,Standard DPA covers it as long as they're not processing EU personal data. Confirm with the customer whether they have EU operations.,True,RfA,Action Request,False,Implicit,sofiarodriguez,,Action request back to Sofia — confirm with customer
0639d05f-3a82-4b4a-b569-294a5d19cc6c,Contoso Enterprise Agreement Review,OneOnOne,Legal,True,False,87c7f505-cdd3-4377-9069-b1c4ecceaa84,8,sofiarodriguez,Will check and confirm. Thanks Amanda!,False,Neither,,False,,,,Acknowledgment
d55aeec8-03a9-4c67-b45b-c56f72d8aad2,Campaign Launch Coordination,OneOnOne,Marketing,True,False,b825be14-0c0a-4f2b-9026-e06fe9bd5f42,0,laurakim,"Chris, are you free tomorrow at 2 PM for a run-through of the campaign assets?",False,Neither,,False,,,,Availability check
d55aeec8-03a9-4c67-b45b-c56f72d8aad2,Campaign Launch Coordination,OneOnOne,Marketing,True,True,db774764-7239-4f9e-9d00-a752cb7f35bd,1,chrisevans,Tomorrow's packed — I have back-to-backs from 1 to 4. How about Thursday morning?,True,RfK,Scheduling,False,Implicit,laurakim,,Counter-proposal for scheduling — asks Laura to decide
d55aeec8-03a9-4c67-b45b-c56f72d8aad2,Campaign Launch Coordination,OneOnOne,Marketing,True,True,c83c4f08-1e5f-47b8-a0eb-c28d66e3e16b,2,laurakim,Thursday 10 AM works. Can you book a room and send the invite?,True,RfA,Scheduling,False,Implicit,chrisevans,,Scheduling action — book room + send invite
d55aeec8-03a9-4c67-b45b-c56f72d8aad2,Campaign Launch Coordination,OneOnOne,Marketing,True,False,bbef7d92-9a7a-451c-aae7-fd21243f62bd,3,chrisevans,Done — sent for 10-11 AM in the Rainier room.,False,Neither,,False,,,,Completed action report — no new ask
d55aeec8-03a9-4c67-b45b-c56f72d8aad2,Campaign Launch Coordination,OneOnOne,Marketing,True,True,3197e370-75f4-4fdb-aef3-1c7c90d6d162,4,laurakim,Perfect. Also — can you check if the blog post draft is ready for my review? I want to approve it before the launch.,True,RfK,Status Request,False,Implicit,chrisevans,,Status request about blog post
d55aeec8-03a9-4c67-b45b-c56f72d8aad2,Campaign Launch Coordination,OneOnOne,Marketing,True,False,f3d5d778-eb4c-4e95-9cc9-f930f8c4f463,5,chrisevans,Almost there. The writer is doing a final pass. I'll have it in your inbox by end of day.,False,Neither,,False,,,self_assigned_commitment,Commitment — sender commits
d55aeec8-03a9-4c67-b45b-c56f72d8aad2,Campaign Launch Coordination,OneOnOne,Marketing,True,True,6adc73c4-53e3-4056-84cf-96e4e45b476f,6,laurakim,Great. And one more — are you attending the product marketing sync on Friday?,True,RfK,Availability / RSVP,False,Implicit,chrisevans,,RSVP / availability check
d55aeec8-03a9-4c67-b45b-c56f72d8aad2,Campaign Launch Coordination,OneOnOne,Marketing,True,True,f03864f4-48bb-41c9-8730-2dca2baeca4b,7,chrisevans,"Yes, I'll be there.",False,Neither,,False,,,,Confirmation — no task
d55aeec8-03a9-4c67-b45b-c56f72d8aad2,Campaign Launch Coordination,OneOnOne,Marketing,True,True,5cfb838b-6ee5-4cb5-b49e-fcea8e48afbc,8,laurakim,Cool. Can you prep a 5-minute overview of the campaign metrics to share at that meeting?,True,RfA,Action Request,False,Implicit,chrisevans,,Action request — prepare content for meeting
d55aeec8-03a9-4c67-b45b-c56f72d8aad2,Campaign Launch Coordination,OneOnOne,Marketing,True,False,65d60546-005c-469d-ba65-ad5ffbb9264e,9,chrisevans,Sure thing. Want me to include social engagement numbers or just web traffic?,False,Neither,,False,,,,Clarifying question back
d55aeec8-03a9-4c67-b45b-c56f72d8aad2,Campaign Launch Coordination,OneOnOne,Marketing,True,False,6ec965d0-b74c-49d6-bc95-56431e0157d2,10,laurakim,Both please. And add the email open rates too.,False,Neither,,False,,,,Answer to question — informational
d55aeec8-03a9-4c67-b45b-c56f72d8aad2,Campaign Launch Coordination,OneOnOne,Marketing,True,False,50cd4695-7e79-4886-93b6-fc51b22b2c95,11,chrisevans,Got it. I'll have the deck ready by Thursday EOD.,False,Neither,,False,,,,Acknowledgment + commitment
211f9616-fcb3-427a-949a-cf2f28d9863b,Q2 Planning Edge Cases,Group,Cross-functional,True,False,10b78cc0-67fb-4a04-b357-17c4779fb72e,0,alexkumar,"Team, quick update — the Q2 OKRs have been finalized. Take a look when you can.",False,Neither,,False,,,fyi_with_soft_ask,"FYI + 'take a look when you can' is optional/soft. Per spec, optional asks → FALSE"
211f9616-fcb3-427a-949a-cf2f28d9863b,Q2 Planning Edge Cases,Group,Cross-functional,True,False,429ac291-0166-46da-80e0-eeac556b5eaa,1,priyasharma,Nice. Are these the same ones we discussed last week or did anything change?,False,Neither,,False,,,question_to_group_leader,Question directed at thread starter implicitly
211f9616-fcb3-427a-949a-cf2f28d9863b,Q2 Planning Edge Cases,Group,Cross-functional,True,False,37568284-4b50-406b-849c-f65b49c59ffb,2,alexkumar,Mostly the same. The only change is the reliability target moved from 99.9% to 99.95%.,False,Neither,,False,,,,Informational response
211f9616-fcb3-427a-949a-cf2f28d9863b,Q2 Planning Edge Cases,Group,Cross-functional,True,False,62c924f4-086a-4b7d-ae93-00fadb2e61b4,3,jameswilson,99.95%? That's going to be fun 🙃,False,Neither,,False,,,sarcasm_not_task,"Sarcasm — not a task, not a question. Social commentary."
211f9616-fcb3-427a-949a-cf2f28d9863b,Q2 Planning Edge Cases,Group,Cross-functional,True,True,99b406bb-ec5f-42b6-8d03-b56b71be6dd1,4,ninacosta,"Seriously though, has anyone actually modeled what 99.95% requires in terms of infra redundancy?",True,RfK,Question,False,Unassigned,,broadcast_question_no_assignee,Question to group with no specific target — Unassigned
211f9616-fcb3-427a-949a-cf2f28d9863b,Q2 Planning Edge Cases,Group,Cross-functional,True,True,dce77f89-38f3-40bc-b8d6-c218aa7db4d9,5,alexkumar,"Good question. @James, can you put together a quick feasibility assessment? Nothing fancy, just a back-of-envelope calc.",True,RfA,Action Request,False,Explicit,jameswilson,,Explicit @mention delegation
211f9616-fcb3-427a-949a-cf2f28d9863b,Q2 Planning Edge Cases,Group,Cross-functional,True,False,a7075aa1-2b00-4321-8d74-456cb4d92709,6,jameswilson,Sure. I'll have something by Friday.,False,Neither,,False,,,,Acknowledgment + commitment
211f9616-fcb3-427a-949a-cf2f28d9863b,Q2 Planning Edge Cases,Group,Cross-functional,True,False,71d7f934-b0c9-4cf7-a111-1e016f778879,7,laurakim,From the marketing side — we probably should align our messaging around the reliability story. Just saying.,False,Neither,,False,,,informational_with_implicit_suggestion,"'Just saying' — observation/suggestion but no assignee, no ask. Not HasTask."
211f9616-fcb3-427a-949a-cf2f28d9863b,Q2 Planning Edge Cases,Group,Cross-functional,True,True,11a5f829-d851-4268-9b28-2c1a698bb041,8,priyasharma,We should also update the status page SLA language. Who owns that?,True,RfK,Question,False,Unassigned,,who_owns_this,Task exists (update SLA) but no assignee → Unassigned. Question about ownership.
211f9616-fcb3-427a-949a-cf2f28d9863b,Q2 Planning Edge Cases,Group,Cross-functional,True,True,21cb6509-1c0e-49a8-9d94-7feb997bf858,9,alexkumar,I think it's technically DevOps. @James?,True,RfK,Confirmation / Permission,False,Explicit,jameswilson,,Confirmation request via @mention
211f9616-fcb3-427a-949a-cf2f28d9863b,Q2 Planning Edge Cases,Group,Cross-functional,True,False,661d24ea-959d-47e0-a66c-d4e206bd17f5,10,jameswilson,"Yeah, I can update it. But I'll need legal to sign off on the new language.",False,Neither,,False,,,self_assigned_with_dependency,Commitment — sender commits (with external dependency) (legal sign-off)
211f9616-fcb3-427a-949a-cf2f28d9863b,Q2 Planning Edge Cases,Group,Cross-functional,True,False,59604861-3d4c-4364-8bf8-e613ef7a205a,11,alexkumar,Great. Let's make sure this gets done before the public announcement. It would be embarrassing to promise 99.95% uptime and have the status page say 99.9%.,False,Neither,,True,,,urgency_without_explicit_task,Urgency expressed but no new task — James already committed. IsImportant due to public announcement risk.
211f9616-fcb3-427a-949a-cf2f28d9863b,Q2 Planning Edge Cases,Group,Cross-functional,True,True,8d48b0f3-f7ad-4a15-9e99-751b8d6aaeda,12,ninacosta,Agreed. I'll add a QA checkpoint for the status page update before it goes live.,False,Neither,,False,,,self_assigned_commitment,Commitment — QA lead commits
211f9616-fcb3-427a-949a-cf2f28d9863b,Q2 Planning Edge Cases,Group,Cross-functional,True,True,00fbf387-596c-4137-a2df-b839e0116b8d,13,laurakim,"This is great teamwork. If you need any copy review on the status page language, feel free to ping me.",False,Neither,,False,,,optional_offer,Optional offer — 'feel free to' → HasTask=FALSE per spec
c52911c2-6d2d-4041-b1df-83eda47d9d74,Zenith Corp Escalation — System Outage Impact,Group,Customer Support,True,False,f738fe78-4783-4de8-b7cd-fe04dd0336d4,0,derekjohnson,URGENT: Zenith Corp is reporting complete system unavailability for the past 45 minutes. They're our third-largest customer and their VP of Engineering just called our support line directly.,False,Neither,,True,,,,Urgent status report — no task yet but critical. IsImportant due to outage + strategic customer.
c52911c2-6d2d-4041-b1df-83eda47d9d74,Zenith Corp Escalation — System Outage Impact,Group,Customer Support,True,False,65f2a750-eb67-4291-a178-6e197e11a9a5,1,mariasantos,This is Zenith's second outage this quarter. They've been vocal about evaluating alternatives. We need to treat this as a potential churn event.,False,Neither,,True,,,context_setting_important,Context/analysis — no task. IsImportant due to churn risk.
c52911c2-6d2d-4041-b1df-83eda47d9d74,Zenith Corp Escalation — System Outage Impact,Group,Customer Support,True,True,051c905f-ed12-4f8d-a392-d61d484ea94e,2,derekjohnson,"@Alex, can your team investigate the root cause immediately? We need a preliminary RCA within the hour.",True,RfA,Action Request,True,Explicit,alexkumar,,Explicit action request + tight deadline + customer impact → Important
c52911c2-6d2d-4041-b1df-83eda47d9d74,Zenith Corp Escalation — System Outage Impact,Group,Customer Support,True,False,1299a341-735c-4eb8-86a4-c887bd4a6e75,3,alexkumar,On it. Pulling Priya and James into the war room now.,False,Neither,,False,,,,Acknowledgment + delegation (but delegation is internal)
c52911c2-6d2d-4041-b1df-83eda47d9d74,Zenith Corp Escalation — System Outage Impact,Group,Customer Support,True,True,46faf72b-3bcf-4bbe-a266-3e87f61cbc91,4,sofiarodriguez,"I'll reach out to their VP to buy us time. @Maria, do you have the latest support ticket history for Zenith? I want to go in with full context.",True,RfK,Question,True,Explicit,mariasantos,,Request for information + self-commitment (reaching out to VP)
c52911c2-6d2d-4041-b1df-83eda47d9d74,Zenith Corp Escalation — System Outage Impact,Group,Customer Support,True,False,588ecc68-5c40-4914-acf9-4ff899a2d8b8,5,mariasantos,Sending it now. They've had 7 P1 tickets in the last 90 days. That's way above our threshold.,False,Neither,,True,,,,Informational — providing data. Important due to severity.
c52911c2-6d2d-4041-b1df-83eda47d9d74,Zenith Corp Escalation — System Outage Impact,Group,Customer Support,True,True,bfa474e3-9ada-45c2-b735-b6ea1a8b8e9f,6,davidpark,I just spoke with the infra team. It's a database connection pool exhaustion issue — same pattern as the March incident. I thought we fixed this.,False,Neither,,True,,,,Root cause identification — informational. Important due to recurring pattern.
c52911c2-6d2d-4041-b1df-83eda47d9d74,Zenith Corp Escalation — System Outage Impact,Group,Customer Support,True,True,00285e58-0834-4c6f-92b6-c2a8476716e4,7,alexkumar,"We did patch it, but the fix only covered the primary cluster. The secondary cluster wasn't updated. @James, can you confirm and apply the hotfix to secondary NOW?",True,RfA,Action Request,True,Explicit,jameswilson,urgent_explicit_directive,Urgent directive with explicit @mention + NOW emphasis
c52911c2-6d2d-4041-b1df-83eda47d9d74,Zenith Corp Escalation — System Outage Impact,Group,Customer Support,True,False,9054996c-c5cc-492f-a5fd-9bb8d65e6a89,8,derekjohnson,Following up — it's been 30 minutes since the initial report. Do we have an ETA for resolution?,False,Neither,,True,,,,Follow-up to group — no specific target
c52911c2-6d2d-4041-b1df-83eda47d9d74,Zenith Corp Escalation — System Outage Impact,Group,Customer Support,True,False,57e22e67-45af-47dc-8e6a-e5baeeb9197e,9,alexkumar,"James is applying the hotfix now. ETA 15 minutes for connection pool recovery, then another 10 for full service restoration.",False,Neither,,False,,,,Status update — informational
c52911c2-6d2d-4041-b1df-83eda47d9d74,Zenith Corp Escalation — System Outage Impact,Group,Customer Support,True,True,aec52dea-4117-4010-ab08-5dea51d3b7e2,10,sofiarodriguez,"I got Zenith's VP on the phone. He's willing to hold off on escalation if we can: (1) provide RCA by tomorrow, (2) commit to a permanent fix timeline, and (3) offer a service credit.",True,RfA,Delegation,True,Unassigned,,multi_part_task_unassigned,"Multi-part task from customer, broadcast to group — needs multiple owners"
c52911c2-6d2d-4041-b1df-83eda47d9d74,Zenith Corp Escalation — System Outage Impact,Group,Customer Support,True,True,ff927721-d04b-493d-82f8-57797ba38694,11,davidpark,"I'll own the RCA. @Alex, you and the team get the permanent fix scoped. @Maria, work with finance on the service credit — probably 1 month pro-rata.",True,RfA,Delegation,True,Explicit,alexkumar|mariasantos,,"Multi-assignee delegation — CTO takes one part, delegates others"
c52911c2-6d2d-4041-b1df-83eda47d9d74,Zenith Corp Escalation — System Outage Impact,Group,Customer Support,True,False,4ecdeef6-6151-41f0-839b-7ee9befe3ca7,12,mariasantos,On it. I'll loop in Kevin from finance for the credit calculation.,False,Neither,,False,,,,Acknowledgment + commitment
c52911c2-6d2d-4041-b1df-83eda47d9d74,Zenith Corp Escalation — System Outage Impact,Group,Customer Support,True,False,fd308ff1-d6e0-4439-b1fc-6cac6e7162de,13,derekjohnson,Service is back up as of 2:47 PM. Zenith confirmed. But let's not forget — this is the SECOND time. We need the permanent fix before we lose this account.,False,Neither,,True,,,completed_action_with_urgency,Resolution confirmation + urgency for follow-up. No new task (already delegated). IsImportant.
c52911c2-6d2d-4041-b1df-83eda47d9d74,Zenith Corp Escalation — System Outage Impact,Group,Customer Support,True,False,10183811-9b28-4efa-8830-d69cd571d3b3,14,davidpark,Agreed. I want the permanent fix timeline in our next leadership sync. This is now a top-3 priority.,False,Neither,,True,,,,Priority elevation — informational/directive already captured by prior delegation
101f26aa-3384-4f0b-83d0-6c5a0ba86990,Employee Relations & Policy Updates,OneOnOne,Human Resources,True,False,83e0c412-2933-43f7-93cf-44ef7e0eb9db,0,daniellewright,"Sarah, I need to flag something sensitive. We received a formal complaint from an employee on the engineering team about their manager's communication style.",False,Neither,,True,,,,FYI — no ask yet. Important due to HR/legal sensitivity.
101f26aa-3384-4f0b-83d0-6c5a0ba86990,Employee Relations & Policy Updates,OneOnOne,Human Resources,True,True,76e44f45-c683-49f3-bca0-436b7fd266aa,1,sarahmitchell,Thanks for bringing this to me. Is this something HR can handle through normal channels or do we need legal involved?,True,RfK,Decision Request,True,Implicit,daniellewright,,Decision request about process — Important due to sensitivity
101f26aa-3384-4f0b-83d0-6c5a0ba86990,Employee Relations & Policy Updates,OneOnOne,Human Resources,True,True,2952cd01-0ccd-4279-8bc0-62790df960bc,2,daniellewright,"HR can handle the initial investigation. If it escalates to a formal grievance, we'll need Amanda. For now, I'd like your permission to proceed with the informal resolution process.",True,RfK,Confirmation / Permission,True,Implicit,sarahmitchell,,Permission request from HR to CEO
101f26aa-3384-4f0b-83d0-6c5a0ba86990,Employee Relations & Policy Updates,OneOnOne,Human Resources,True,False,17ad2699-228a-4e4d-aea0-8d29244f52a8,3,sarahmitchell,You have my go-ahead. Keep me updated on progress but use your judgment on the approach.,False,Neither,,False,,,,Permission granted — no new task
101f26aa-3384-4f0b-83d0-6c5a0ba86990,Employee Relations & Policy Updates,OneOnOne,Human Resources,True,False,b0749d49-ab29-4296-92fa-fc977054b774,4,daniellewright,Will do. Separately — the new PTO policy goes into effect Monday. I've sent the company-wide announcement but wanted to give you a heads-up in case anyone on the leadership team has questions.,False,Neither,,False,,,fyi_heads_up,"FYI/informational — no task, just a heads-up"
101f26aa-3384-4f0b-83d0-6c5a0ba86990,Employee Relations & Policy Updates,OneOnOne,Human Resources,True,True,e453de74-6961-44cf-b236-ca80c2ca0a66,5,sarahmitchell,Got it. Did you include the grandfathering clause for people who already have trips booked?,True,RfK,Question,False,Implicit,daniellewright,,Question about policy detail
101f26aa-3384-4f0b-83d0-6c5a0ba86990,Employee Relations & Policy Updates,OneOnOne,Human Resources,True,True,cd551b5c-a85a-4e82-b6f3-d4d42ef140f3,6,daniellewright,"Yes, it's in section 3 of the policy doc. Anyone with pre-approved PTO keeps their existing dates.",False,Neither,,False,,,,Informational response
101f26aa-3384-4f0b-83d0-6c5a0ba86990,Employee Relations & Policy Updates,OneOnOne,Human Resources,True,True,f59f18a5-c59a-466c-b725-ed1a7272a1ed,7,sarahmitchell,Perfect. One more thing — can you pull together the Q1 attrition numbers? I need them for the board deck.,True,RfA,Action Request,True,Implicit,daniellewright,,Action request + board dependency → Important
101f26aa-3384-4f0b-83d0-6c5a0ba86990,Employee Relations & Policy Updates,OneOnOne,Human Resources,True,False,39856c0a-80b6-426e-8597-adde97ac68d6,8,daniellewright,I'll have them to you by Thursday. Do you want voluntary and involuntary broken out separately?,False,Neither,,False,,,,Clarifying question
101f26aa-3384-4f0b-83d0-6c5a0ba86990,Employee Relations & Policy Updates,OneOnOne,Human Resources,True,False,56f1e36e-9d42-4e32-86f1-7585be410555,9,sarahmitchell,"Yes, both. And if you can include a comparison to industry benchmarks, that would be helpful.",False,Neither,,False,,,,Answer — informational
101f26aa-3384-4f0b-83d0-6c5a0ba86990,Employee Relations & Policy Updates,OneOnOne,Human Resources,True,False,453655fc-bbb7-4b1d-a5e5-7fcea8597ba2,10,daniellewright,Will do. Thanks Sarah.,False,Neither,,False,,,,Acknowledgment
1dac8475-4df4-440b-8e86-06fbcf15bdf1,Q2 Kickoff Planning,Group,Executive,False,False,c2b65194-38aa-468b-8ac2-54476cc8caec,0,sarahmitchell,We need to get the Q2 kickoff on the calendar ASAP. @David @Rachel @Michael @Laura @Danielle — what does next Tuesday look like for everyone?,False,Neither,,True,,,,Multi-assignee availability request with urgency
1dac8475-4df4-440b-8e86-06fbcf15bdf1,Q2 Kickoff Planning,Group,Executive,False,False,e69be088-aeff-442d-baab-5a9a14ab50f6,1,davidpark,Tuesday works for me. Morning is better — I have a deployment window in the afternoon.,False,Neither,,False,,,,RSVP response — informational
1dac8475-4df4-440b-8e86-06fbcf15bdf1,Q2 Kickoff Planning,Group,Executive,False,False,0be802ba-7f50-48ca-af3a-38f1fddfde2d,2,racheltorres,I can do Tuesday before noon. I have the audit committee call at 1 PM.,False,Neither,,False,,,,RSVP response with constraint — informational
1dac8475-4df4-440b-8e86-06fbcf15bdf1,Q2 Kickoff Planning,Group,Executive,False,False,28ddd307-585b-444f-90b6-ca783e9bc13b,3,michaelchen,Tuesday is out for me — I'm in New York for client meetings all day. What about Wednesday?,False,Neither,,False,,,counter_proposal_scheduling,Counter-proposal — scheduling back to group
1dac8475-4df4-440b-8e86-06fbcf15bdf1,Q2 Kickoff Planning,Group,Executive,False,False,453d03b6-fcbf-4692-bf5e-e5f6d7c422e9,4,laurakim,Either day works for me.,False,Neither,,False,,,,RSVP — informational
1dac8475-4df4-440b-8e86-06fbcf15bdf1,Q2 Kickoff Planning,Group,Executive,False,False,a84cf3de-f228-4fac-8585-587774a79b5a,5,daniellewright,Tuesday or Wednesday both fine.,False,Neither,,False,,,,RSVP — informational
1dac8475-4df4-440b-8e86-06fbcf15bdf1,Q2 Kickoff Planning,Group,Executive,False,False,902da994-68dd-4376-9c1f-abd27c7b7002,6,sarahmitchell,"Let's do Wednesday 10 AM then. Michael, can you join remotely if needed?",False,Neither,,False,,,,Confirmation request directed at Michael by name (no @mention)
1dac8475-4df4-440b-8e86-06fbcf15bdf1,Q2 Kickoff Planning,Group,Executive,False,False,b0bed4b8-613d-45f7-8ada-db504314c6bb,7,michaelchen,"Yes, I'll dial in from the hotel.",False,Neither,,False,,,,Confirmation — informational
1dac8475-4df4-440b-8e86-06fbcf15bdf1,Q2 Kickoff Planning,Group,Executive,False,False,307e15af-b000-4448-ba68-b2763c0b4688,8,sarahmitchell,"@Danielle, can you book the all-hands room and send the invite?",False,Neither,,False,,,,Scheduling action delegation via @mention
1dac8475-4df4-440b-8e86-06fbcf15bdf1,Q2 Kickoff Planning,Group,Executive,False,False,12455b05-f1ad-4d95-a633-e144d910faab,9,daniellewright,On it. Should I include the full leadership team or just this group?,False,Neither,,False,,,,Clarifying question to the requester
1dac8475-4df4-440b-8e86-06fbcf15bdf1,Q2 Kickoff Planning,Group,Executive,False,False,57b74d35-df0f-4fc2-86fd-c96e82adeffe,10,sarahmitchell,Full leadership team plus the department heads.,False,Neither,,False,,,,Answer — informational
1dac8475-4df4-440b-8e86-06fbcf15bdf1,Q2 Kickoff Planning,Group,Executive,False,False,1db29eb2-a313-45bf-8c53-d31a6dbf6a19,11,racheltorres,Can someone prepare the financial overview slides? I can do the numbers but need templates from marketing.,False,Neither,,False,,,partial_self_assignment_partial_unassigned,Rachel volunteers for numbers but asks 'someone' for templates → Unassigned for the template part
1dac8475-4df4-440b-8e86-06fbcf15bdf1,Q2 Kickoff Planning,Group,Executive,False,False,88b0f9eb-45fa-4c36-9ba2-7711fe8f9c69,12,laurakim,I'll send you the template deck today.,False,Neither,,False,,,self_assigned_via_reply,Commitment — replying with commitment
1dac8475-4df4-440b-8e86-06fbcf15bdf1,Q2 Kickoff Planning,Group,Executive,False,False,9c6c1f6d-07be-4d89-bb00-07400cdd6247,13,sarahmitchell,Thanks everyone. Let's make this a good kickoff. 🚀,False,Neither,,False,,,,Social / motivational — no task
979a8aa2-d4c9-4e2f-8181-b829a049e4e9,Security Incident Postmortem — March 28 Breach Attempt,Meeting,Engineering,True,True,4bfc52dc-6885-421b-a258-7a37894f2698,0,davidpark,"OK everyone, let's walk through the March 28 incident. James, can you give us the timeline?",True,RfK,Action Request,True,Implicit,jameswilson,,Action request in meeting context — present timeline
979a8aa2-d4c9-4e2f-8181-b829a049e4e9,Security Incident Postmortem — March 28 Breach Attempt,Meeting,Engineering,True,False,ce2c4510-b712-42cf-842b-819b819c6b02,1,jameswilson,"At 3:12 AM Pacific, our IDS flagged anomalous traffic from an IP range associated with known threat actors. The traffic was targeting our staging environment's API gateway.",False,Neither,,True,,,,Informational — incident details. Important due to security.
979a8aa2-d4c9-4e2f-8181-b829a049e4e9,Security Incident Postmortem — March 28 Breach Attempt,Meeting,Engineering,True,False,77e011b8-da03-4065-891b-d0990c932959,2,jameswilson,"By 3:24 AM, the automated WAF rules blocked the majority of requests. However, approximately 2,400 requests made it through before the rules kicked in.",False,Neither,,True,,,,Informational — continued timeline
979a8aa2-d4c9-4e2f-8181-b829a049e4e9,Security Incident Postmortem — March 28 Breach Attempt,Meeting,Engineering,True,True,1860488a-87ae-4dbb-98d9-f5442f9d8ac6,3,amandafoster,Were any customer data endpoints exposed during that 12-minute window?,True,RfK,Question,True,Implicit,jameswilson,,Critical question about data exposure — Important
979a8aa2-d4c9-4e2f-8181-b829a049e4e9,Security Incident Postmortem — March 28 Breach Attempt,Meeting,Engineering,True,True,3f3e4def-a278-4359-97e5-e6a2be152cd1,4,jameswilson,No. The staging environment uses synthetic data. No customer PII was at risk.,False,Neither,,False,,,,Informational — answering question
979a8aa2-d4c9-4e2f-8181-b829a049e4e9,Security Incident Postmortem — March 28 Breach Attempt,Meeting,Engineering,True,True,b8dd626e-5c09-486f-b5a6-627daada5309,5,amandafoster,"That's a relief. But we still need to document this for our SOC 2 compliance records. @James, can you prepare the incident report in the required format by end of week?",True,RfA,Action Request,True,Explicit,jameswilson,,Compliance documentation request — Important due to SOC 2
979a8aa2-d4c9-4e2f-8181-b829a049e4e9,Security Incident Postmortem — March 28 Breach Attempt,Meeting,Engineering,True,True,a14d6e8b-80d9-4643-ad28-4d1c1fe3a1de,6,davidpark,"Agreed. And we need to address the 12-minute gap. @Priya, can you review the WAF rule propagation latency? I want that gap under 60 seconds.",True,RfA,Action Request,True,Explicit,priyasharma,,Security hardening task — Important
979a8aa2-d4c9-4e2f-8181-b829a049e4e9,Security Incident Postmortem — March 28 Breach Attempt,Meeting,Engineering,True,False,10a72455-4e1d-488a-afcb-81692262d3ea,7,priyasharma,I'll look into it. The latency is mostly due to the rule sync between our edge nodes. We might need to move to a push-based model.,False,Neither,,False,,,,Acknowledgment + preliminary analysis
979a8aa2-d4c9-4e2f-8181-b829a049e4e9,Security Incident Postmortem — March 28 Breach Attempt,Meeting,Engineering,True,True,8c4d81d0-53ac-4f16-9f6a-521b8bcbaaea,8,alexkumar,What about the staging environment access controls? Should we be putting staging behind the same WAF as production?,True,RfK,Decision Request,True,Unassigned,,decision_request_to_group,Decision request to group — no specific target
979a8aa2-d4c9-4e2f-8181-b829a049e4e9,Security Incident Postmortem — March 28 Breach Attempt,Meeting,Engineering,True,True,24fe26fb-90c0-407b-aa04-d5b99c8ce6b7,9,davidpark,"Yes. Let's not have different security postures. @Alex, can you draft a proposal to unify the security controls across all environments?",True,RfA,Delegation,True,Explicit,alexkumar,,Delegation with @mention
979a8aa2-d4c9-4e2f-8181-b829a049e4e9,Security Incident Postmortem — March 28 Breach Attempt,Meeting,Engineering,True,True,1760a7c5-75d4-4540-85d3-5724e43c8998,10,amandafoster,"One more thing — given this is the second security event this quarter, I recommend we brief the board's audit committee. Sarah should be in the loop.",True,RfA,Action Request,True,Unassigned,,recommendation_as_task,"Recommendation framed as 'I recommend we...' → HasTask because it requires action, but assignee unclear"
979a8aa2-d4c9-4e2f-8181-b829a049e4e9,Security Incident Postmortem — March 28 Breach Attempt,Meeting,Engineering,True,True,18f750ef-f442-4379-b292-bd607ccd9157,11,davidpark,"I'll brief Sarah today and schedule the audit committee update. Good call, Amanda.",False,Neither,,True,,,self_assigned_commitment,Commitment — CTO takes ownership of board briefing
979a8aa2-d4c9-4e2f-8181-b829a049e4e9,Security Incident Postmortem — March 28 Breach Attempt,Meeting,Engineering,True,False,a7cba565-f675-45f6-9ca1-bfbdab3eed4f,12,jameswilson,"Action items from my side: (1) incident report for SOC 2 by Friday, (2) WAF rule propagation analysis with @Priya. Anything I'm missing?",False,Neither,,False,,,summary_with_confirmation_request,Self-summary of action items + confirmation request to group
979a8aa2-d4c9-4e2f-8181-b829a049e4e9,Security Incident Postmortem — March 28 Breach Attempt,Meeting,Engineering,True,False,92c34e96-5e1e-47f0-ad9d-a97584a93b3f,13,davidpark,That covers it. Thanks everyone. Let's close the loop on all items by next Monday.,False,Neither,,False,,,,Closing — no new task
e043b1b6-d428-4efd-8987-646cccbcd2e2,Q1 Close & Audit Prep Follow-ups,OneOnOne,Finance,True,True,6bb1c2ab-3326-4fe4-afa9-43c8ae01e12b,0,racheltorres,"Kevin, where are we on the Q1 close reconciliation? The external auditors start next Monday.",True,RfK,Follow-up,True,Implicit,kevinzhang,,Follow-up + audit deadline → Important
e043b1b6-d428-4efd-8987-646cccbcd2e2,Q1 Close & Audit Prep Follow-ups,OneOnOne,Finance,True,False,cd252857-a3a6-45d7-a62f-5bd65cbc7a15,1,kevinzhang,Revenue recognition is done. Still working on the deferred revenue adjustments — should be complete by Thursday.,False,Neither,,False,,,,Status update — informational
e043b1b6-d428-4efd-8987-646cccbcd2e2,Q1 Close & Audit Prep Follow-ups,OneOnOne,Finance,True,True,c6382b17-f98a-454d-b2b7-6c277a98dd4f,2,racheltorres,Thursday is cutting it close. Can you finish by Wednesday instead? I need a day to review before the auditors arrive.,True,RfA,Action Request,True,Implicit,kevinzhang,,Accelerated deadline request — Important
e043b1b6-d428-4efd-8987-646cccbcd2e2,Q1 Close & Audit Prep Follow-ups,OneOnOne,Finance,True,False,7fd7ed37-9297-4e80-96a1-61f2fbc250a6,3,kevinzhang,I'll try. The main blocker is the inter-company elimination entries — I'm waiting on the UK office's numbers.,False,Neither,,True,,,,Blocker — informational. Important because it threatens audit readiness.
e043b1b6-d428-4efd-8987-646cccbcd2e2,Q1 Close & Audit Prep Follow-ups,OneOnOne,Finance,True,True,4be3547b-e166-49cf-abce-0dca102bc6ae,4,racheltorres,Follow up with them today. Tell them it's for the external audit — that usually gets fast responses.,True,RfA,Action Request,True,Implicit,kevinzhang,,Direct instruction to follow up with dependency
e043b1b6-d428-4efd-8987-646cccbcd2e2,Q1 Close & Audit Prep Follow-ups,OneOnOne,Finance,True,True,9f208de0-d178-4aeb-b9f5-aadae3dbe254,5,kevinzhang,Will do. Also — I noticed a $47K variance in the SaaS subscription accruals. It looks like a timing difference but I want to flag it before the auditors find it.,True,RfK,Question,True,Implicit,racheltorres,flag_as_implicit_question,'I want to flag it' — implicitly asking Rachel for guidance on how to handle it
e043b1b6-d428-4efd-8987-646cccbcd2e2,Q1 Close & Audit Prep Follow-ups,OneOnOne,Finance,True,True,70f467d0-a75a-4a99-a9d0-6614a9a2b34a,6,racheltorres,"Good catch. Prepare a variance analysis memo. If it's truly a timing difference, we document it; if it's a real error, we need to correct before close.",True,RfA,Action Request,True,Implicit,kevinzhang,,Action request — prepare memo
e043b1b6-d428-4efd-8987-646cccbcd2e2,Q1 Close & Audit Prep Follow-ups,OneOnOne,Finance,True,False,851a41e4-38d0-43db-a71e-4c407151fa46,7,kevinzhang,I'll have the memo ready alongside the reconciliation.,False,Neither,,False,,,,Acknowledgment + commitment
e043b1b6-d428-4efd-8987-646cccbcd2e2,Q1 Close & Audit Prep Follow-ups,OneOnOne,Finance,True,False,3e51bac4-b54c-43b5-8a5e-35059455be6d,8,racheltorres,Thanks Kevin. Let's make sure this audit goes smoothly. Last year's was rough.,False,Neither,,False,,,,Social / motivational — no task
9fcdf218-2f97-41a7-8ac3-61e5872f3c17,Meridian Analytics Pro — Launch Go/No-Go,Group,Cross-functional,True,False,ee4842c0-003b-402b-b058-eeabf6fc4828,0,sarahmitchell,Team — we need to make the go/no-go call on the Analytics Pro launch by end of today. Let's do a quick round-robin. @David — engineering readiness?,False,Neither,,True,,,,Status request for go/no-go — Important
9fcdf218-2f97-41a7-8ac3-61e5872f3c17,Meridian Analytics Pro — Launch Go/No-Go,Group,Cross-functional,True,False,41ece82e-8ca7-4a76-ac71-3235ff557eea,1,davidpark,"Engineering is green. All P0 bugs fixed, performance benchmarks met, and we passed the security review. One P2 cosmetic issue remains but it's not a blocker.",False,Neither,,False,,,,Status update — informational
9fcdf218-2f97-41a7-8ac3-61e5872f3c17,Meridian Analytics Pro — Launch Go/No-Go,Group,Cross-functional,True,False,9f2a0982-4fc4-47c2-8421-6a2d44cea9fb,2,sarahmitchell,@Rachel — financial projections still on track?,False,Neither,,True,,,,Status request to CFO
9fcdf218-2f97-41a7-8ac3-61e5872f3c17,Meridian Analytics Pro — Launch Go/No-Go,Group,Cross-functional,True,False,ddb5b176-6c58-4521-bf29-d22b08a9bbc5,3,racheltorres,Yes. Break-even in 8 months with current pipeline. Michael's team has $1.2M in pre-launch commitments.,False,Neither,,False,,,,Status update — informational
9fcdf218-2f97-41a7-8ac3-61e5872f3c17,Meridian Analytics Pro — Launch Go/No-Go,Group,Cross-functional,True,False,cec3e41a-9c14-4c91-b608-f1e586f3fd97,4,sarahmitchell,@Michael — sales team ready?,False,Neither,,True,,,,Status request to VP Sales
9fcdf218-2f97-41a7-8ac3-61e5872f3c17,Meridian Analytics Pro — Launch Go/No-Go,Group,Cross-functional,True,False,f4b5d314-5edc-44e5-b294-af28fd1bbca5,5,michaelchen,Ready. All AEs have been trained. One concern: Vertex Industries wants exclusive early access and is threatening to pull their renewal if we don't offer it.,False,Neither,,True,,,embedded_decision_in_status,Status report that contains an embedded decision request — should we offer exclusive access?
9fcdf218-2f97-41a7-8ac3-61e5872f3c17,Meridian Analytics Pro — Launch Go/No-Go,Group,Cross-functional,True,False,69e4cc3f-84b1-45cb-b549-54c5ff79afcb,6,amandafoster,I'd advise against exclusive access. It sets a precedent and the contract language would be complex. We can offer 30-day head start instead.,False,Neither,,False,,,,Opinion/recommendation — informational
9fcdf218-2f97-41a7-8ac3-61e5872f3c17,Meridian Analytics Pro — Launch Go/No-Go,Group,Cross-functional,True,True,10e1bf68-6ae5-4cee-9b17-c84055786c03,7,sarahmitchell,"Go with Amanda's recommendation — 30-day head start, no exclusivity. @Michael, communicate that to Vertex today.",True,RfA,Action Request,True,Explicit,michaelchen,,Action request — communicate decision to customer
9fcdf218-2f97-41a7-8ac3-61e5872f3c17,Meridian Analytics Pro — Launch Go/No-Go,Group,Cross-functional,True,False,ab4a5009-49c2-42e0-a22c-6f757637e189,8,sarahmitchell,@Laura — marketing launch plan ready?,False,Neither,,False,,,,Status request to marketing
9fcdf218-2f97-41a7-8ac3-61e5872f3c17,Meridian Analytics Pro — Launch Go/No-Go,Group,Cross-functional,True,False,0afaee87-86cc-4478-b678-73c196982dee,9,laurakim,"All assets are staged. Press release goes out at 6 AM Pacific on launch day. Social campaign is scheduled. One ask: can we get a customer quote for the press release? @Michael, any of your accounts willing?",False,Neither,,False,,,,Question to Michael — need customer quote
9fcdf218-2f97-41a7-8ac3-61e5872f3c17,Meridian Analytics Pro — Launch Go/No-Go,Group,Cross-functional,True,False,fa8deb20-5c50-4f24-a069-2c3a5761a2be,10,michaelchen,I'll reach out to Pinnacle Systems — they've been our most vocal champion. Should have an answer by tomorrow morning.,False,Neither,,False,,,self_assigned_commitment,Commitment — sender commits
9fcdf218-2f97-41a7-8ac3-61e5872f3c17,Meridian Analytics Pro — Launch Go/No-Go,Group,Cross-functional,True,True,0a77199e-c909-4a1e-9e27-cac2fd623997,11,sarahmitchell,@Amanda — any legal blockers we should know about?,True,RfK,Question,False,Explicit,amandafoster,,Question to legal
9fcdf218-2f97-41a7-8ac3-61e5872f3c17,Meridian Analytics Pro — Launch Go/No-Go,Group,Cross-functional,True,True,978ad51c-7580-489a-ae01-05f24169f0f3,12,amandafoster,No blockers. ToS and privacy policy updates are live. One reminder: the GDPR data processing addendum needs to be available on the product page before EU customers can sign up.,True,RfA,Action Request,True,Unassigned,,reminder_as_task_no_assignee,Reminder that someone needs to ensure DPA is on product page — but no specific assignee
9fcdf218-2f97-41a7-8ac3-61e5872f3c17,Meridian Analytics Pro — Launch Go/No-Go,Group,Cross-functional,True,True,64a4b0d2-59b2-4177-8807-efb2cf3946fb,13,sarahmitchell,"OK — I'm calling it. We are GO for launch on Monday. The only open item is the GDPR addendum on the product page. @David, can your team handle that?",True,RfA,Action Request,True,Explicit,davidpark,,Final action item — Important (launch gating)
9fcdf218-2f97-41a7-8ac3-61e5872f3c17,Meridian Analytics Pro — Launch Go/No-Go,Group,Cross-functional,True,False,4c99a2c5-6d00-434e-be97-bc11d9cbcaea,14,davidpark,Will get it done by Friday.,False,Neither,,False,,,,Acknowledgment + commitment
9fcdf218-2f97-41a7-8ac3-61e5872f3c17,Meridian Analytics Pro — Launch Go/No-Go,Group,Cross-functional,True,False,aa53d6cf-b694-48b8-bf6e-81ae6e6d026f,15,sarahmitchell,Thanks everyone. Great work getting us here. 🎉,False,Neither,,False,,,,Social / celebratory — no task
8a7556de-7c88-4ae2-be5a-19ed21b69964,Dev Tooling Frustrations,OneOnOne,Engineering,True,True,a99c883b-c2eb-4597-998b-1cdf61a9a958,0,priyasharma,Is the CI pipeline ever going to be stable? I've had 3 failed builds today because of infra timeouts.,True,RfK,Question,False,Implicit,jameswilson,rhetorical_but_real_question,Sounds rhetorical but is a real question — Priya wants to know if there's a fix coming. HasTask=TRUE.
8a7556de-7c88-4ae2-be5a-19ed21b69964,Dev Tooling Frustrations,OneOnOne,Engineering,True,False,ab014df4-6657-4756-993d-65a26b315e0b,1,jameswilson,"I know, it's been rough. The timeout issue is related to the shared runner pool being overloaded. I've been trying to get budget approval for dedicated runners since January.",False,Neither,,False,,,,Informational — context/explanation
8a7556de-7c88-4ae2-be5a-19ed21b69964,Dev Tooling Frustrations,OneOnOne,Engineering,True,True,d45c0617-c529-4cd7-94ec-350e44229d62,2,priyasharma,January?! Who do we need to escalate to?,True,RfK,Question,True,Implicit,jameswilson,escalation_question,Question about escalation path — Important due to blocking dev productivity
8a7556de-7c88-4ae2-be5a-19ed21b69964,Dev Tooling Frustrations,OneOnOne,Engineering,True,False,6359c5f7-1c8a-43b8-847b-9cb441bb6a0b,3,jameswilson,"Alex said he'd take it to David. But honestly, I don't think it's been prioritized. Maybe if it comes from your side too it'll get more attention.",False,Neither,,False,,,passive_request_for_help,"Implicit suggestion for Priya to also escalate — but not a direct ask. HasTask=FALSE because it's a suggestion, not a request."
8a7556de-7c88-4ae2-be5a-19ed21b69964,Dev Tooling Frustrations,OneOnOne,Engineering,True,True,64644964-49e4-415b-bc5f-b662ebe76c5d,4,priyasharma,"I'll mention it in the next eng sync. In the meantime, can you at least increase the timeout threshold so my builds don't fail?",True,RfA,Action Request,False,Implicit,jameswilson,,Concrete action request + self-commitment to escalate
8a7556de-7c88-4ae2-be5a-19ed21b69964,Dev Tooling Frustrations,OneOnOne,Engineering,True,False,589ca427-a9c3-45a2-9e87-8d4d396fcd48,5,jameswilson,"Yeah, I can bump it from 300s to 600s. That should help for now. Done.",False,Neither,,False,,,,Completed action — no new task
8a7556de-7c88-4ae2-be5a-19ed21b69964,Dev Tooling Frustrations,OneOnOne,Engineering,True,False,17beb792-b9f6-41ab-a6c9-0703228aa698,6,priyasharma,Thanks 🙏,False,Neither,,False,,,emoji_only_acknowledgment,Acknowledgment with emoji — no task
8a7556de-7c88-4ae2-be5a-19ed21b69964,Dev Tooling Frustrations,OneOnOne,Engineering,True,True,6ff308ab-daba-487c-9936-3fde16517c49,7,jameswilson,👍,False,Neither,,False,,,emoji_only_response,"Emoji-only response — no task, social"
8a7556de-7c88-4ae2-be5a-19ed21b69964,Dev Tooling Frustrations,OneOnOne,Engineering,True,True,d762b97f-95d5-45e9-9f41-73ab5a7c199c,8,priyasharma,While we're at it — the staging environment has been super slow too. Same issue?,True,RfK,Question,False,Implicit,jameswilson,,New question on related topic
8a7556de-7c88-4ae2-be5a-19ed21b69964,Dev Tooling Frustrations,OneOnOne,Engineering,True,False,91ad5a05-d83c-4f07-ba33-af3a46ff5cf0,9,jameswilson,Different issue actually. Staging is overprovisioned on apps but underprovisioned on database. We need to rebalance. I'll create a ticket.,False,Neither,,False,,,self_assigned_commitment,Commitment — will create ticket
7147ba26-e2dd-4bb8-8f27-ae28cdae9171,Product Roadmap Alignment,Group,Engineering,True,False,970fe5a6-c6e6-4ace-a9eb-24d112dc694c,0,davidpark,We need to rethink our approach to the mobile SDK. It's been deprioritized for too long.,False,Neither,,False,,,first_person_plural_no_assignee,'We need to' — first-person plural with no specific assignee → HasTask=FALSE per spec classification table
7147ba26-e2dd-4bb8-8f27-ae28cdae9171,Product Roadmap Alignment,Group,Engineering,True,False,c305fa00-2499-43cf-a06e-8a1b1e365852,1,alexkumar,Agreed. But who's going to own it? We don't have mobile engineers.,False,Neither,,False,,,who_owns_this,Ownership question → Unassigned
7147ba26-e2dd-4bb8-8f27-ae28cdae9171,Product Roadmap Alignment,Group,Engineering,True,False,00e9b4a2-97cd-4a10-b6f2-14bb5d42dd07,2,michaelchen,"From a sales perspective, we're losing deals because of the mobile gap. Three prospects in Q1 went with competitors specifically because of this.",False,Neither,,True,,,,Sales impact data — informational. Important due to revenue impact.
7147ba26-e2dd-4bb8-8f27-ae28cdae9171,Product Roadmap Alignment,Group,Engineering,True,False,1eaac30a-ab87-4ee7-863a-8b763082ae6b,3,laurakim,We should put together a competitive analysis of mobile offerings. It would strengthen the business case.,False,Neither,,False,,,should_statement_no_assignee,'We should' — suggestion without specific owner → HasTask=FALSE per first-person-plural rule
7147ba26-e2dd-4bb8-8f27-ae28cdae9171,Product Roadmap Alignment,Group,Engineering,True,True,663528ca-e238-4473-afc4-fb3fe1f72472,4,davidpark,"Here's what I propose: Let's outsource the initial SDK build. @Alex, can you vet 3 agencies and bring recommendations to next week's sync?",True,RfA,Delegation,False,Explicit,alexkumar,,Explicit delegation with @mention — action request
7147ba26-e2dd-4bb8-8f27-ae28cdae9171,Product Roadmap Alignment,Group,Engineering,True,True,750c165a-ee92-4d6a-8ef0-cf4c84996c34,5,alexkumar,"I'll reach out to our usual vendors. @Priya, you worked with a mobile SDK shop at your last company right? Can you share the contact?",True,RfK,Question,False,Explicit,priyasharma,,Explicit question via @mention
7147ba26-e2dd-4bb8-8f27-ae28cdae9171,Product Roadmap Alignment,Group,Engineering,True,False,dc9d3f4d-1bcd-499b-8788-0e25dec3fd15,6,priyasharma,Yeah — AppForge. They did solid work. I'll send you their info.,False,Neither,,False,,,self_assigned_commitment,Commitment — sender commits to share contact
7147ba26-e2dd-4bb8-8f27-ae28cdae9171,Product Roadmap Alignment,Group,Engineering,True,True,d5cdc11e-66a6-4695-b629-0b76c7c57cab,7,michaelchen,Let's also loop in Sofia — she has direct feedback from the prospects who churned over mobile.,False,Neither,,False,,,lets_also_suggestion,'Let's also' — suggestion with no specific owner → HasTask=FALSE
7147ba26-e2dd-4bb8-8f27-ae28cdae9171,Product Roadmap Alignment,Group,Engineering,True,True,ff54283d-7af5-4fca-a1e2-7959d5bd11b4,8,davidpark,"Good idea. @Alex, include Sofia in the vendor eval process.",True,RfA,Action Request,False,Explicit,alexkumar,,Explicit action request via @mention
7147ba26-e2dd-4bb8-8f27-ae28cdae9171,Product Roadmap Alignment,Group,Engineering,True,False,a86dae08-1cb3-4587-b944-7773d08b0521,9,alexkumar,Got it. I'll set up a shared channel for the eval.,False,Neither,,False,,,,Acknowledgment + commitment
c5881020-c9ba-4c41-9d01-ef20048f93af,Meridian Technologies Q1 All-Hands,Meeting,Executive,True,False,01ef7ea0-6e04-490e-976f-8ae403f5c922,0,sarahmitchell,Welcome everyone to our Q1 all-hands! We have a lot to cover today. Let's get started.,False,Neither,,False,,,,Opening — social/phatic
c5881020-c9ba-4c41-9d01-ef20048f93af,Meridian Technologies Q1 All-Hands,Meeting,Executive,True,False,b9c5ad44-9c11-4746-80a5-2ca6971b1dec,1,sarahmitchell,"First, I want to recognize the engineering team for shipping the Analytics Pro feature ahead of schedule. Amazing work.",False,Neither,,False,,,,Recognition — social
c5881020-c9ba-4c41-9d01-ef20048f93af,Meridian Technologies Q1 All-Hands,Meeting,Executive,True,False,44ae0a14-182e-45a9-8270-8cf3aeb2e24e,2,davidpark,Team really crushed it. 🎉,False,Neither,,False,,,,Social / celebration
c5881020-c9ba-4c41-9d01-ef20048f93af,Meridian Technologies Q1 All-Hands,Meeting,Executive,True,False,b8a437fb-f8a1-48ee-8631-7836ed5a4dae,3,priyasharma,Thanks! It was a team effort. 💪,False,Neither,,False,,,,Social / acknowledgment
c5881020-c9ba-4c41-9d01-ef20048f93af,Meridian Technologies Q1 All-Hands,Meeting,Executive,True,False,6417e038-f662-447e-afec-c88d8b1d6682,4,sarahmitchell,"Q1 revenue came in at $14.2M against a target of $13.8M. Rachel, do you want to walk us through the highlights?",False,Neither,,False,,,,Action request in meeting — present
c5881020-c9ba-4c41-9d01-ef20048f93af,Meridian Technologies Q1 All-Hands,Meeting,Executive,True,False,dea7a1d2-154d-462c-a77a-92b0f23e9e4b,5,racheltorres,"Sure. The overperformance was driven by three large enterprise deals that closed early. Net retention rate is at 118%, up from 112% last quarter.",False,Neither,,False,,,,Informational — presenting
c5881020-c9ba-4c41-9d01-ef20048f93af,Meridian Technologies Q1 All-Hands,Meeting,Executive,True,False,c19cba99-1650-45a7-9cec-77c6fdcc700f,6,kevinzhang,Is the 118% net retention rate inclusive of the Zenith Corp downgrade?,False,Neither,,False,,,,Question to Rachel (she's presenting)
c5881020-c9ba-4c41-9d01-ef20048f93af,Meridian Technologies Q1 All-Hands,Meeting,Executive,True,False,d3a0ed74-fedb-4d0a-ad62-0073ee519c02,7,racheltorres,"Yes, inclusive. Without Zenith it would be 121%.",False,Neither,,False,,,,Informational — answering
c5881020-c9ba-4c41-9d01-ef20048f93af,Meridian Technologies Q1 All-Hands,Meeting,Executive,True,False,e5e57715-a416-4c04-b655-d894853ba70e,8,sofiarodriguez,"On the sales side, we closed 47 new logos in Q1. Pipeline for Q2 is looking strong.",False,Neither,,False,,,,Informational — department update
c5881020-c9ba-4c41-9d01-ef20048f93af,Meridian Technologies Q1 All-Hands,Meeting,Executive,True,False,b021d3e7-d7b8-4e03-983a-5e36cb6f483e,9,michaelchen,The Vertex Industries deal alone is worth $800K ARR. Great work Sofia! 🙌,False,Neither,,False,,,,Social / recognition
c5881020-c9ba-4c41-9d01-ef20048f93af,Meridian Technologies Q1 All-Hands,Meeting,Executive,True,False,586010d0-c534-4777-bbab-b8c46d3617a8,10,daniellewright,Quick HR update: we've hired 12 people this quarter. Current headcount is 187. The engagement survey results will be shared next week.,False,Neither,,False,,,,Informational — HR update
c5881020-c9ba-4c41-9d01-ef20048f93af,Meridian Technologies Q1 All-Hands,Meeting,Executive,True,True,9e16895f-6e77-4654-b486-9ce187dae99a,11,priyasharma,When will the new eng hires start? We're really feeling the capacity crunch.,True,RfK,Question,False,Implicit,daniellewright,,Question directed at HR (she just spoke about hiring)
c5881020-c9ba-4c41-9d01-ef20048f93af,Meridian Technologies Q1 All-Hands,Meeting,Executive,True,True,eca826df-9869-4cb4-bfb7-5386361ca9c5,12,daniellewright,"Four start next Monday, the rest throughout April.",False,Neither,,False,,,,Answer — informational
c5881020-c9ba-4c41-9d01-ef20048f93af,Meridian Technologies Q1 All-Hands,Meeting,Executive,True,False,7a3b7f10-25b9-4ff2-9ca6-965e7115d060,13,alexkumar,Can we get them access to the dev environment before Day 1? Last batch had to wait 3 days for accounts.,False,Neither,,False,,,request_in_allhands,Action request in all-hands context — directed at HR by context
c5881020-c9ba-4c41-9d01-ef20048f93af,Meridian Technologies Q1 All-Hands,Meeting,Executive,True,False,3b29e078-3d8b-4115-92e9-eceeb03001f1,14,daniellewright,Good point. I'll coordinate with IT to have everything set up by Friday.,False,Neither,,False,,,self_assigned_commitment,Commitment — sender commits
c5881020-c9ba-4c41-9d01-ef20048f93af,Meridian Technologies Q1 All-Hands,Meeting,Executive,True,False,826a8165-748b-4cf7-8372-2b0cabdf2014,15,sarahmitchell,Great discussion everyone. We're in a strong position heading into Q2. Let's keep the momentum going!,False,Neither,,False,,,,"Closing — motivational, no task"
c5881020-c9ba-4c41-9d01-ef20048f93af,Meridian Technologies Q1 All-Hands,Meeting,Executive,True,False,f9635fe7-2d83-413e-af03-ac739317e2d0,16,laurakim,Thanks everyone! 👏,False,Neither,,False,,,,Social / closing
c5881020-c9ba-4c41-9d01-ef20048f93af,Meridian Technologies Q1 All-Hands,Meeting,Executive,True,False,307edd82-35e9-48df-925e-eba8a6488a2b,17,ninacosta,Great all-hands! 🎉,False,Neither,,False,,,,Social / phatic
c5881020-c9ba-4c41-9d01-ef20048f93af,Meridian Technologies Q1 All-Hands,Meeting,Executive,True,False,7a731171-ba1e-478f-8c12-f9ae0831bcd6,18,ecosyncbot,📋 Meeting ended. Duration: 47 minutes. Recording and transcript are now available in the meeting chat. AI-generated summary will be ready in ~5 minutes.,False,Neither,,False,,,bot_generated,Bot-generated content — always FALSE per spec (not human-authored)
122a225a-d090-4ca3-b7df-4cad9c79d69a,Deal Pipeline & Forecast Review,OneOnOne,Sales,True,True,351cf13a-a1d2-47ab-a856-e3a7a4b33711,0,michaelchen,"Sofia, I need an updated forecast for Q2 by tomorrow morning. The board package goes to Sarah at noon.",True,RfA,Action Request,True,Implicit,sofiarodriguez,,Action request + board deadline → Important
122a225a-d090-4ca3-b7df-4cad9c79d69a,Deal Pipeline & Forecast Review,OneOnOne,Sales,True,False,3a8c3f44-066c-4f74-931b-4dc875c8f148,1,sofiarodriguez,I'll have it ready by 9 AM. Quick question — should I include the Acme deal at full value or weighted probability?,False,Neither,,False,,,,Clarifying question
122a225a-d090-4ca3-b7df-4cad9c79d69a,Deal Pipeline & Forecast Review,OneOnOne,Sales,True,False,d87ff2ca-4edb-43a5-a53a-3199b702fb73,2,michaelchen,Weighted. We can't count on full value until legal signs off on their custom terms.,False,Neither,,False,,,,Answer — informational
122a225a-d090-4ca3-b7df-4cad9c79d69a,Deal Pipeline & Forecast Review,OneOnOne,Sales,True,True,e46f2d95-0a7b-407d-b18f-a72a09620b54,3,sofiarodriguez,Got it. Also following up — did you hear back from Rachel about the additional AE headcount? You mentioned escalating it two weeks ago.,True,RfK,Follow-up,False,Implicit,michaelchen,,Follow-up on prior conversation
122a225a-d090-4ca3-b7df-4cad9c79d69a,Deal Pipeline & Forecast Review,OneOnOne,Sales,True,True,29b4b631-8575-43b3-8d66-75a553209cf9,4,michaelchen,Still pending. Rachel wants to see Q1 close rates before committing Q2 headcount. Fair point honestly.,False,Neither,,False,,,,Status update — informational
122a225a-d090-4ca3-b7df-4cad9c79d69a,Deal Pipeline & Forecast Review,OneOnOne,Sales,True,True,cce4fbff-6be7-4fd8-8ecf-2592a908338e,5,sofiarodriguez,The Pinnacle Systems RFP response is due Friday. I've drafted it but need your review on the pricing section. Can you take a look today?,True,RfA,Review / Approval,True,Implicit,michaelchen,,Review request + RFP deadline → Important
122a225a-d090-4ca3-b7df-4cad9c79d69a,Deal Pipeline & Forecast Review,OneOnOne,Sales,True,True,a680dad3-6e7b-41d8-ba47-c9f4efa0a09b,6,michaelchen,Send it over. I'll review after my 2 PM call.,False,Neither,,False,,,,Acknowledgment + commitment
122a225a-d090-4ca3-b7df-4cad9c79d69a,Deal Pipeline & Forecast Review,OneOnOne,Sales,True,True,963fc656-196b-421a-96ca-f11c26212c50,7,sofiarodriguez,Sent. One more thing — Vertex wants to renegotiate their payment terms from net-30 to net-60. Thoughts?,True,RfK,Decision Request,True,Implicit,michaelchen,,Decision request — financial impact on large deal
122a225a-d090-4ca3-b7df-4cad9c79d69a,Deal Pipeline & Forecast Review,OneOnOne,Sales,True,True,bb8189e6-1349-4427-a61d-ca954a4ebda1,8,michaelchen,That's a $800K deal — we don't want to lose it over payment terms. Accept net-60 but ask for auto-renewal in exchange. Run it by Rachel for the cash flow impact.,True,RfA,Action Request,True,Implicit,sofiarodriguez,,Decision + delegation to Sofia to run by Rachel
122a225a-d090-4ca3-b7df-4cad9c79d69a,Deal Pipeline & Forecast Review,OneOnOne,Sales,True,False,7e319481-2c93-4842-9f9d-dfd9b4e9e82a,9,sofiarodriguez,Makes sense. I'll talk to Rachel this afternoon.,False,Neither,,False,,,,Acknowledgment
caea3111-e563-417d-90cb-f9fcc3a6fc50,General - Friday Vibes & Housekeeping,Group,Cross-functional,True,False,d202bb16-5621-4798-8a49-7ab90e60e0ed,0,alexkumar,Happy Friday team! 🍕 Who's up for lunch at the new Thai place?,False,Neither,,False,,,social_question,"Social question — not a task, social coordination"
caea3111-e563-417d-90cb-f9fcc3a6fc50,General - Friday Vibes & Housekeeping,Group,Cross-functional,True,False,61a8e78e-a50c-4b3f-9d61-836e9667d881,1,priyasharma,I'm in! 🙋‍♀️,False,Neither,,False,,,,Social — RSVP to lunch
caea3111-e563-417d-90cb-f9fcc3a6fc50,General - Friday Vibes & Housekeeping,Group,Cross-functional,True,False,0ff44813-4d62-47dc-b519-5adf8f810c40,2,jameswilson,Count me in. I'll drive.,False,Neither,,False,,,,Social — acceptance
caea3111-e563-417d-90cb-f9fcc3a6fc50,General - Friday Vibes & Housekeeping,Group,Cross-functional,True,False,da62e2cd-31bf-4a49-bdb2-24a840a398c2,3,ninacosta,Can't today — I have a dentist appointment at noon. Have fun!,False,Neither,,False,,,,Social — declining
caea3111-e563-417d-90cb-f9fcc3a6fc50,General - Friday Vibes & Housekeeping,Group,Cross-functional,True,False,d05b54c6-b821-4b44-b842-bbc21cb70433,4,chrisevans,I'm remote today but enjoy!,False,Neither,,False,,,,Social / informational
caea3111-e563-417d-90cb-f9fcc3a6fc50,General - Friday Vibes & Housekeeping,Group,Cross-functional,True,False,3468b749-07f5-45bc-9617-8bcc3bed9776,5,jameswilson,"I'm heading to the downtown office for a client meeting this afternoon, back online by 4.",False,Neither,,False,,,senders_own_plan,"Sender's own plan / status — always FALSE per spec (no ask, informational only)"
caea3111-e563-417d-90cb-f9fcc3a6fc50,General - Friday Vibes & Housekeeping,Group,Cross-functional,True,True,c0370e77-7b3f-4d3a-a26d-8631d1615a9e,6,mariasantos,"Before everyone disappears for the weekend — quick reminder that the customer NPS survey results come out Monday. @Alex, can you make sure the eng dashboard is pulling the right data source?",True,RfA,Action Request,False,Explicit,alexkumar,,Action request via @mention embedded in casual conversation
caea3111-e563-417d-90cb-f9fcc3a6fc50,General - Friday Vibes & Housekeeping,Group,Cross-functional,True,True,24f29444-5ae3-4d07-a1fb-e088e7b64244,7,alexkumar,"Sure, I'll double-check it before I leave today.",False,Neither,,False,,,,Acknowledgment + commitment
caea3111-e563-417d-90cb-f9fcc3a6fc50,General - Friday Vibes & Housekeeping,Group,Cross-functional,True,True,b5bcc5e6-8ab3-4598-9813-b7eb1598420b,8,priyasharma,Speaking of dashboards — has anyone noticed the deploy frequency metric is wrong? It's showing 3x our actual rate.,True,RfK,Question,False,Unassigned,,question_noticed_something,Question/observation to group — no specific target → Unassigned
caea3111-e563-417d-90cb-f9fcc3a6fc50,General - Friday Vibes & Housekeeping,Group,Cross-functional,True,False,b2c5cf5a-d2a7-44b5-bebe-d2072b2a1ba1,9,jameswilson,"Yeah, it's double-counting rollbacks. I noticed it last week but kept forgetting to fix it. I'll do it now before I forget again.",False,Neither,,False,,,self_assigned_commitment,Commitment — sender commits
caea3111-e563-417d-90cb-f9fcc3a6fc50,General - Friday Vibes & Housekeeping,Group,Cross-functional,True,True,3c96e572-3b2a-450c-a6dd-d3df3a4618ca,10,ninacosta,"While you're fixing metrics, can you also check if the test pass rate metric is accurate? It seemed off in yesterday's report.",True,RfA,Action Request,False,Implicit,jameswilson,,Piggyback request — directed at James since he's fixing metrics
caea3111-e563-417d-90cb-f9fcc3a6fc50,General - Friday Vibes & Housekeeping,Group,Cross-functional,True,True,b89b388a-0bf1-4728-86e5-6f904d8e02db,11,jameswilson,"Sure, adding it to the list.",False,Neither,,False,,,,Acknowledgment
caea3111-e563-417d-90cb-f9fcc3a6fc50,General - Friday Vibes & Housekeeping,Group,Cross-functional,True,False,56f56645-a41f-4542-801b-a62937583a1c,12,chrisevans,Anyone watching the game tonight? ⚽,False,Neither,,False,,,social_offtopic,"Social — completely off-topic, no task"
caea3111-e563-417d-90cb-f9fcc3a6fc50,General - Friday Vibes & Housekeeping,Group,Cross-functional,True,False,db10141e-dcc9-4692-88e1-c422a5c42081,13,priyasharma,Which game?,False,Neither,,False,,,social_followup_question,Social question — not a work task
caea3111-e563-417d-90cb-f9fcc3a6fc50,General - Friday Vibes & Housekeeping,Group,Cross-functional,True,False,e5e32c65-cda6-4e38-865b-b05ba1880c80,14,alexkumar,"OK team, enjoy the weekend! And remember — we have the sprint planning Monday at 10 AM. Come prepared with your estimates.",False,Neither,,False,,,broadcast_reminder,"Broadcast reminder with action ('come prepared') — HasTask=TRUE, Broadcast"
caea3111-e563-417d-90cb-f9fcc3a6fc50,General - Friday Vibes & Housekeeping,Group,Cross-functional,True,False,639671e4-c07e-47d8-a5ee-62e277788f15,15,priyasharma,Have a great weekend everyone! 🎉,False,Neither,,False,,,,Social / phatic
bdc4a471-564c-43b1-9a9e-36b4bc03244b,Q1 Sales Quarterly Business Review,Meeting,Sales,True,False,92278d6d-7ead-4513-8ce5-e90ce4e7af89,0,michaelchen,"Let's walk through the Q1 numbers. Sofia, can you start with the new business pipeline?",False,Neither,,False,,,,Meeting context — ask to present
bdc4a471-564c-43b1-9a9e-36b4bc03244b,Q1 Sales Quarterly Business Review,Meeting,Sales,True,False,d51ab2c8-bcae-40f2-b45c-5cad92ce0929,1,sofiarodriguez,Q1 new business: $4.1M closed against a $3.8M target. 108% attainment. Win rate improved from 28% to 34%.,False,Neither,,False,,,,Informational — presenting data
bdc4a471-564c-43b1-9a9e-36b4bc03244b,Q1 Sales Quarterly Business Review,Meeting,Sales,True,False,7d322071-0c2b-4e65-8841-5f7da1225a4d,2,sarahmitchell,That's excellent. What drove the win rate improvement?,False,Neither,,False,,,,Question to presenter
bdc4a471-564c-43b1-9a9e-36b4bc03244b,Q1 Sales Quarterly Business Review,Meeting,Sales,True,False,5b3890be-f80c-46ef-9c65-89bb458fe1c3,3,sofiarodriguez,"Two things: the new competitive battle cards Chris put together, and the faster POC turnaround from engineering.",False,Neither,,False,,,,Informational — answering
bdc4a471-564c-43b1-9a9e-36b4bc03244b,Q1 Sales Quarterly Business Review,Meeting,Sales,True,False,6b280823-1997-4a06-9680-91459e2d6b2b,4,racheltorres,What's the average deal size trending? I'm seeing smaller deals in the pipeline.,False,Neither,,False,,,,Analytical question
bdc4a471-564c-43b1-9a9e-36b4bc03244b,Q1 Sales Quarterly Business Review,Meeting,Sales,True,False,923e792c-c4c3-4145-ac41-130b234f01c6,5,sofiarodriguez,"Average deal size did drop from $85K to $72K, but volume is up significantly. Net effect is positive.",False,Neither,,False,,,,Informational — answering
bdc4a471-564c-43b1-9a9e-36b4bc03244b,Q1 Sales Quarterly Business Review,Meeting,Sales,True,True,596d6119-fd6e-4af2-b546-6dd7dd24a179,6,michaelchen,"The big concern is Vertex. They represent 18% of our Q2 pipeline. If that deal slips, we miss target. @Sofia, what's the confidence level?",True,RfK,Question,True,Explicit,sofiarodriguez,,High-stakes question about key deal — Important
bdc4a471-564c-43b1-9a9e-36b4bc03244b,Q1 Sales Quarterly Business Review,Meeting,Sales,True,True,ad7f9b21-5472-4c3f-b807-daf54e9ed970,7,sofiarodriguez,I'd say 75% confidence. The main risk is their budget approval process — it's a public company and they have a new CFO who's scrutinizing all new spend.,False,Neither,,True,,,,Risk assessment — informational. Important due to pipeline concentration.
bdc4a471-564c-43b1-9a9e-36b4bc03244b,Q1 Sales Quarterly Business Review,Meeting,Sales,True,False,8c5fc5b8-b29b-40c2-ae62-7707f8ca6ba0,8,sarahmitchell,What's our mitigation plan if Vertex slips?,False,Neither,,True,,,,Risk mitigation question to group
bdc4a471-564c-43b1-9a9e-36b4bc03244b,Q1 Sales Quarterly Business Review,Meeting,Sales,True,False,4dfb7e59-e72d-4a49-a1ca-b92c412d44bb,9,michaelchen,"We have $600K in upside pipeline that could pull in. @Sofia, can you work those deals harder this month and give me a realistic pull-in forecast by next Friday?",False,Neither,,True,,,,Action request with deadline — Important
bdc4a471-564c-43b1-9a9e-36b4bc03244b,Q1 Sales Quarterly Business Review,Meeting,Sales,True,False,57e1e2d2-4bbf-4feb-b4e2-beb22dfd10db,10,sofiarodriguez,I'll accelerate outreach on the top 5 upside deals and have the forecast to you by Thursday.,False,Neither,,False,,,self_assigned_commitment,Commitment — sender commits with accelerated timeline
bdc4a471-564c-43b1-9a9e-36b4bc03244b,Q1 Sales Quarterly Business Review,Meeting,Sales,True,True,e3e639c6-297b-4703-9af5-94d687b4c2ab,11,racheltorres,I'd also recommend we review the discount approval process. Some deals are taking 2 weeks to get pricing approved. That's killing deal velocity.,True,RfA,Action Request,False,Unassigned,,recommendation_as_task_no_assignee,Recommendation framed as task but no specific assignee
bdc4a471-564c-43b1-9a9e-36b4bc03244b,Q1 Sales Quarterly Business Review,Meeting,Sales,True,True,9c41f6bb-306a-43f3-87f9-2eb9b7698c6b,12,sarahmitchell,"Good point. @Michael, @Rachel — work together to streamline the discount approval process. I want a proposal by end of month.",True,RfA,Delegation,True,Explicit,michaelchen|racheltorres,,Multi-assignee delegation with deadline
bdc4a471-564c-43b1-9a9e-36b4bc03244b,Q1 Sales Quarterly Business Review,Meeting,Sales,True,False,e19faa79-c1df-42fb-b9ad-212ea766a3df,13,michaelchen,Will do.,False,Neither,,False,,,,Acknowledgment
bdc4a471-564c-43b1-9a9e-36b4bc03244b,Q1 Sales Quarterly Business Review,Meeting,Sales,True,False,316f2d81-7ba9-46e1-aade-fdc75084382c,14,racheltorres,I'll schedule time with Michael next week.,False,Neither,,False,,,,Acknowledgment + commitment
1b633456-5eb3-4c51-a928-163b5cff4af4,At-Risk Account Reviews,OneOnOne,Customer Success,True,True,83114587-6fe6-4baa-ad19-d6d964630a51,0,mariasantos,"Derek, following up on the GreenTech Support case. Did they accept our remediation plan?",True,RfK,Follow-up,False,Implicit,derekjohnson,,Follow-up on prior conversation
1b633456-5eb3-4c51-a928-163b5cff4af4,At-Risk Account Reviews,OneOnOne,Customer Success,True,False,71878f28-192b-4bdf-8bc6-874f5771fa41,1,derekjohnson,Partially. They're OK with the process changes but still unhappy about the response time SLA. They want 1-hour response instead of 4-hour for P1 issues.,False,Neither,,False,,,,Status update — informational
1b633456-5eb3-4c51-a928-163b5cff4af4,At-Risk Account Reviews,OneOnOne,Customer Success,True,True,8e3bc848-6e53-4a9b-b155-44094a02780d,2,mariasantos,Can we realistically offer 1-hour response for their tier?,True,RfK,Question,False,Implicit,derekjohnson,,Question about operational feasibility
1b633456-5eb3-4c51-a928-163b5cff4af4,At-Risk Account Reviews,OneOnOne,Customer Success,True,True,4a0a4923-8660-4c98-b8de-7f398d3875d1,3,derekjohnson,Not with current staffing. We'd need an additional after-hours support engineer. That's a budget conversation with Rachel.,False,Neither,,True,,,,Blocker — budget dependency. Important due to churn risk.
1b633456-5eb3-4c51-a928-163b5cff4af4,At-Risk Account Reviews,OneOnOne,Customer Success,True,True,7e3a8f75-bcb9-4e59-a632-f2c27243f09d,4,mariasantos,"OK, I'll raise it with Rachel. Meanwhile — any update on the NovaCorp onboarding? They were supposed to go live last week.",True,RfK,Follow-up,False,Implicit,derekjohnson,,Second follow-up on different account
1b633456-5eb3-4c51-a928-163b5cff4af4,At-Risk Account Reviews,OneOnOne,Customer Success,True,False,fc90db74-4251-44b7-bdf4-e7da26084a12,5,derekjohnson,NovaCorp is delayed. Their IT team hasn't completed the SSO integration. I've been chasing them but they keep rescheduling.,False,Neither,,False,,,,Status update — informational
1b633456-5eb3-4c51-a928-163b5cff4af4,At-Risk Account Reviews,OneOnOne,Customer Success,True,False,7572a0d2-5ab7-45c9-b61b-676c2dbb1cf0,6,mariasantos,"That's been going on for 3 weeks now. Can you escalate to their project sponsor? If they don't go live soon, we risk losing the implementation window.",False,Neither,,True,,,,Action request + risk of losing implementation → Important
1b633456-5eb3-4c51-a928-163b5cff4af4,At-Risk Account Reviews,OneOnOne,Customer Success,True,False,88a5d0aa-675b-4b96-b77b-8ef4e4655ca9,7,derekjohnson,Good idea. I'll send a formal email to their VP of IT today.,False,Neither,,False,,,self_assigned_commitment,Commitment — sender commits
1b633456-5eb3-4c51-a928-163b5cff4af4,At-Risk Account Reviews,OneOnOne,Customer Success,True,True,309bdff2-209f-4388-a465-86c73e052527,8,mariasantos,Thanks. And circle back with me once you hear from them so I can update the leadership report.,True,RfA,Action Request,False,Implicit,derekjohnson,,Action request — report back
1b633456-5eb3-4c51-a928-163b5cff4af4,At-Risk Account Reviews,OneOnOne,Customer Success,True,True,00c392ec-261f-4090-b542-75b120f93349,9,derekjohnson,Will do.,False,Neither,,False,,,,Acknowledgment
e99d6ef0-ecc2-4890-ac47-63c84395a621,Office Move Planning,Group,Operations,True,True,e934b77f-ae7e-4709-bd64-5530be89c828,0,daniellewright,Hi team — we've confirmed the office move to the new building on March 15. Department heads need to submit their space requirements by end of this week.,True,RfA,Action Request,True,Broadcast,,,Broadcast task with deadline — Important due to office move logistics
e99d6ef0-ecc2-4890-ac47-63c84395a621,Office Move Planning,Group,Operations,True,False,6bf5dcb1-7f79-4ccd-bc58-a3bed6e2c724,1,alexkumar,How many sq ft per person are we budgeting? Engineering needs more space for hardware labs.,False,Neither,,False,,,,Question to the announcer
e99d6ef0-ecc2-4890-ac47-63c84395a621,Office Move Planning,Group,Operations,True,False,8d56d3fe-cc6f-4863-9238-7d77373adeeb,2,daniellewright,Standard is 120 sqft per person. Labs are separate — submit that as a special request with justification.,False,Neither,,False,,,,Informational — answering
e99d6ef0-ecc2-4890-ac47-63c84395a621,Office Move Planning,Group,Operations,True,False,714998b4-cbfe-43d8-8069-51f66d6f3b3f,3,kevinzhang,Do we have the budget numbers for the move? Rachel asked me to track it.,False,Neither,,False,,,,Question about budget
e99d6ef0-ecc2-4890-ac47-63c84395a621,Office Move Planning,Group,Operations,True,False,281d72ee-0e3f-4aa1-bbc2-6228d533292d,4,daniellewright,Total budget is $450K. I'll send you the breakdown.,False,Neither,,False,,,self_assigned_commitment,Commitment — will send breakdown
e99d6ef0-ecc2-4890-ac47-63c84395a621,Office Move Planning,Group,Operations,True,True,f98ff38f-a06f-46ba-a21b-09b87871d28f,5,amandafoster,Make sure the new lease agreement is finalized before we start any physical move prep. I'm still reviewing clause 12.,True,RfA,Action Request,True,Unassigned,,legal_gate_no_assignee,Legal gating requirement — Important. 'Make sure' is directed at group.
e99d6ef0-ecc2-4890-ac47-63c84395a621,Office Move Planning,Group,Operations,True,True,9942478e-e97b-4ccf-97cd-9f485dae7d54,6,laurakim,Do we need to communicate the move to customers? Some of them visit our office.,True,RfK,Question,False,Unassigned,,question_implies_task,Question that implies a potential task but is genuinely asking IF it's needed
e99d6ef0-ecc2-4890-ac47-63c84395a621,Office Move Planning,Group,Operations,True,True,40acbc6e-791d-43e3-a02f-acc4b14dba4e,7,daniellewright,"Good point. Yes, we should. @Laura, can you draft customer communication? And @Amanda, when will clause 12 be resolved?",True,RfA,Delegation,False,Explicit,laurakim|amandafoster,,Multi-assignee — delegation to Laura + follow-up to Amanda (2 asks in 1 message)
e99d6ef0-ecc2-4890-ac47-63c84395a621,Office Move Planning,Group,Operations,True,True,1ce8d787-b33a-4269-a198-7452581dbe07,8,laurakim,"Sure, I'll draft something by Wednesday.",False,Neither,,False,,,,Acknowledgment + commitment
e99d6ef0-ecc2-4890-ac47-63c84395a621,Office Move Planning,Group,Operations,True,False,29c4377f-cb80-4248-8549-6303fa2f09bb,9,amandafoster,Hoping by end of week. The landlord's legal team has been slow to respond.,False,Neither,,False,,,,Status update — informational
e99d6ef0-ecc2-4890-ac47-63c84395a621,Office Move Planning,Group,Operations,True,False,43f330ca-c589-42c3-b330-4d2228ecfb48,10,alexkumar,"Thanks for organizing this, Danielle. 👏",False,Neither,,False,,,,Social / appreciation — no task
e253ca08-4237-4312-9a48-124d0267e3a0,Quick Ask,OneOnOne,Engineering,False,False,c2194f8a-f304-48e3-ae48-dd3a8537c231,0,alexkumar,James — what's the SSH key for the staging jumpbox? I need to debug something.,False,Neither,,False,,,,Simple knowledge request
e253ca08-4237-4312-9a48-124d0267e3a0,Quick Ask,OneOnOne,Engineering,False,False,ae7e62d0-be5f-4fee-a51b-ff5b77b4d465,1,jameswilson,Check 1Password — it's in the 'Staging Infra' vault. Key name is 'jumpbox-staging-2026'.,False,Neither,,False,,,,Answer — informational
e253ca08-4237-4312-9a48-124d0267e3a0,Quick Ask,OneOnOne,Engineering,False,False,6bceea89-86c0-4cbb-97bb-a6c6171df2d9,2,alexkumar,Found it. Thanks!,False,Neither,,False,,,,Acknowledgment
3375dd7f-0abd-4550-9ab0-1a29a1407849,Meeting Room,OneOnOne,Operations,False,False,b82ccf18-452f-4bc4-99e5-0b10269f60b7,0,laurakim,"Danielle, is the Cascade room available tomorrow from 2-3 PM?",False,Neither,,False,,,,Availability check for resource
3375dd7f-0abd-4550-9ab0-1a29a1407849,Meeting Room,OneOnOne,Operations,False,False,9af19f6b-3eb0-412f-ac17-a780272ecd20,1,daniellewright,"Let me check... it's booked at 2, but free from 2:30 onward. Want me to book it for 2:30-3:30?",False,Neither,,False,,,,Counter-offer with confirmation request
3375dd7f-0abd-4550-9ab0-1a29a1407849,Meeting Room,OneOnOne,Operations,False,False,11a36078-1bf6-494d-8dbf-477a722c5b4b,2,laurakim,2:30 works. Yes please!,False,Neither,,False,,,,Confirmation — informational
3375dd7f-0abd-4550-9ab0-1a29a1407849,Meeting Room,OneOnOne,Operations,False,False,c96636be-22dd-4f6c-aa70-af9eeff07f28,3,daniellewright,Done! Invite sent.,False,Neither,,False,,,,Completed action — no task
3375dd7f-0abd-4550-9ab0-1a29a1407849,Meeting Room,OneOnOne,Operations,False,False,5f0cc7e6-7ebf-4034-8bef-bc4125dc8a0d,4,laurakim,Thanks! 🙏,False,Neither,,False,,,,Social / acknowledgment
ee26ee6c-caa3-4402-a8ee-ad77eac04a5b,PRODUCTION DOWN — API Gateway Failure,Group,Engineering,True,False,52061c31-7230-4852-be33-fbd2f3dfc14a,0,jameswilson,🚨 PROD IS DOWN. API gateway returning 502s across all endpoints. Started 2 minutes ago.,False,Neither,,True,,,,Incident alert — no task yet. IsImportant due to production outage.
ee26ee6c-caa3-4402-a8ee-ad77eac04a5b,PRODUCTION DOWN — API Gateway Failure,Group,Engineering,True,False,3eca140b-8e24-4cc0-a942-0d064c1f90d6,1,alexkumar,"I see it. PagerDuty alert just fired. @Priya, are you available to help triage?",False,Neither,,True,,,,Availability request during incident
ee26ee6c-caa3-4402-a8ee-ad77eac04a5b,PRODUCTION DOWN — API Gateway Failure,Group,Engineering,True,False,edee62b3-8da6-46af-813b-f6c2a0f81670,2,priyasharma,I'm here. Pulling up the dashboards now.,False,Neither,,False,,,,Availability confirmation — no task
ee26ee6c-caa3-4402-a8ee-ad77eac04a5b,PRODUCTION DOWN — API Gateway Failure,Group,Engineering,True,False,612f95d9-6cfc-4985-9d45-1f8ab4157943,3,jameswilson,Root cause: the latest deploy introduced a memory leak. Pod memory usage hit 100% and OOMKilled. All replicas affected.,False,Neither,,True,,,,Root cause — informational. Important.
ee26ee6c-caa3-4402-a8ee-ad77eac04a5b,PRODUCTION DOWN — API Gateway Failure,Group,Engineering,True,True,150af4b4-eabb-4a91-a789-7cc607fe5a06,4,davidpark,Roll back immediately. We'll investigate after service is restored.,True,RfA,Action Request,True,Unassigned,,directive_no_specific_assignee,CTO directive but doesn't specify who rolls back — Unassigned
ee26ee6c-caa3-4402-a8ee-ad77eac04a5b,PRODUCTION DOWN — API Gateway Failure,Group,Engineering,True,True,b57ef911-2d28-4f6b-ba6c-67433cd7f432,5,jameswilson,Rolling back now. ETA 3 minutes.,False,Neither,,True,,,self_assigned_via_action,Commitment — acting on it
ee26ee6c-caa3-4402-a8ee-ad77eac04a5b,PRODUCTION DOWN — API Gateway Failure,Group,Engineering,True,False,9346d990-04bd-4fbb-b25f-0926a6b0305b,6,alexkumar,"@Nina, can you start the incident timeline doc? We'll need it for the postmortem.",False,Neither,,True,,,,Explicit delegation during incident
ee26ee6c-caa3-4402-a8ee-ad77eac04a5b,PRODUCTION DOWN — API Gateway Failure,Group,Engineering,True,False,e24ce398-77ab-4a7d-bb34-4a5ed1561237,7,ninacosta,On it. I'll track everything in the Confluence incident page.,False,Neither,,False,,,,Acknowledgment + commitment
ee26ee6c-caa3-4402-a8ee-ad77eac04a5b,PRODUCTION DOWN — API Gateway Failure,Group,Engineering,True,False,6acfe4aa-9c06-42a8-9687-0b53175c03bf,8,jameswilson,Rollback complete. Services recovering. Health checks passing on 4 of 6 pods.,False,Neither,,True,,,,Status update — informational. Important (ongoing incident).
ee26ee6c-caa3-4402-a8ee-ad77eac04a5b,PRODUCTION DOWN — API Gateway Failure,Group,Engineering,True,False,6d965c90-9fb7-4be3-ba09-835674811d8e,9,jameswilson,All 6 pods healthy. API gateway responding normally. Incident over.,False,Neither,,True,,,,Resolution — informational. Still Important context.
ee26ee6c-caa3-4402-a8ee-ad77eac04a5b,PRODUCTION DOWN — API Gateway Failure,Group,Engineering,True,True,0bb4e3e3-e252-4504-8b6d-7eb834bd2ff2,10,davidpark,"Good work on the fast recovery. @Alex, I want a postmortem doc by tomorrow with: root cause, timeline, and preventive measures. Include a section on why our canary deployment didn't catch this.",True,RfA,Delegation,True,Explicit,alexkumar,,Postmortem delegation — Important
ee26ee6c-caa3-4402-a8ee-ad77eac04a5b,PRODUCTION DOWN — API Gateway Failure,Group,Engineering,True,True,e7ff1885-8bcf-4c4e-9a68-b40115026ea9,11,alexkumar,"Will have it ready by noon tomorrow. @Priya, @James — I'll need your input on the technical timeline.",True,RfA,Action Request,True,Explicit,priyasharma|jameswilson,,Multi-assignee input request
ee26ee6c-caa3-4402-a8ee-ad77eac04a5b,PRODUCTION DOWN — API Gateway Failure,Group,Engineering,True,False,fa2ca236-bd0b-4943-a92e-52c43c897d81,12,priyasharma,I'll write up what I found in the logs.,False,Neither,,False,,,,Acknowledgment + commitment
ee26ee6c-caa3-4402-a8ee-ad77eac04a5b,PRODUCTION DOWN — API Gateway Failure,Group,Engineering,True,False,3260d521-f3de-44ed-8099-13d0e7bd51e7,13,jameswilson,Same. I'll document the deploy and rollback timeline.,False,Neither,,False,,,,Acknowledgment + commitment
6673b4ac-d36b-43d0-bfae-53101f5f6573,Blog Post Review & Approval,OneOnOne,Marketing,True,False,38f0591c-7c9a-4f27-88c1-f48d8ccf521b,0,laurakim,"Chris, I just read the Analytics Pro launch blog post draft. Nice work but I have several rounds of feedback.",False,Neither,,False,,,,Informational — praise + heads-up
6673b4ac-d36b-43d0-bfae-53101f5f6573,Blog Post Review & Approval,OneOnOne,Marketing,True,True,fed7e7b9-2741-469c-833a-d5514a4097e5,1,laurakim,First — can you rewrite the opening paragraph? It buries the lead. I want the customer ROI stat front and center.,True,RfA,Action Request,False,Implicit,chrisevans,,Specific editing request
6673b4ac-d36b-43d0-bfae-53101f5f6573,Blog Post Review & Approval,OneOnOne,Marketing,True,True,54dd44c4-7286-48f5-b0f7-45e475a27ad6,2,chrisevans,Makes sense. The 43% efficiency gain stat?,True,RfK,Question,False,Implicit,laurakim,,Clarifying question
6673b4ac-d36b-43d0-bfae-53101f5f6573,Blog Post Review & Approval,OneOnOne,Marketing,True,True,2b80a3b4-e360-4811-961d-ad05a9a79e20,3,laurakim,"Yes, that one. Second — the technical section is too jargon-heavy for our audience. Simplify it. Third — add a CTA at the end directing to the product page.",True,RfA,Action Request,False,Implicit,chrisevans,,Multiple action items in one message — still one task conceptually
6673b4ac-d36b-43d0-bfae-53101f5f6573,Blog Post Review & Approval,OneOnOne,Marketing,True,False,3b850077-4a0e-480c-a2cf-aa8624c86204,4,chrisevans,I'll rework all three and have a revised draft to you by tomorrow morning.,False,Neither,,False,,,,Acknowledgment + commitment
6673b4ac-d36b-43d0-bfae-53101f5f6573,Blog Post Review & Approval,OneOnOne,Marketing,True,False,0275bd06-16dd-4294-b872-ffc76b4dab05,5,laurakim,"Great. I need to give final approval before it goes live on Tuesday, so tomorrow is the latest I can review.",False,Neither,,True,,,,Deadline context — informational. Important due to launch-gating.
6673b4ac-d36b-43d0-bfae-53101f5f6573,Blog Post Review & Approval,OneOnOne,Marketing,True,True,8d032fea-04a9-4f5f-87f4-d817fedef7ca,6,chrisevans,Understood. I'll make sure it's in your inbox by 9 AM.,False,Neither,,False,,,,Acknowledgment + commitment
6673b4ac-d36b-43d0-bfae-53101f5f6573,Blog Post Review & Approval,OneOnOne,Marketing,True,True,043cc5fa-f770-48a0-b2bf-2f7a9951acb0,7,laurakim,Also — can you check if the featured image meets our new brand guidelines? Sarah's been particular about visual consistency lately.,True,RfA,Review / Approval,False,Implicit,chrisevans,,Review request — brand compliance check
6673b4ac-d36b-43d0-bfae-53101f5f6573,Blog Post Review & Approval,OneOnOne,Marketing,True,False,db243e57-acc0-4e74-a757-9dba0d290979,8,chrisevans,Will verify against the style guide.,False,Neither,,False,,,,Acknowledgment
0a1132fe-20ae-4dd3-ae49-f4e11f07be9b,Vendor Selection for Analytics Platform,Group,Engineering,True,True,852eccee-d4a7-47e8-a301-73e8c1047835,0,davidpark,"@Alex — I need you to evaluate DataStream and CloudMetrics as analytics vendors. @Rachel and @Kevin — FYI, this will impact the Q3 budget. @Amanda — we'll need you to review vendor contracts once we shortlist.",True,RfA,Delegation,False,Explicit,alexkumar,multi_mention_cc_vs_targeted,Only Alex has the primary task. Rachel/Kevin are CC for awareness. Amanda has a future conditional task.
0a1132fe-20ae-4dd3-ae49-f4e11f07be9b,Vendor Selection for Analytics Platform,Group,Engineering,True,False,512df6b7-ef3a-4939-bb43-70e59c4e8b62,1,alexkumar,"I'll start with technical evaluations this week. @David, any specific criteria beyond the ones in the RFP?",False,Neither,,False,,,,Clarifying question via @mention
0a1132fe-20ae-4dd3-ae49-f4e11f07be9b,Vendor Selection for Analytics Platform,Group,Engineering,True,False,1f1251ed-84fd-4463-8c52-2916c39564ef,2,davidpark,"Focus on: (1) real-time streaming support, (2) cost per query at our scale, (3) SOC 2 compliance. Those are the non-negotiables.",False,Neither,,False,,,,Informational — criteria
0a1132fe-20ae-4dd3-ae49-f4e11f07be9b,Vendor Selection for Analytics Platform,Group,Engineering,True,False,b3ff5608-e82b-4221-9ade-ae0bdc7b8823,3,kevinzhang,For budget context — we have $200K allocated for analytics tooling in Q3. The current Tableau license is $85K of that.,False,Neither,,False,,,,"Informational — budget context (Kevin is CC'd, providing input)"
0a1132fe-20ae-4dd3-ae49-f4e11f07be9b,Vendor Selection for Analytics Platform,Group,Engineering,True,False,b97b5d1b-7f9d-415f-b4e4-f47b663d440b,4,racheltorres,"If the new vendor costs more than the Tableau allocation, we'll need a budget amendment. Just flagging now so there are no surprises.",False,Neither,,False,,,flag_without_task,"Risk flag — informational. No task, just awareness."
0a1132fe-20ae-4dd3-ae49-f4e11f07be9b,Vendor Selection for Analytics Platform,Group,Engineering,True,True,fa2dbfe3-eb33-4108-9af2-3949a944b5e8,5,alexkumar,Noted. I'll include a cost comparison in my evaluation. Aiming to have recommendations ready in two weeks.,False,Neither,,False,,,,Acknowledgment + self-commitment
0a1132fe-20ae-4dd3-ae49-f4e11f07be9b,Vendor Selection for Analytics Platform,Group,Engineering,True,True,0c607f47-2042-4b88-9e84-7cc0e236f01f,6,amandafoster,"When you're ready for contract review, give me at least 5 business days. These vendor agreements tend to be complex.",False,Neither,,False,,,conditional_future_task,"Conditional future task — 'when you're ready'. Not a current task, just setting expectations."
0a1132fe-20ae-4dd3-ae49-f4e11f07be9b,Vendor Selection for Analytics Platform,Group,Engineering,True,False,9ebfb9d4-16a0-41c8-b5e0-b8db44c76ff4,7,davidpark,"Great. Let's reconvene in two weeks. @Alex, set up the review meeting.",False,Neither,,False,,,,Scheduling action delegation
92143950-2003-4688-bf60-9d95648a6efd,Sprint 47 Retrospective,Meeting,Engineering,True,False,f32b98d0-eb54-443d-85e9-f9937e49f54c,0,alexkumar,"OK team, let's do our retro. What went well this sprint?",False,Neither,,False,,,,Facilitation — no task
92143950-2003-4688-bf60-9d95648a6efd,Sprint 47 Retrospective,Meeting,Engineering,True,False,4b967862-6208-4db6-8e93-8df2b377a213,1,priyasharma,The Analytics Pro feature shipped on time. Good collaboration between frontend and backend.,False,Neither,,False,,,,Positive feedback — informational
92143950-2003-4688-bf60-9d95648a6efd,Sprint 47 Retrospective,Meeting,Engineering,True,False,3eed7564-29cf-4c85-afc8-5b1cc3ec3418,2,jameswilson,The new CI pipeline improvements reduced build times by 40%. Big win.,False,Neither,,False,,,,Positive feedback — informational
92143950-2003-4688-bf60-9d95648a6efd,Sprint 47 Retrospective,Meeting,Engineering,True,False,5c8c3fb9-6d77-4ce4-ac5d-98069dfcb61a,3,ninacosta,Test coverage went from 72% to 81%. The team actually wrote tests this sprint! 😄,False,Neither,,False,,,,Positive feedback — informational
92143950-2003-4688-bf60-9d95648a6efd,Sprint 47 Retrospective,Meeting,Engineering,True,False,3c2572ed-833d-4502-8ab1-c58293ebbd97,4,alexkumar,Great. Now — what didn't go well?,False,Neither,,False,,,,Facilitation — no task
92143950-2003-4688-bf60-9d95648a6efd,Sprint 47 Retrospective,Meeting,Engineering,True,False,71460661-6e5d-4e42-bd91-3315494c7987,5,priyasharma,The last-minute scope change from product. We got a new requirement 2 days before the sprint ended. That's not sustainable.,False,Neither,,True,,,complaint_not_task,Complaint/feedback — not a task. Important because it's a process issue affecting productivity.
92143950-2003-4688-bf60-9d95648a6efd,Sprint 47 Retrospective,Meeting,Engineering,True,True,6fe42dde-e0e9-4771-8c44-9f73660369a5,6,jameswilson,The staging environment was flaky all sprint. Cost us probably 2 days of lost productivity across the team.,False,Neither,,True,,,,Issue flagging — informational. Important due to productivity impact.
92143950-2003-4688-bf60-9d95648a6efd,Sprint 47 Retrospective,Meeting,Engineering,True,True,d734a75a-a062-47d2-80ac-0b27ca361437,7,alexkumar,"Both valid. Let's turn these into action items. For the scope change issue — @Priya, can you document the impact and I'll take it to the next product-eng sync?",True,RfA,Action Request,False,Explicit,priyasharma,,Action item from retro — explicit delegation
92143950-2003-4688-bf60-9d95648a6efd,Sprint 47 Retrospective,Meeting,Engineering,True,True,c19bc23c-ffbf-47ee-aa6d-2d87f14ccfd3,8,priyasharma,Sure. I'll write up a brief with the timeline impact.,False,Neither,,False,,,,Acknowledgment
92143950-2003-4688-bf60-9d95648a6efd,Sprint 47 Retrospective,Meeting,Engineering,True,True,e3f0802c-c605-438f-b28b-c51199dc8f7f,9,alexkumar,"@James — for the staging stability, can you create a proposal for dedicated staging infrastructure? Include cost estimates so I can make the budget case.",True,RfA,Delegation,False,Explicit,jameswilson,,Delegation with @mention — retro action item
92143950-2003-4688-bf60-9d95648a6efd,Sprint 47 Retrospective,Meeting,Engineering,True,False,e6c92c91-0d82-403b-b863-cb9a1cc2c4b8,10,jameswilson,I actually started drafting this last week. I'll finalize it by end of sprint.,False,Neither,,False,,,,Acknowledgment + already in progress
92143950-2003-4688-bf60-9d95648a6efd,Sprint 47 Retrospective,Meeting,Engineering,True,True,3a6bdb9b-2195-442a-885b-b336ebbe2e63,11,ninacosta,Can we also add a rule that no new requirements can be added in the last 3 days of a sprint?,True,RfK,Decision Request,False,Unassigned,,process_change_request,Process change request — decision needed from leadership
92143950-2003-4688-bf60-9d95648a6efd,Sprint 47 Retrospective,Meeting,Engineering,True,True,4df0fbcc-e8eb-49e7-8c52-10634ac44f18,12,alexkumar,I love that idea. Let me propose it as a team agreement. I'll bring it to the next standup for a vote.,False,Neither,,False,,,self_assigned_commitment,Commitment — will propose process change
92143950-2003-4688-bf60-9d95648a6efd,Sprint 47 Retrospective,Meeting,Engineering,True,True,c61f99bc-66b0-4b0c-ac5b-45b85d8d82b7,13,priyasharma,Best retro we've had in a while. 👍,False,Neither,,False,,,,Social — positive
962405ab-83e3-42a3-87d5-6e0926eeb8f6,Quick Legal Questions,OneOnOne,Legal,True,True,bc76baa4-d423-451a-bf16-ef67c0cb0ec2,0,davidpark,"Amanda, quick question — can we use customer logos on our website without explicit written permission?",True,RfK,Question,False,Implicit,amandafoster,,Legal knowledge question
962405ab-83e3-42a3-87d5-6e0926eeb8f6,Quick Legal Questions,OneOnOne,Legal,True,True,84ae5905-4a4a-404a-befc-3d1a21daf2ae,1,amandafoster,"No. We need a written logo usage agreement or a clause in the master agreement permitting it. Some of our contracts have it, some don't.",False,Neither,,False,,,,Informational — legal answer
962405ab-83e3-42a3-87d5-6e0926eeb8f6,Quick Legal Questions,OneOnOne,Legal,True,True,238ea477-fc7b-4147-9c82-faad39efda75,2,davidpark,Can you check which of our top 10 customers have the clause and which need a separate agreement?,True,RfA,Action Request,False,Implicit,amandafoster,,Action request — contract review
962405ab-83e3-42a3-87d5-6e0926eeb8f6,Quick Legal Questions,OneOnOne,Legal,True,True,cfbbe37e-a48e-4aaf-b940-b2a26bd7a1c0,3,amandafoster,I'll pull the contracts and let you know by end of week.,False,Neither,,False,,,,Acknowledgment + commitment
962405ab-83e3-42a3-87d5-6e0926eeb8f6,Quick Legal Questions,OneOnOne,Legal,True,True,86fc71b7-d7a8-4778-b36c-cacaed9fd5c2,4,davidpark,Thanks. One more — do we need to update our privacy policy before launching in the EU?,True,RfK,Question,True,Implicit,amandafoster,,Legal question — Important (GDPR/regulatory)
962405ab-83e3-42a3-87d5-6e0926eeb8f6,Quick Legal Questions,OneOnOne,Legal,True,False,5f5a324e-77a0-451a-893e-dd83a8c3fa05,5,amandafoster,"Yes, absolutely. GDPR requires specific disclosures. I'll send you the list of required changes.",False,Neither,,True,,,self_assigned_commitment,Commitment — will send required changes list. Important.
962405ab-83e3-42a3-87d5-6e0926eeb8f6,Quick Legal Questions,OneOnOne,Legal,True,False,5a798c75-e875-42b5-9674-6988bd3c087b,6,davidpark,Perfect. Appreciate the quick turnaround on these.,False,Neither,,False,,,,Social / appreciation
ff2c6731-73ab-4518-8b30-ccc74eceff32,Design Review Feedback,Group,Marketing,True,True,47351704-5cfb-4c51-8753-d8e41ae015ca,0,laurakim,Just shared the new landing page mockups in the design channel. Everyone please review and leave feedback by tomorrow.,True,RfA,Review / Approval,False,Broadcast,,,Broadcast review request with deadline
ff2c6731-73ab-4518-8b30-ccc74eceff32,Design Review Feedback,Group,Marketing,True,False,858a40c6-3a69-4f00-9279-f3c1e22ec314,1,chrisevans,Looks great! The hero section is much better than the last version.,False,Neither,,False,,,,Positive feedback — not a task
ff2c6731-73ab-4518-8b30-ccc74eceff32,Design Review Feedback,Group,Marketing,True,True,be072c2a-1bc0-4acc-8dc2-76239221f859,2,alexkumar,The performance metrics section is confusing. Can we restructure it to lead with the business impact numbers?,True,RfA,Action Request,False,Implicit,laurakim,feedback_as_request,Feedback framed as a question/suggestion but is really a request for change
ff2c6731-73ab-4518-8b30-ccc74eceff32,Design Review Feedback,Group,Marketing,True,True,933be95f-cfdd-4a6e-9685-07599c043ade,3,sofiarodriguez,"From a sales perspective, we need the pricing to be more prominent. Prospects always ask about pricing first.",True,RfA,Action Request,False,Implicit,laurakim,,Feedback with implicit request — 'we need' directed at design owner
ff2c6731-73ab-4518-8b30-ccc74eceff32,Design Review Feedback,Group,Marketing,True,True,77401378-d3af-4fef-a4c3-535b65a90f98,4,laurakim,"Good feedback all around. @Chris, can you mock up the restructured metrics section? And I'll work on making pricing more visible.",True,RfA,Delegation,False,Explicit,chrisevans,,Explicit delegation + self-assignment
ff2c6731-73ab-4518-8b30-ccc74eceff32,Design Review Feedback,Group,Marketing,True,True,c51fb40f-5006-47d3-8708-b90da063a335,5,chrisevans,On it. I'll have a revised mockup by tomorrow afternoon.,False,Neither,,False,,,,Acknowledgment + commitment
ff2c6731-73ab-4518-8b30-ccc74eceff32,Design Review Feedback,Group,Marketing,True,False,d41f557a-43e1-4605-b899-7a7df962dd27,6,alexkumar,👍,False,Neither,,False,,,emoji_only_response,Emoji-only response — no task
ff2c6731-73ab-4518-8b30-ccc74eceff32,Design Review Feedback,Group,Marketing,True,False,792553fb-7c35-40a3-b1a4-ccc749bdb4d5,7,sofiarodriguez,🙌,False,Neither,,False,,,emoji_only_response,Emoji-only response — no task
aa144a92-9a89-4bce-9b99-ea802710f845,Q2 Budget Review Meeting,Meeting,Finance,True,False,f614995c-e7f4-4105-b524-64f073218395,0,racheltorres,Let's go through the Q2 budget proposals. Each department submitted their asks — we need to decide allocations today.,False,Neither,,True,,,,Meeting opening — framing but no specific task. Important due to budget decisions.
aa144a92-9a89-4bce-9b99-ea802710f845,Q2 Budget Review Meeting,Meeting,Finance,True,False,cdad226c-ce2c-480c-a879-e7f5100da5c1,1,racheltorres,"@David, engineering is requesting $1.2M. That's 30% above Q1. Walk us through the justification.",False,Neither,,True,,,,Presentation request in budget review — Important
aa144a92-9a89-4bce-9b99-ea802710f845,Q2 Budget Review Meeting,Meeting,Finance,True,False,4c250258-8812-4bc9-b8cb-9f8d020720bb,2,davidpark,"The increase breaks down as: $400K for 4 new hires, $300K for the analytics vendor evaluation Alex is running, $200K for staging infrastructure improvements, and $300K for the security hardening initiatives we discussed after the March incident.",False,Neither,,False,,,,Informational — justification
aa144a92-9a89-4bce-9b99-ea802710f845,Q2 Budget Review Meeting,Meeting,Finance,True,False,a13fe32f-91a7-4ca6-91e1-5854df7b0db3,3,sarahmitchell,The security spend is non-negotiable given the incidents. What about the analytics vendor — can that wait?,False,Neither,,True,,,,Decision question from CEO — Important
aa144a92-9a89-4bce-9b99-ea802710f845,Q2 Budget Review Meeting,Meeting,Finance,True,False,47d8df5e-03ae-4e19-a9c5-ee418c90d7ce,4,davidpark,"We could push it to Q3, but we'd miss the window for annual pricing negotiations. We'd likely pay 20% more.",False,Neither,,False,,,,Informational — trade-off analysis
aa144a92-9a89-4bce-9b99-ea802710f845,Q2 Budget Review Meeting,Meeting,Finance,True,False,66c10a7b-4d51-4cd2-8e3e-8f18201ccbd3,5,racheltorres,"@Michael, sales is asking for $800K. That includes 2 new AEs at $350K total and $450K for the new CRM implementation.",False,Neither,,False,,,,Ask VP Sales to justify
aa144a92-9a89-4bce-9b99-ea802710f845,Q2 Budget Review Meeting,Meeting,Finance,True,False,fa676f25-0ad4-46fe-ac4c-f1d5f6f66e45,6,michaelchen,The AEs are critical — we're leaving pipeline on the table. The CRM is overdue — our current system is a spreadsheet nightmare.,False,Neither,,False,,,,Informational — justification
aa144a92-9a89-4bce-9b99-ea802710f845,Q2 Budget Review Meeting,Meeting,Finance,True,False,59150ec8-0fc6-47c7-8e28-1f097fd3f2f9,7,kevinzhang,"I ran the numbers. If we approve everything, we're $340K over the total Q2 operating budget. We'd need to either cut or pull from reserves.",False,Neither,,True,,,,Budget constraint — informational. Important.
aa144a92-9a89-4bce-9b99-ea802710f845,Q2 Budget Review Meeting,Meeting,Finance,True,True,b98cc964-e28b-4708-9a9c-7c02cbb514ed,8,sarahmitchell,"OK, here's my call: approve engineering in full including analytics. Approve the AEs for sales but defer the CRM to Q3 — that saves $450K and gives us buffer. @Rachel, does that math work?",True,RfK,Confirmation / Permission,True,Explicit,racheltorres,,"CEO makes decision, asks CFO to confirm feasibility"
aa144a92-9a89-4bce-9b99-ea802710f845,Q2 Budget Review Meeting,Meeting,Finance,True,True,6831bbc3-0e69-42ad-8ff7-d498aa1db19d,9,racheltorres,"Yes, that keeps us $110K under budget with some room for contingency. I'll update the allocations.",False,Neither,,True,,,self_assigned_commitment,Commitment — will update allocations
aa144a92-9a89-4bce-9b99-ea802710f845,Q2 Budget Review Meeting,Meeting,Finance,True,False,3731a3cd-c7fd-4d11-9d1a-9510ea591b1d,10,michaelchen,Can we at least start the CRM vendor evaluation in Q2 so we're ready to implement in Q3?,False,Neither,,False,,,,Permission request — can we at least evaluate?
aa144a92-9a89-4bce-9b99-ea802710f845,Q2 Budget Review Meeting,Meeting,Finance,True,False,b22ba006-115b-4c5a-8db4-8f7d57f7fa72,11,sarahmitchell,That's fine — just don't sign anything until Q3 budget is confirmed.,False,Neither,,False,,,,Permission granted with caveat — informational
aa144a92-9a89-4bce-9b99-ea802710f845,Q2 Budget Review Meeting,Meeting,Finance,True,True,6dfc6eca-d6dc-45ed-8f42-f330b9841b33,12,racheltorres,"@Kevin, please update the budget tracker with today's decisions and distribute to all department heads by end of day.",True,RfA,Action Request,True,Explicit,kevinzhang,,Action request with deadline — Important (budget communication)
aa144a92-9a89-4bce-9b99-ea802710f845,Q2 Budget Review Meeting,Meeting,Finance,True,False,4ed327e5-515c-4405-b2ee-a32454676e44,13,kevinzhang,Will do.,False,Neither,,False,,,,Acknowledgment
55efab0f-2b3a-4c61-8dd6-38f110156b97,System Notifications Discussion,OneOnOne,Engineering,True,True,f0787111-42e4-422b-9424-24534d5d6664,0,jameswilson,"Alex, I'm getting spammed with these auto-generated security scan notifications. Do you know how to filter them?",True,RfK,Question,False,Implicit,alexkumar,,Question about system notifications
55efab0f-2b3a-4c61-8dd6-38f110156b97,System Notifications Discussion,OneOnOne,Engineering,True,False,57be5434-58ef-411b-a852-650015c3fa3b,1,alexkumar,"Yeah, there's a filter rule in the Outlook settings. I'll send you the steps.",False,Neither,,False,,,self_assigned_commitment,Commitment — sender commits
55efab0f-2b3a-4c61-8dd6-38f110156b97,System Notifications Discussion,OneOnOne,Engineering,True,True,c8e71151-53f4-49cc-87ec-ebc74937ee29,2,jameswilson,Thanks. By the way — the automated deploy reports are showing duplicate entries. Can you check if the webhook is firing twice?,True,RfA,Action Request,False,Implicit,alexkumar,,Action request — debug webhook
55efab0f-2b3a-4c61-8dd6-38f110156b97,System Notifications Discussion,OneOnOne,Engineering,True,True,662f6c57-53a2-41a8-8fee-e70d3ffb5105,3,alexkumar,I noticed that too. I think it's the retry logic. Let me investigate and fix it.,False,Neither,,False,,,self_assigned_commitment,Commitment — sender commits to investigate and fix
55efab0f-2b3a-4c61-8dd6-38f110156b97,System Notifications Discussion,OneOnOne,Engineering,True,True,87d221ef-c084-46f0-9c22-99c76fe04ccb,4,jameswilson,Perfect. Let me know when it's fixed so I can verify on my end.,True,RfA,Action Request,False,Implicit,alexkumar,,Request to be notified when done
55efab0f-2b3a-4c61-8dd6-38f110156b97,System Notifications Discussion,OneOnOne,Engineering,True,False,5803cf37-8070-49ef-a295-34a4ab7c3872,5,alexkumar,Will do 👍,False,Neither,,False,,,,Acknowledgment
8adf5301-8573-46e3-9600-8428a3bf0d50,Engineering Standup Thread,Group,Engineering,True,False,088393b0-c7c2-4c52-914c-12bc0d3c51a1,0,alexkumar,Morning standup! Quick updates from everyone please.,False,Neither,,False,,,,Broadcast request for updates
8adf5301-8573-46e3-9600-8428a3bf0d50,Engineering Standup Thread,Group,Engineering,True,False,9140f903-512f-490c-93e6-d9b5169ba17a,1,priyasharma,Yesterday: finished the data pipeline refactor. Today: starting on the API rate limiter. Blocker: none.,False,Neither,,False,,,,Status update — informational
8adf5301-8573-46e3-9600-8428a3bf0d50,Engineering Standup Thread,Group,Engineering,True,False,9c28c26c-a744-4bca-a2b9-035f0ba68d4b,2,jameswilson,"Yesterday: deployed monitoring dashboards. Today: working on the CDN migration. Blocker: waiting on DNS propagation, should be done by noon.",False,Neither,,False,,,,Status update — informational
8adf5301-8573-46e3-9600-8428a3bf0d50,Engineering Standup Thread,Group,Engineering,True,False,855dbf96-f42d-4dfc-af10-059db2b915aa,3,ninacosta,Yesterday: wrote integration tests for the new auth flow. Today: regression testing for the release. Blocker: I need the test environment credentials refreshed — they expired.,False,Neither,,False,,,blocker_in_standup,Blocker with implied task — someone needs to refresh credentials. Unassigned.
8adf5301-8573-46e3-9600-8428a3bf0d50,Engineering Standup Thread,Group,Engineering,True,False,8bb3c5ba-e857-4fe5-bcc4-36ae367a4e4c,4,jameswilson,I can refresh those. Give me 10 minutes.,False,Neither,,False,,,self_assigned_via_reply,Commitment — volunteering in reply
8adf5301-8573-46e3-9600-8428a3bf0d50,Engineering Standup Thread,Group,Engineering,True,False,003746b8-9dc5-420a-8e69-cfc4fcdbff9b,5,ninacosta,Thanks James! 🙏,False,Neither,,False,,,,Acknowledgment / social
8adf5301-8573-46e3-9600-8428a3bf0d50,Engineering Standup Thread,Group,Engineering,True,True,1cf9a41e-292c-47cf-96b8-816910e9b4f9,6,alexkumar,"Looks like we're on track for the release. @Priya — on the rate limiter, make sure you coordinate with James on the CDN config since they'll interact.",True,RfA,Action Request,False,Explicit,priyasharma,,Action request — coordination directive
8adf5301-8573-46e3-9600-8428a3bf0d50,Engineering Standup Thread,Group,Engineering,True,True,9d580dce-93cd-4fee-8656-abd4ce5c7d03,7,priyasharma,Already synced with him yesterday. We're good.,False,Neither,,False,,,,Informational — already handling
8adf5301-8573-46e3-9600-8428a3bf0d50,Engineering Standup Thread,Group,Engineering,True,True,3785104b-a8ca-432a-a056-5b08ad63167d,8,alexkumar,Any other blockers or concerns before I close standup?,True,RfK,Question,False,Broadcast,,broadcast_question_closing,Broadcast question — closing standup
8adf5301-8573-46e3-9600-8428a3bf0d50,Engineering Standup Thread,Group,Engineering,True,True,2bac99c7-f3c2-4a90-b688-81bf9bdf31cb,9,priyasharma,All good here.,False,Neither,,False,,,,Informational — no blockers
8adf5301-8573-46e3-9600-8428a3bf0d50,Engineering Standup Thread,Group,Engineering,True,True,f4f8c4e7-c5ae-4e67-acbc-0fddcfb06ad4,10,jameswilson,Same.,False,Neither,,False,,,,Informational
8adf5301-8573-46e3-9600-8428a3bf0d50,Engineering Standup Thread,Group,Engineering,True,False,01fa6d7e-f724-42e6-83b9-5d1fa5f60c36,11,ninacosta,Nothing from me.,False,Neither,,False,,,,Informational
8adf5301-8573-46e3-9600-8428a3bf0d50,Engineering Standup Thread,Group,Engineering,True,False,91f851a1-ec09-49ac-b250-419b6484fd4b,12,alexkumar,Great. Let's crush it today! 💪,False,Neither,,False,,,,Social / motivational
9d08eafc-5c0b-4c9d-aeac-bb429cff10ab,Casual Check-in with CTO,OneOnOne,Executive,False,False,827350d6-9e20-462f-8390-6c6ccbd4a7b2,0,sarahmitchell,"David, I've been thinking about our AI strategy. We might be falling behind.",False,Neither,,False,,,thinking_out_loud,"Thinking out loud — no task, no question. Informational/observation."
9d08eafc-5c0b-4c9d-aeac-bb429cff10ab,Casual Check-in with CTO,OneOnOne,Executive,False,False,5feb34e3-ee84-44d8-84e8-d5b1006afcac,1,davidpark,What makes you say that? I thought we were in a good spot with the analytics rollout.,False,Neither,,False,,,,Question back to Sarah — asking for reasoning
9d08eafc-5c0b-4c9d-aeac-bb429cff10ab,Casual Check-in with CTO,OneOnOne,Executive,False,False,a89e367f-2d17-499b-be7f-250ab4919014,2,sarahmitchell,I saw the Gartner report yesterday. Our competitors are investing 3x what we are in ML infrastructure. I just wanted to flag it.,False,Neither,,False,,,flag_without_ask,"'I just wanted to flag it' — FYI/observation, not a task"
9d08eafc-5c0b-4c9d-aeac-bb429cff10ab,Casual Check-in with CTO,OneOnOne,Executive,False,False,c0950083-cd6a-48c6-b3aa-74fdb093987e,3,davidpark,That's worth looking into. I could put together a competitive landscape analysis focused on AI/ML investments if you think it's a priority.,False,Neither,,False,,,offer_not_commitment,"Conditional offer — 'I could... if you think' — not a commitment yet, seeking confirmation"
9d08eafc-5c0b-4c9d-aeac-bb429cff10ab,Casual Check-in with CTO,OneOnOne,Executive,False,False,9ff804c0-78f5-411a-8f56-45270674ee35,4,sarahmitchell,"That would be great actually. But don't deprioritize the current release for it. When things calm down after the launch, let's revisit.",False,Neither,,False,,,deferred_soft_ask,"Deferred ask — 'when things calm down, let's revisit.' Not an immediate task. HasTask=FALSE because it's explicitly deferred."
9d08eafc-5c0b-4c9d-aeac-bb429cff10ab,Casual Check-in with CTO,OneOnOne,Executive,False,False,33315498-06cb-4c10-bfaf-4859ba2d15c6,5,davidpark,Makes sense. I'll keep it on the backlog.,False,Neither,,False,,,,Acknowledgment
9d08eafc-5c0b-4c9d-aeac-bb429cff10ab,Casual Check-in with CTO,OneOnOne,Executive,False,False,a6fa1f68-8852-4c87-9898-5f58fd61feaf,6,sarahmitchell,How's the team morale? I know the last few sprints have been intense.,False,Neither,,False,,,,Genuine question — asking for information
9d08eafc-5c0b-4c9d-aeac-bb429cff10ab,Casual Check-in with CTO,OneOnOne,Executive,False,False,969791a5-a39f-41df-ab20-1849a7c9d051,7,davidpark,Mixed. The senior folks are energized by the Analytics Pro launch. But the junior engineers are feeling stretched. We might want to think about a team event after the launch.,False,Neither,,False,,,suggestion_not_task,"'We might want to think about' — suggestion, not a task"
9d08eafc-5c0b-4c9d-aeac-bb429cff10ab,Casual Check-in with CTO,OneOnOne,Executive,False,False,822cc2ed-b8d9-46ff-8383-68261471bc58,8,sarahmitchell,Good to know. Let's keep an eye on it.,False,Neither,,False,,,lets_keep_eye_no_task,'Let's keep an eye on it' — no specific task or assignee. Not HasTask.
9d08eafc-5c0b-4c9d-aeac-bb429cff10ab,Casual Check-in with CTO,OneOnOne,Executive,False,False,d9633807-b426-4edd-9197-8ec40f52b726,9,davidpark,"Will do. Thanks for checking in, Sarah.",False,Neither,,False,,,,Social / closing
24a4c357-24cc-4b0b-b1c8-765e4567b6d7,Data Export & Call Scheduling,OneOnOne,Engineering,True,False,9aa3fef5-40d4-4892-8763-3511b17f26f6,0,priyasharma,Do you know how to download this data from the analytics dashboard? I can't find the export button.,False,Neither,,False,,,,Spec example: 'Do you know how to download this data?' → HasTask=TRUE
24a4c357-24cc-4b0b-b1c8-765e4567b6d7,Data Export & Call Scheduling,OneOnOne,Engineering,True,False,40476ecd-b311-482e-825a-c542efe2127f,1,jameswilson,"Yeah, it's under Settings > Export > CSV. They moved it in the last release.",False,Neither,,False,,,,Answer — informational
24a4c357-24cc-4b0b-b1c8-765e4567b6d7,Data Export & Call Scheduling,OneOnOne,Engineering,True,True,b83c76fd-f13f-492a-8f4e-6420d1b44513,2,priyasharma,Thanks for the update!,False,Neither,,False,,,,"Spec example: 'Thanks for the update!' → HasTask=FALSE, acknowledgment"
24a4c357-24cc-4b0b-b1c8-765e4567b6d7,Data Export & Call Scheduling,OneOnOne,Engineering,True,True,84639862-99de-4003-94fc-882d54bdebd5,3,priyasharma,Can you call me when you're free? Need to discuss the migration plan.,True,RfA,Scheduling,False,Implicit,jameswilson,,Spec example: 'Can you call?' → HasTask=TRUE
24a4c357-24cc-4b0b-b1c8-765e4567b6d7,Data Export & Call Scheduling,OneOnOne,Engineering,True,True,64e7a0e5-68e7-4880-a8ac-75a25eb5e111,4,jameswilson,"Sure, does 2 PM work for you?",True,RfK,Scheduling,False,Implicit,priyasharma,,Spec example: 'Does 2 PM work for you?' → HasTask=TRUE
24a4c357-24cc-4b0b-b1c8-765e4567b6d7,Data Export & Call Scheduling,OneOnOne,Engineering,True,False,6b715f14-f929-484e-8c29-a4ed5435a24d,5,priyasharma,Works,False,Neither,,False,,,,"Spec example: 'Works' → HasTask=FALSE, acknowledgment"
1897e8cd-9429-47ca-8d36-ba606e382522,Sprint 48 Pre-Launch Tasks,Group,Engineering,True,True,0c04c111-adb1-4793-b49e-51a7c4eae0f9,0,alexkumar,Could you please review the Status Update post before I send it to leadership? @Nina,True,RfA,Review / Approval,False,Explicit,ninacosta,,Spec example: 'Could you please review the Status Update post?' → HasTask=TRUE
1897e8cd-9429-47ca-8d36-ba606e382522,Sprint 48 Pre-Launch Tasks,Group,Engineering,True,False,89b02ed5-e815-4326-859a-dd88e4b34ead,1,ninacosta,"Sure, send it over.",False,Neither,,False,,,,Acknowledgment — no task
1897e8cd-9429-47ca-8d36-ba606e382522,Sprint 48 Pre-Launch Tasks,Group,Engineering,True,True,ecd7897d-7e65-46e0-b790-b1e6f4c5076a,2,davidpark,There's some pressure to get it to design for LT preview tomorrow. Let's make sure it's polished.,True,RfA,Action Request,True,Unassigned,,,Spec example: 'Some pressure to get it to design for LT preview tomorrow' → HasTask+IsImportant
1897e8cd-9429-47ca-8d36-ba606e382522,Sprint 48 Pre-Launch Tasks,Group,Engineering,True,False,955fb597-fa7a-40c1-8cc9-5d1f059bd36f,3,priyasharma,"Folks, I'm unwell. Will be OOF today and maybe tomorrow.",False,Neither,,False,,,ooof_announcement,"Spec example: 'Folks, I'm unwell. Will be OOF.' → HasTask=FALSE"
1897e8cd-9429-47ca-8d36-ba606e382522,Sprint 48 Pre-Launch Tasks,Group,Engineering,True,False,7db0cf6b-de87-44d9-b3fd-73460db4af94,4,alexkumar,Feel better Priya! We've got you covered.,False,Neither,,False,,,,Social / well-wishes — no task
1897e8cd-9429-47ca-8d36-ba606e382522,Sprint 48 Pre-Launch Tasks,Group,Engineering,True,True,b8a64351-c049-4bad-938b-72f55b4f7a66,5,alexkumar,"FYI: @Nikhil, @Andrew — I don't see you listed as DRIs for the dashboard module. Can you check and confirm?",True,RfK,Question,True,Unassigned,,fyi_with_question,"Spec example: 'FYI: I don't see you listed as DRIs' → HasTask=TRUE (borderline), IsImportant=TRUE. Assignees don't exist in our user set so Unassigned."
1897e8cd-9429-47ca-8d36-ba606e382522,Sprint 48 Pre-Launch Tasks,Group,Engineering,True,True,df803ff7-8af3-4d07-b8e0-6591a2a6a148,6,ninacosta,Need sign-off by EOD or we miss the ship window for the release candidate.,True,RfA,Review / Approval,True,Unassigned,,,"Spec example: 'Need sign-off by EOD or we miss ship window' → HasTask=TRUE, IsImportant=TRUE"
1897e8cd-9429-47ca-8d36-ba606e382522,Sprint 48 Pre-Launch Tasks,Group,Engineering,True,True,2aa2e2b6-9da4-4951-a2cb-42662b073c25,7,davidpark,Following up — still waiting on approval from the security team. This is blocking the rollout.,True,RfK,Follow-up,True,Unassigned,,,Spec example: 'Following up. Still waiting on approval; blocking rollout.' → HasTask+IsImportant
1897e8cd-9429-47ca-8d36-ba606e382522,Sprint 48 Pre-Launch Tasks,Group,Engineering,True,False,e1b998e5-51ef-4b9a-a60d-8a2acd4532e6,8,alexkumar,Quality is at 56% assertion rate vs our 80% production target. We need to address this before release.,False,Neither,,True,,,quality_metric_no_task,"Spec example: 'Quality is 56% assertion rate (vs 80% prod).' → HasTask=FALSE, IsImportant=TRUE"
1897e8cd-9429-47ca-8d36-ba606e382522,Sprint 48 Pre-Launch Tasks,Group,Engineering,True,False,5bc3f599-0930-4e2a-9abb-b8925f07fe88,9,davidpark,We cannot proceed with module 5.3C in its current form. It needs a full rewrite of the validation layer.,False,Neither,,True,,,blocker_statement_no_ask,"Spec example: 'We cannot proceed with 5.3C in its current form.' → HasTask=FALSE, IsImportant=TRUE"
e1f3c8a9-1ed5-4e48-ba98-da2db3314889,EOQ Cleanup Tasks,Group,Engineering,True,True,7182a5ef-9d73-415d-9467-f804b1521ff2,0,alexkumar,Team — these cleanups must be completed before 3/31. I've assigned owners in the tracking sheet. Check your items and confirm you're on track.,True,RfA,Delegation,True,Broadcast,,,"Spec example: 'These cleanups must be completed before 3/31.' → HasTask+IsImportant, Broadcast"
e1f3c8a9-1ed5-4e48-ba98-da2db3314889,EOQ Cleanup Tasks,Group,Engineering,True,False,6f9fcab3-0808-4691-91b3-b19ef0955e56,1,priyasharma,Checked — my 3 items are on track. Should be done by Thursday.,False,Neither,,False,,,,Status confirmation — informational
e1f3c8a9-1ed5-4e48-ba98-da2db3314889,EOQ Cleanup Tasks,Group,Engineering,True,False,09de51b4-477a-419d-a1f6-2df8f7b2954d,2,jameswilson,Two of mine are done. The third is blocked on the DNS propagation — same issue from last week.,False,Neither,,True,,,,Status with blocker — informational. Important due to blocker.
e1f3c8a9-1ed5-4e48-ba98-da2db3314889,EOQ Cleanup Tasks,Group,Engineering,True,True,fe0b4546-f99d-4c85-a54a-0ee6dce0b5f5,3,ninacosta,All QA items done. Tests pass. ✅,False,Neither,,False,,,,Completed action report — no task
e1f3c8a9-1ed5-4e48-ba98-da2db3314889,EOQ Cleanup Tasks,Group,Engineering,True,True,8dad8698-78fe-44c6-88de-3987cffe5636,4,alexkumar,"@James, can you escalate the DNS issue to the provider? We can't let this slip past 3/31.",True,RfA,Action Request,True,Explicit,jameswilson,,Explicit action request + hard deadline → Important
e1f3c8a9-1ed5-4e48-ba98-da2db3314889,EOQ Cleanup Tasks,Group,Engineering,True,False,4b38fd87-78b5-4b8d-949e-0647afeb3c2e,5,jameswilson,Already sent an email this morning. Waiting for their response.,False,Neither,,False,,,,Status update — informational
e1f3c8a9-1ed5-4e48-ba98-da2db3314889,EOQ Cleanup Tasks,Group,Engineering,True,False,3b3d1ee5-d257-441e-a443-d87d60615137,6,alexkumar,Good. Keep me posted.,False,Neither,,False,,,,Acknowledgment — no task
d039b519-97e2-417b-82aa-8a28084896a2,Happy Birthday Chris! 🎂,Group,Social,False,False,b7a6a501-9d53-4cf0-9877-546288b63045,0,laurakim,Happy birthday @Chris! 🎉🎂 Hope you have an amazing day!,False,Neither,,False,,,,Birthday greeting — no task
d039b519-97e2-417b-82aa-8a28084896a2,Happy Birthday Chris! 🎂,Group,Social,False,False,59a25081-9288-4f3a-a1e1-0eed13a98909,1,ninacosta,Happy birthday Chris!! 🥳 Are you doing anything fun tonight?,False,Neither,,False,,,,Social question — no task
d039b519-97e2-417b-82aa-8a28084896a2,Happy Birthday Chris! 🎂,Group,Social,False,False,bc177d3a-4774-4844-89d1-63ebdeb993a8,2,chrisevans,"Thanks everyone! Yeah, going to that new Italian place downtown with some friends. Very excited. 😄",False,Neither,,False,,,,Social response
d039b519-97e2-417b-82aa-8a28084896a2,Happy Birthday Chris! 🎂,Group,Social,False,False,6c137f71-b978-410e-854d-d5d8f94fed5c,3,derekjohnson,"Oh nice, I've heard great things! Happy birthday man 🎉",False,Neither,,False,,,,Social
d039b519-97e2-417b-82aa-8a28084896a2,Happy Birthday Chris! 🎂,Group,Social,False,False,8493635a-662c-4cdb-ad3b-4680e95f850e,4,lisaanderson,Happy birthday Chris! 🎂 Enjoy the evening!,False,Neither,,False,,,,Social greeting
a78666e4-dc8b-4c62-b727-f8211f84b8e6,Weekend Plans,Group,Social,False,False,cce1a300-58cc-4a45-a661-3b4eadac0dc3,0,jameswilson,Anyone doing anything fun this weekend?,False,Neither,,False,,,,Social question — no task
a78666e4-dc8b-4c62-b727-f8211f84b8e6,Weekend Plans,Group,Social,False,False,db51970e-0837-4f96-af00-059d174357a0,1,priyasharma,Taking the kids to the science museum. They have a new robotics exhibit that looks cool. 🤖,False,Neither,,False,,,,Social
a78666e4-dc8b-4c62-b727-f8211f84b8e6,Weekend Plans,Group,Social,False,False,082177a0-069a-4757-ac43-b84d10f8c62c,2,alexkumar,Nice! I'm going hiking at Rattlesnake Ridge if the weather holds up. 🏔️,False,Neither,,False,,,,Social
a78666e4-dc8b-4c62-b727-f8211f84b8e6,Weekend Plans,Group,Social,False,False,0daf0ed4-7fc5-461f-89f6-bc8e3148485b,3,ninacosta,I'm binge-watching that new Netflix series everyone's been talking about. Zero guilt. 😂,False,Neither,,False,,,,Social
a78666e4-dc8b-4c62-b727-f8211f84b8e6,Weekend Plans,Group,Social,False,False,70981c88-5c65-481b-baad-2959446973b5,4,jameswilson,Ha! I might do the same honestly. The couch is calling my name.,False,Neither,,False,,,,Social
315f8cf6-eeef-4bfa-b676-6a0485f51987,Office Closure — Presidents' Day,Group,HR,False,False,f63acad7-3388-463f-962a-635203dc2efa,0,daniellebooks,"Hi all — just a reminder that the office will be closed on Monday, February 16 for Presidents' Day. No action needed, just enjoy the long weekend! 🇺🇸",False,Neither,,False,,,,FYI announcement — no task
315f8cf6-eeef-4bfa-b676-6a0485f51987,Office Closure — Presidents' Day,Group,HR,False,False,00fb4d6e-189e-42cf-af07-362ab7027903,1,sarahmitchell,"Thanks for the reminder, Danielle!",False,Neither,,False,,,,Acknowledgment
315f8cf6-eeef-4bfa-b676-6a0485f51987,Office Closure — Presidents' Day,Group,HR,False,False,f26bde17-b4f3-4c95-ab97-c1e6b7d06544,2,lisaanderson,Perfect timing — my PTO request for Tuesday is already in so I get a 4-day weekend 😊,False,Neither,,False,,,,Social
315f8cf6-eeef-4bfa-b676-6a0485f51987,Office Closure — Presidents' Day,Group,HR,False,False,8c07c757-3648-4e0e-baea-c5fd2ff22fe3,3,kevinzhang,"Noted, thanks!",False,Neither,,False,,,,Acknowledgment
c00f9e86-85f0-4f0f-93a2-6b7127fd5257,System Maintenance — Complete,Group,Engineering,False,False,b0da1a80-a752-4043-aa75-cef7023ace3c,0,alexkumar,FYI — the scheduled maintenance window for the production database is now complete. All services are back online and running normally. No issues detected during the migration.,False,Neither,,False,,,,"FYI — maintenance completed, no action needed"
c00f9e86-85f0-4f0f-93a2-6b7127fd5257,System Maintenance — Complete,Group,Engineering,False,False,0b4ef3af-49d1-4f67-91fa-8aed3924230b,1,jameswilson,"Great, monitoring looks clean on my end too. Latency is actually slightly better than before.",False,Neither,,False,,,,Status confirmation — resolved
c00f9e86-85f0-4f0f-93a2-6b7127fd5257,System Maintenance — Complete,Group,Engineering,False,False,13cb7274-60f9-4ff1-b556-8a70289f874c,2,priyasharma,Awesome. API response times are looking good in Grafana. Nice work team! 👏,False,Neither,,False,,,,Appreciation — no task
c00f9e86-85f0-4f0f-93a2-6b7127fd5257,System Maintenance — Complete,Group,Engineering,False,False,cd334dce-26c8-4a8b-aa93-8c157b2b24ad,3,derekjohnson,Thanks for the update Alex. I'll let the customers who asked about it know.,False,Neither,,False,,,,"Acknowledgment — Derek's action is self-initiated, trivial"
b7d4b953-85ff-43fc-b2d5-dff512d01dcd,We Hit 10K Customers! 🎉,Group,Sales,False,False,f0b99ccc-5fc2-4bd8-ab9c-17ff11e4806f,0,michaelchen,"Team — I'm thrilled to share that we officially crossed 10,000 active customers this morning! 🎉🔥 This is a huge milestone for EcoSync.",False,Neither,,True,,,,Milestone announcement — Important but no task
b7d4b953-85ff-43fc-b2d5-dff512d01dcd,We Hit 10K Customers! 🎉,Group,Sales,False,False,2cc225d5-08b8-4b80-a13e-ea2798943ee2,1,sofiaramirez,Amazing!! The sales team has been crushing it. So proud of everyone. 🙌,False,Neither,,False,,,,Celebration
b7d4b953-85ff-43fc-b2d5-dff512d01dcd,We Hit 10K Customers! 🎉,Group,Sales,False,False,bf28015a-e5ac-4e39-98b9-c9f929afb162,2,sarahmitchell,Incredible achievement. This took 18 months of hard work from every single department. I'm buying lunch for the whole office on Friday. 🍕,False,Neither,,False,,,,Celebration + informal gesture
b7d4b953-85ff-43fc-b2d5-dff512d01dcd,We Hit 10K Customers! 🎉,Group,Sales,False,False,4776cb74-22ee-4d47-8b7d-496969b8d3ad,3,laurakim,"We should do a social media post about this! Oh wait, it went out at 9 AM — already on LinkedIn and Twitter 😄",False,Neither,,False,,,,Self-resolved — social media already handled
b7d4b953-85ff-43fc-b2d5-dff512d01dcd,We Hit 10K Customers! 🎉,Group,Sales,False,False,5225aa58-5b16-4ab9-a568-ed61407bd44b,4,racheltorres,"From a finance perspective, this puts us solidly on track for our Series B targets. Well done everyone! 📈",False,Neither,,False,,,,FYI — finance context
72cbaf57-3187-4e3a-a630-6d8706b8c23a,Lunch Today,Group,Social,False,False,8aeaacfa-f74e-4695-9f5a-0deb2eda7693,0,lisaanderson,Hey! Anyone want to go halfsies on the Thai place for lunch? Their pad thai is 🔥,False,Neither,,False,,,,Social coordination — no task
72cbaf57-3187-4e3a-a630-6d8706b8c23a,Lunch Today,Group,Social,False,False,46dfaaf0-d8a9-4bb0-b2fa-485819896ae4,1,kevinzhang,I'm in! Green curry for me please. 🍛,False,Neither,,False,,,,Social
72cbaf57-3187-4e3a-a630-6d8706b8c23a,Lunch Today,Group,Social,False,False,4b7b5208-9bda-44b3-a2d6-eb269a7a211d,2,ninacosta,Yes! Pad see ew please. Should I place the order?,False,Neither,,False,,,,Volunteer — immediately acted on
72cbaf57-3187-4e3a-a630-6d8706b8c23a,Lunch Today,Group,Social,False,False,a8db9946-6c07-4588-8b0d-20b577bd084b,3,derekjohnson,"Mango sticky rice for me. Dessert counts as lunch, right? 😂",False,Neither,,False,,,,Social
72cbaf57-3187-4e3a-a630-6d8706b8c23a,Lunch Today,Group,Social,False,False,91c5f553-0d84-435a-8f40-03b798ea8ff8,4,ninacosta,Order placed! Should be here by 12:30. I added mango sticky rice for the table. 🥭,False,Neither,,False,,,,Action completed in-thread
72cbaf57-3187-4e3a-a630-6d8706b8c23a,Lunch Today,Group,Social,False,False,58c5d8c2-f2e7-4640-ad16-3fc69c4bbe5a,5,lisaanderson,You're the best Nina! 🙏,False,Neither,,False,,,,Thanks
0d903a5b-0beb-4b7d-bdc7-9c27d6b54c43,VPN Setup Help,OneOnOne,IT,False,False,80ce304f-34f4-4a02-bffd-65010d537840,0,ninacosta,"Hey James, quick question — how do I connect to the staging VPN from my new laptop? The old instructions don't seem to work anymore.",False,Neither,,False,,,,Question — answered in thread
0d903a5b-0beb-4b7d-bdc7-9c27d6b54c43,VPN Setup Help,OneOnOne,IT,False,False,9ec2b599-28fe-42c2-9e6a-1fb3579e0bcf,1,jameswilson,"Yeah, we switched VPN providers last month. Go to vpn.meridian.io, download the new client, and use your Okta SSO credentials. Let me know if it doesn't work.",False,Neither,,False,,,,Answer provided
0d903a5b-0beb-4b7d-bdc7-9c27d6b54c43,VPN Setup Help,OneOnOne,IT,False,False,9a0b1526-04a4-426b-9e87-0ee3038f530b,2,ninacosta,"That worked perfectly, thanks! Connected in 30 seconds. Way faster than the old one. 👍",False,Neither,,False,,,,Resolved — no outstanding work
12250279-515c-4637-b6b3-f2792a8c6582,Expense Report Question,OneOnOne,Finance,False,False,10fe1b5a-77dc-4f51-9f66-9dbe3f50563e,0,chrisevans,"Hey Kevin, what's the limit for client meals before I need VP approval?",False,Neither,,False,,,,Question — answered in thread
12250279-515c-4637-b6b3-f2792a8c6582,Expense Report Question,OneOnOne,Finance,False,False,02c6691f-f948-497c-9ae2-788cf69bbdb4,1,kevinzhang,It's $250 per meal for individual client meetings. Anything above that needs VP sign-off plus a business justification note. For team events it's $75 per head.,False,Neither,,False,,,,Answer provided
12250279-515c-4637-b6b3-f2792a8c6582,Expense Report Question,OneOnOne,Finance,False,False,c788152b-b95d-4b68-946a-68fd3f9ac890,2,chrisevans,"Perfect, the dinner I'm logging is $180 so I should be fine. Thanks for the quick answer!",False,Neither,,False,,,,Resolved
12250279-515c-4637-b6b3-f2792a8c6582,Expense Report Question,OneOnOne,Finance,False,False,e955755a-0306-4dbe-aafb-02b9b0582887,3,kevinzhang,"Yep, you're good. Just make sure to attach the receipt. 👍",False,Neither,,False,,,,Final clarification
ee799343-768b-404f-b454-16ffc3efd855,General — Interesting Read,Group,Engineering,False,False,96f48147-297a-4d38-bf37-827b09ec731c,0,davidpark,Came across this great article on microservice observability patterns: https://techblog.example.com/observability-2026. Really relevant to what we're building.,False,Neither,,False,,,,Information sharing — no task
ee799343-768b-404f-b454-16ffc3efd855,General — Interesting Read,Group,Engineering,False,False,bbda745d-50d4-4dce-b378-5ac97541eb7a,1,alexkumar,Good find! Their approach to distributed tracing is similar to what we discussed for the monitoring dashboard.,False,Neither,,False,,,,Discussion
ee799343-768b-404f-b454-16ffc3efd855,General — Interesting Read,Group,Engineering,False,False,83389e1d-a289-417e-9d95-01d888501a59,2,priyasharma,The section on SLO-based alerting is interesting. We're already doing most of that with our Datadog setup.,False,Neither,,False,,,,Commentary
ee799343-768b-404f-b454-16ffc3efd855,General — Interesting Read,Group,Engineering,False,False,ead47f43-9a54-4ac0-9f50-f5b9a9f4dcd5,3,jameswilson,Bookmarked. The log aggregation patterns in section 3 are solid.,False,Neither,,False,,,,Acknowledgment
9d6f20e8-45fe-4c74-ab98-d9750e0622b6,Sprint 46 Report — Final Numbers,Group,Engineering,False,False,2a64cc3c-747f-4e92-a942-52b88a911773,0,alexkumar,"Sprint 46 final numbers are in:

• Velocity: 47 points (target: 45) ✅
• Stories completed: 12/14
• Bugs resolved: 8
• Carryover: 2 stories (by design — deferred to next sprint)

Solid sprint everyone.",False,Neither,,False,,,,"Sprint report — FYI, no action items"
9d6f20e8-45fe-4c74-ab98-d9750e0622b6,Sprint 46 Report — Final Numbers,Group,Engineering,False,False,3e0aaf04-e3f8-46cd-98ac-76f870ec427c,1,davidpark,Good numbers. The carryover items make sense given the priority shift mid-sprint. Nice work team.,False,Neither,,False,,,,Acknowledgment
9d6f20e8-45fe-4c74-ab98-d9750e0622b6,Sprint 46 Report — Final Numbers,Group,Engineering,False,False,d477e195-0dd5-4fcf-952c-61f177c264c3,2,priyasharma,The API performance story took longer than expected but we're happy with the result — 40% latency improvement on the main endpoints.,False,Neither,,False,,,,Context/detail
9d6f20e8-45fe-4c74-ab98-d9750e0622b6,Sprint 46 Report — Final Numbers,Group,Engineering,False,False,1da60b01-7d0c-4244-bbb0-eb1e5d1afff1,3,ninacosta,QA pass rate was 96% this sprint. Highest we've had all quarter. 💪,False,Neither,,False,,,,Supplementary stat
12c0abb7-7510-49d1-9316-4def7cf98f44,Priya's 3-Year Anniversary! 🎉,Group,Social,False,False,0c74a3e1-80f7-4770-bcd9-fe9972aac32b,0,alexkumar,Everyone — today marks @Priya's 3-year anniversary at Meridian! She's been an absolute rockstar on the engineering team. Thank you for everything you do 🎉,False,Neither,,False,,,,Anniversary announcement
12c0abb7-7510-49d1-9316-4def7cf98f44,Priya's 3-Year Anniversary! 🎉,Group,Social,False,False,31d81395-c607-44ec-b5bd-d1ab47d95367,1,davidpark,"3 years! Time flies. Priya, your contributions to the platform have been transformative. Here's to many more. 🙏",False,Neither,,False,,,,Appreciation
12c0abb7-7510-49d1-9316-4def7cf98f44,Priya's 3-Year Anniversary! 🎉,Group,Social,False,False,38980492-ae70-4c5e-b131-a313245e2662,2,jameswilson,Congrats Priya! 🎂 Remember when we had that all-nighter during the v2 launch? We've come a long way since then 😄,False,Neither,,False,,,,Social
12c0abb7-7510-49d1-9316-4def7cf98f44,Priya's 3-Year Anniversary! 🎉,Group,Social,False,False,555ffd9d-8feb-4a8c-857d-5dacc3b567f1,3,ninacosta,Happy work anniversary Priya!! The team wouldn't be the same without you. 💐,False,Neither,,False,,,,Social
12c0abb7-7510-49d1-9316-4def7cf98f44,Priya's 3-Year Anniversary! 🎉,Group,Social,False,False,1ee51a89-401a-4ca3-b56c-1299a9435a61,4,priyasharma,"Wow, thank you all! 🥰 These 3 years have been incredible. Best team I've ever worked with.",False,Neither,,False,,,,Gratitude
cd247ad6-1b55-4a8c-9c70-3b0dbaef84e5,Competitor News — Worth Knowing,Group,Sales,False,False,a9bd7c13-b801-4877-97af-932a84f14340,0,michaelchen,Heads up — saw that Nexus Analytics just announced they're shutting down their SMB tier. All their small business customers are looking for alternatives.,False,Neither,,True,,,,"Market intel — Important as competitive signal, but no explicit task"
cd247ad6-1b55-4a8c-9c70-3b0dbaef84e5,Competitor News — Worth Knowing,Group,Sales,False,False,81c78ea2-bf2f-4707-95d1-05629cd63b2e,1,sofiaramirez,Interesting. We've already been getting inbound from a few of them this week. The pipeline team is routing them normally.,False,Neither,,False,,,,Status — already handled
cd247ad6-1b55-4a8c-9c70-3b0dbaef84e5,Competitor News — Worth Knowing,Group,Sales,False,False,f18e2523-fd2c-4c3f-99b2-1467f2338626,2,sarahmitchell,Good intel Michael. Glad the pipeline team is already on it.,False,Neither,,False,,,,Acknowledgment — no new action
286c0a5a-248b-452f-a2cf-54cec90ccfb6,Amazing Customer Feedback!,Group,Customer Support,False,False,daa2b71f-903d-4ade-aa7e-19634e91feb1,0,derekjohnson,"Just got off a call with Pinnacle Logistics. Their CTO said, and I quote: 'EcoSync has been the single best technology investment we've made in 5 years.' 🤩",False,Neither,,False,,,,Customer praise — no task
286c0a5a-248b-452f-a2cf-54cec90ccfb6,Amazing Customer Feedback!,Group,Customer Support,False,False,3272ab05-7249-41ca-bdc9-5c62af352030,1,mariagonzalez,That's so great to hear! They were really frustrated 6 months ago. The turnaround has been incredible.,False,Neither,,False,,,,Context
286c0a5a-248b-452f-a2cf-54cec90ccfb6,Amazing Customer Feedback!,Group,Customer Support,False,False,b1943e63-32a5-4390-98f1-65fac44e297d,2,sarahmitchell,This is exactly the kind of feedback we need to share with the board. Really validates the product strategy. 🔥,False,Neither,,False,,,,Commentary — no action item created
286c0a5a-248b-452f-a2cf-54cec90ccfb6,Amazing Customer Feedback!,Group,Customer Support,False,False,ec4ef792-7f85-495a-b0df-ca14b2b9a66b,3,alexkumar,The engineering team will love hearing this. Thanks for sharing Derek! 🙌,False,Neither,,False,,,,Appreciation
045f2b05-0223-4fdc-994e-5381e8f2c948,General Chat,Group,Social,False,False,6975a768-99ef-4034-a813-6aa62a8a18d7,0,lisaanderson,Did anyone else see the sunrise this morning? Absolutely gorgeous from the 12th floor. ☀️,False,Neither,,False,,,,Social
045f2b05-0223-4fdc-994e-5381e8f2c948,General Chat,Group,Social,False,False,28567e15-ad4c-43eb-9186-e2cfda5c01a9,1,kevinzhang,Yes! I took a photo from the parking garage. The sky was insane. 🌅,False,Neither,,False,,,,Social
045f2b05-0223-4fdc-994e-5381e8f2c948,General Chat,Group,Social,False,False,45a9674b-70b9-4b80-832d-4300eca0e81b,2,chrisevans,I was stuck in traffic on I-5 and somehow the sunset almost made the commute worth it. Almost. 😅,False,Neither,,False,,,,Social
045f2b05-0223-4fdc-994e-5381e8f2c948,General Chat,Group,Social,False,False,e718951a-783c-4b85-b82a-295355ac64a5,3,derekjohnson,"Wait, are we getting another heat wave this week? I saw something about 95° on Thursday.",False,Neither,,False,,,,Social question
045f2b05-0223-4fdc-994e-5381e8f2c948,General Chat,Group,Social,False,False,0eb7a9cd-9e85-4049-b9c5-3d406161520a,4,lisaanderson,"Yeah, looks like it. Time to bring the desk fan back. 😂",False,Neither,,False,,,,Social response
d379a952-57e7-49d5-ac08-bf7803c1130d,Meeting Link,OneOnOne,Operations,False,False,2205f170-69c4-4e85-b1ac-bf3af73271b2,0,racheltorres,"Kevin, do you have the Teams link for the finance review? I can't find the invite.",False,Neither,,False,,,,Question — answered in thread
d379a952-57e7-49d5-ac08-bf7803c1130d,Meeting Link,OneOnOne,Operations,False,False,adac458e-7c86-4be7-ae4b-12d12def4e77,1,kevinzhang,Here you go: https://teams.microsoft.com/l/meetup-join/abc123. It's also on the shared Finance calendar if you need it again.,False,Neither,,False,,,,Answer provided
d379a952-57e7-49d5-ac08-bf7803c1130d,Meeting Link,OneOnOne,Operations,False,False,ed3465aa-87ad-4761-8782-c31b3b23345a,2,racheltorres,"Got it, thanks! Joining now.",False,Neither,,False,,,,Resolved
116791a3-e02d-42e4-887d-35f4649ca3be,Feedback on Security Training,Group,IT,False,False,976b5126-b529-49aa-bf89-a17a863f0fa4,0,amandafoster,Thanks everyone for completing the annual security awareness training! We had 100% completion rate this quarter. 🎉,False,Neither,,False,,,,FYI — training complete
116791a3-e02d-42e4-887d-35f4649ca3be,Feedback on Security Training,Group,IT,False,False,3d24f9cf-c35d-44e3-b1a4-555d36a89848,1,alexkumar,The phishing simulation section was actually really well done this year. Much better than last year's.,False,Neither,,False,,,,Feedback
116791a3-e02d-42e4-887d-35f4649ca3be,Feedback on Security Training,Group,IT,False,False,41127710-3721-4f30-84d8-d8eaa2cd8333,2,jameswilson,Agreed. The interactive scenarios were engaging. The password hygiene module could use an update though — it still references 90-day rotation which we don't do anymore.,False,Neither,,False,,,,Feedback — informational observation
116791a3-e02d-42e4-887d-35f4649ca3be,Feedback on Security Training,Group,IT,False,False,fcc07ba1-d0fb-4f88-8549-ceac11fbe944,3,priyasharma,Same feedback here. Also the section on OAuth token handling was really helpful for the dev team.,False,Neither,,False,,,,Feedback
116791a3-e02d-42e4-887d-35f4649ca3be,Feedback on Security Training,Group,IT,False,False,7af32685-3ef5-41b3-9be0-869565ad5126,4,amandafoster,Great feedback on the password module — I'll pass that to the vendor. Thanks everyone for the quick turnaround! 🙏,False,Neither,,False,,,,"Amanda's vendor note is her own initiative, trivial — no task created"
b68d5bd3-1661-49b4-99fd-06b717de9361,New Office Tour 📸,Group,Social,False,False,967b0d8f-295d-473c-8efe-27248badc7e6,0,lisaanderson,Just finished setting up the new collaboration space on the 4th floor! Here are some photos. The standing desks arrived and the whiteboard wall looks amazing.,False,Neither,,False,,,,Information sharing — no task
b68d5bd3-1661-49b4-99fd-06b717de9361,New Office Tour 📸,Group,Social,False,False,152996c8-616b-4dc8-b2b5-94200e2bf171,1,daniellebooks,"Wow, that looks incredible! The natural lighting is so much better than the old space.",False,Neither,,False,,,,Appreciation
b68d5bd3-1661-49b4-99fd-06b717de9361,New Office Tour 📸,Group,Social,False,False,8834affa-1d0c-4580-beeb-d1531d9a02e6,2,chrisevans,Love the whiteboard wall! Is there a booking system for the space or is it first-come?,False,Neither,,False,,,,Question
b68d5bd3-1661-49b4-99fd-06b717de9361,New Office Tour 📸,Group,Social,False,False,94c07d60-b96d-4652-bbb0-06d2dd113870,3,lisaanderson,First-come for now. If it gets too crowded we'll add a booking sheet at the door.,False,Neither,,False,,,,Answer — resolved
b68d5bd3-1661-49b4-99fd-06b717de9361,New Office Tour 📸,Group,Social,False,False,e32d1ce6-f2c2-44a6-9f3d-ce840ffedcc9,4,ninacosta,This is so nice! Can't wait to use it. 🙌,False,Neither,,False,,,,Social
fb569ead-f6c3-45d4-aaa9-227793d23cf1,Q1 Revenue — Final Numbers,Group,Finance,False,False,cfac5452-37d7-4ce9-abc9-e4920bb1ffec,0,racheltorres,"Q1 revenue is finalized: $18.4M, which is 12% above target. Gross margin came in at 72%. Full report is in the shared Finance folder for anyone who wants the breakdown.",False,Neither,,True,,,,Revenue announcement — Important business signal but no task
fb569ead-f6c3-45d4-aaa9-227793d23cf1,Q1 Revenue — Final Numbers,Group,Finance,False,False,f7e981d7-2b1d-4249-8bdd-22f3e31972ae,1,sarahmitchell,Excellent result. The team should be proud. 12% above target with improving margins — that's exactly what the board wants to see.,False,Neither,,False,,,,Commentary
fb569ead-f6c3-45d4-aaa9-227793d23cf1,Q1 Revenue — Final Numbers,Group,Finance,False,False,36a35608-e63f-483b-b782-26b9314ab7f1,2,michaelchen,Sales team delivered $6.2M in new ARR. Renewals at 94%. Strong quarter all around.,False,Neither,,False,,,,Additional context
fb569ead-f6c3-45d4-aaa9-227793d23cf1,Q1 Revenue — Final Numbers,Group,Finance,False,False,104bee9e-ab2c-40ad-9792-814faf92e9f4,3,kevinzhang,Numbers all reconciled on my end. Clean close this quarter. 👍,False,Neither,,False,,,,Confirmation
3bbc1390-f9d7-485f-9a7f-96d45ad33235,Pet Tax Thread 🐕,Group,Social,False,False,a94d75e7-c983-4f25-8f40-1e5cbf4aac79,0,ninacosta,"OK it's pet tax time. Here's my new puppy, Luna! 🐶 She's a 4-month-old golden retriever and she's already stolen my heart.",False,Neither,,False,,,,Social
3bbc1390-f9d7-485f-9a7f-96d45ad33235,Pet Tax Thread 🐕,Group,Social,False,False,030cb3fc-cca1-4c41-b92a-1ba8e2477243,1,priyasharma,Oh my GOD she is adorable! 😍 Here's my cat Mochi being dramatic as usual.,False,Neither,,False,,,,Social
3bbc1390-f9d7-485f-9a7f-96d45ad33235,Pet Tax Thread 🐕,Group,Social,False,False,397b489d-84e0-4daa-a556-5ab28e095a1f,2,chrisevans,"Luna is so cute! And Priya, Mochi looks like she owns the place 😂",False,Neither,,False,,,,Social
3bbc1390-f9d7-485f-9a7f-96d45ad33235,Pet Tax Thread 🐕,Group,Social,False,False,80da9f06-26c8-42cb-8a63-8643d583f06b,3,derekjohnson,My dog Max says hi to Luna 🐕 He's a 3-year-old lab. They'd be best friends.,False,Neither,,False,,,,Social
3bbc1390-f9d7-485f-9a7f-96d45ad33235,Pet Tax Thread 🐕,Group,Social,False,False,29d7c9a7-b41e-47d0-8772-8c52adb0d8ae,4,laurakim,I don't have a pet but I volunteer at the local shelter on weekends. Yesterday I got to cuddle with 6 kittens. 🐱,False,Neither,,False,,,,Social
337910b5-0b7b-4e22-be9c-f9173c2ad1aa,Product Demo — Internal Preview,Meeting,Engineering,False,False,8680768a-3112-4ca5-a096-106a00827f6f,0,alexkumar,"Notes from today's demo session:

1. New analytics dashboard — performance is excellent, sub-200ms for all queries
2. AI recommendation engine — accuracy improved to 94% with latest model
3. Mobile app redesign — iOS version looking polished

All items are on track for Sprint 48.",False,Neither,,False,,,,"Meeting notes — FYI, no action items"
337910b5-0b7b-4e22-be9c-f9173c2ad1aa,Product Demo — Internal Preview,Meeting,Engineering,False,False,da926505-8176-4d6b-8e5e-cf8a0e056cac,1,davidpark,"Great demo everyone. The AI recommendation accuracy improvement is impressive. Priya, well done on that.",False,Neither,,False,,,,Praise
337910b5-0b7b-4e22-be9c-f9173c2ad1aa,Product Demo — Internal Preview,Meeting,Engineering,False,False,3742b39b-a41f-4876-931c-fe2836ef4ffb,2,priyasharma,Thanks David! The new training data pipeline made a big difference. Excited to see it in production.,False,Neither,,False,,,,Context
337910b5-0b7b-4e22-be9c-f9173c2ad1aa,Product Demo — Internal Preview,Meeting,Engineering,False,False,d02220ca-8066-4486-8f65-cc69bc8c264b,3,ninacosta,QA is tracking well too. No P0/P1 bugs open against any of these features.,False,Neither,,False,,,,Status — confirming good state
2abeb7ce-9836-4a73-b69e-3fdb7ab1ecbb,Did You See The Game Last Night?,Group,Social,False,False,34f30c5f-50c3-48ac-9d36-a6d3367cf039,0,jameswilson,That Lakers game last night was INSANE. OT buzzer beater! 🏀,False,Neither,,False,,,,Social
2abeb7ce-9836-4a73-b69e-3fdb7ab1ecbb,Did You See The Game Last Night?,Group,Social,False,False,6eec5250-bf95-4824-bae9-de64199350ae,1,derekjohnson,I know! I was watching at the bar and everyone went absolutely nuts. Best game of the season.,False,Neither,,False,,,,Social
2abeb7ce-9836-4a73-b69e-3fdb7ab1ecbb,Did You See The Game Last Night?,Group,Social,False,False,7fdd3081-5e66-4d92-b793-4ae9c0e839d7,2,michaelchen,I fell asleep in the 3rd quarter and missed everything. My timeline is full of spoilers 😭,False,Neither,,False,,,,Social
2abeb7ce-9836-4a73-b69e-3fdb7ab1ecbb,Did You See The Game Last Night?,Group,Social,False,False,bbd77853-a5db-44ed-b818-8cbc4cf01c83,3,kevinzhang,"Classic Michael 😂 Don't worry, it'll be on YouTube highlights by now.",False,Neither,,False,,,,Social
2abeb7ce-9836-4a73-b69e-3fdb7ab1ecbb,Did You See The Game Last Night?,Group,Social,False,False,47584b9a-06c6-4582-a263-9668b0fe1144,4,jameswilson,Playoffs are going to be wild this year. Anyone want to do a bracket pool?,False,Neither,,False,,,,Social suggestion — no work task
2abeb7ce-9836-4a73-b69e-3fdb7ab1ecbb,Did You See The Game Last Night?,Group,Social,False,False,1287d9c3-d908-478b-b115-228eb11f2dd6,5,derekjohnson,Yes! I'm in. I promise to pick terribly as always. 😅,False,Neither,,False,,,,Social
011a36ab-63f3-4e76-baf3-288e2ce88674,All-Hands Recording Available,Group,HR,False,False,f378e128-7442-42e6-a476-18cdd1a8d63c,0,daniellebooks,"For those who couldn't attend today's all-hands, the recording and slides are now available on SharePoint: https://meridian.sharepoint.com/allhands-q1. Passcode is MeridianQ1.",False,Neither,,False,,,,"FYI — recording shared, no task"
011a36ab-63f3-4e76-baf3-288e2ce88674,All-Hands Recording Available,Group,HR,False,False,a440eb5e-c688-4add-b39c-aedc0e60d451,1,alexkumar,Thanks Danielle! I was in back-to-back meetings and missed it. Will watch this afternoon.,False,Neither,,False,,,,Acknowledgment
011a36ab-63f3-4e76-baf3-288e2ce88674,All-Hands Recording Available,Group,HR,False,False,ecf0f2fb-fa93-448a-b949-d6bd72e9f586,2,michaelchen,The Q&A section at the end was really good. Sarah addressed the remote work question directly.,False,Neither,,False,,,,Commentary
5cc841f2-73f8-40f7-9eae-ff97e4a177a8,Wednesday Trivia ⚡,Group,Social,False,False,7b4db3f8-a78d-40f1-a3dc-38d133dce90f,0,laurakim,Wednesday trivia time! 🧠 What's the most spoken language in the world by total number of speakers?,False,Neither,,False,,,,Trivia — social
5cc841f2-73f8-40f7-9eae-ff97e4a177a8,Wednesday Trivia ⚡,Group,Social,False,False,d3f6c709-a776-4f2c-ba17-9d42fd149ff3,1,chrisevans,Mandarin Chinese?,False,Neither,,False,,,,Social
5cc841f2-73f8-40f7-9eae-ff97e4a177a8,Wednesday Trivia ⚡,Group,Social,False,False,ce52ee3b-bd37-44ae-9c5b-c9e893c3faac,2,ninacosta,English!,False,Neither,,False,,,,Social
5cc841f2-73f8-40f7-9eae-ff97e4a177a8,Wednesday Trivia ⚡,Group,Social,False,False,f4f8361c-5571-4731-a730-4a0ea0b63887,3,priyasharma,It's English by total speakers (native + non-native). Mandarin is #1 by native speakers only.,False,Neither,,False,,,,Social
5cc841f2-73f8-40f7-9eae-ff97e4a177a8,Wednesday Trivia ⚡,Group,Social,False,False,6280158e-1274-4fd5-bac1-4b5e4609d6ca,4,laurakim,Priya is correct! 🎉 English: ~1.5 billion total speakers. Mandarin: ~1.1 billion. Next trivia on Friday!,False,Neither,,False,,,,Social
5cc841f2-73f8-40f7-9eae-ff97e4a177a8,Wednesday Trivia ⚡,Group,Social,False,False,4c19c71f-d174-4320-b3f1-c3cd1d87074a,5,derekjohnson,I was going to say Spanish but I'll take my L quietly 😂,False,Neither,,False,,,,Social
7125a0c3-a901-46f5-b5ab-04d58e1ba397,WiFi Password,OneOnOne,IT,False,False,3b933cfe-9185-4075-a16c-2cb1f30f5a68,0,derekjohnson,"Lisa, what's the guest WiFi password for the conference room? We have external visitors tomorrow.",False,Neither,,False,,,,Question — answered in thread
7125a0c3-a901-46f5-b5ab-04d58e1ba397,WiFi Password,OneOnOne,IT,False,False,5133b7dc-77ce-4992-a34e-e6b6ccff79c5,1,lisaanderson,It's MeridianGuest2026. It auto-rotates monthly. The current one is posted on the welcome board by reception too.,False,Neither,,False,,,,Answer provided
7125a0c3-a901-46f5-b5ab-04d58e1ba397,WiFi Password,OneOnOne,IT,False,False,f829e0f4-1b9c-4809-9cd6-0ca6e00a0adc,2,derekjohnson,"Perfect, thanks!",False,Neither,,False,,,,Resolved
df62095c-66a3-45ba-b6ea-0332caab37bc,Holiday Party Recap 🎄,Group,Social,False,False,0f8273bf-81bc-49e6-a2b4-502820ad5a45,0,daniellebooks,"Great holiday party last night! Thanks to everyone who came. 🎉 Lisa, the venue was perfect.",False,Neither,,False,,,,Social — past event
df62095c-66a3-45ba-b6ea-0332caab37bc,Holiday Party Recap 🎄,Group,Social,False,False,c9c917ee-be72-4e94-aeb4-edf498e65c56,1,lisaanderson,So much fun! The photo booth was a hit. I'll share the photos once they're uploaded. 📸,False,Neither,,False,,,,Lisa's share is trivial/informal — not a work task
df62095c-66a3-45ba-b6ea-0332caab37bc,Holiday Party Recap 🎄,Group,Social,False,False,6b721c41-d9b9-4de5-a882-544c6e3eecfc,2,chrisevans,The karaoke session at the end was legendary. Kevin's rendition of Bohemian Rhapsody will live rent-free in my head forever. 😂,False,Neither,,False,,,,Social
df62095c-66a3-45ba-b6ea-0332caab37bc,Holiday Party Recap 🎄,Group,Social,False,False,72a62b5b-b167-4a47-a8c8-1c58a86f30d6,3,kevinzhang,I regret nothing. 🎤,False,Neither,,False,,,,Social
df62095c-66a3-45ba-b6ea-0332caab37bc,Holiday Party Recap 🎄,Group,Social,False,False,fe5d97fb-d262-48a1-abeb-7d8bf35f6069,4,ninacosta,It was such a great way to end the year. Already looking forward to the next one! 🥂,False,Neither,,False,,,,Social
58f7ef82-cdba-4183-ac9b-76913605934f,Git Branch Question,OneOnOne,Engineering,False,False,e2a78d91-af53-47c7-b1d9-1ab6451d38a1,0,ninacosta,"Alex, which branch should I use for the regression tests? I see main, develop, and release/4.2.",False,Neither,,False,,,,Question — answered in thread
58f7ef82-cdba-4183-ac9b-76913605934f,Git Branch Question,OneOnOne,Engineering,False,False,3a5fba03-88a7-46e8-ab91-c853d6249b6c,1,alexkumar,Use develop for the regression suite. release/4.2 is frozen for the launch. Main is only for hotfixes right now.,False,Neither,,False,,,,Answer provided
58f7ef82-cdba-4183-ac9b-76913605934f,Git Branch Question,OneOnOne,Engineering,False,False,08fd4146-60d8-40c5-999f-882200af3248,2,ninacosta,"Makes sense, thanks! Targeting develop now.",False,Neither,,False,,,,Resolved
909e9594-4dc6-4dee-bf71-3fae10d0b26f,Shoutout — Nina's QA Work 🌟,Group,Engineering,False,False,bb2c39f4-dee0-4b10-b279-e348379a6d21,0,alexkumar,I want to give a big shoutout to @Nina for the incredible work on the automated regression suite this quarter. We went from 60% to 96% test coverage and our bug escape rate dropped by 40%. 🌟,False,Neither,,False,,,,Kudos — no task
909e9594-4dc6-4dee-bf71-3fae10d0b26f,Shoutout — Nina's QA Work 🌟,Group,Engineering,False,False,15b2a23a-9c69-429f-81c7-cd49bf7aff26,1,davidpark,"Well deserved! Nina, your work has directly improved our release confidence. Thank you. 🙏",False,Neither,,False,,,,Appreciation
909e9594-4dc6-4dee-bf71-3fae10d0b26f,Shoutout — Nina's QA Work 🌟,Group,Engineering,False,False,ecd836fb-7589-439c-becd-90e96b6515bd,2,priyasharma,The API test suite Nina built saved us during the v4.1 hotfix. We caught 3 regressions that would have gone to production. Absolute lifesaver. 💪,False,Neither,,False,,,,Context/appreciation
909e9594-4dc6-4dee-bf71-3fae10d0b26f,Shoutout — Nina's QA Work 🌟,Group,Engineering,False,False,53201f52-0016-486a-9d06-17ac0e9df02c,3,jameswilson,+1! The infrastructure tests are solid too. Makes my deployments way less stressful 😊,False,Neither,,False,,,,Appreciation
909e9594-4dc6-4dee-bf71-3fae10d0b26f,Shoutout — Nina's QA Work 🌟,Group,Engineering,False,False,9acdb6bf-810c-44ef-ae97-66145dd59da3,4,ninacosta,Thank you all so much! 🥰 This means a lot. The whole team made this possible — especially Priya for the API integration work.,False,Neither,,False,,,,Gratitude
cad23206-7047-42b6-92c1-4a012274a851,Meridian v4.2 Launch Day! 🚀,Group,Cross-functional,False,False,497ae97f-c0d8-42a4-936a-8e54518d8f90,0,sarahmitchell,"Team — Meridian v4.2 is LIVE. 🚀 Smooth deployment, all systems green, and early customer feedback is extremely positive. Congratulations to everyone who made this happen.",False,Neither,,True,,,,"Launch announcement — Important milestone, but celebratory, no task"
cad23206-7047-42b6-92c1-4a012274a851,Meridian v4.2 Launch Day! 🚀,Group,Cross-functional,False,False,f071ffcf-5171-4eab-82e5-7d0aee9761a7,1,davidpark,Clean launch! Zero P0 issues in the first 4 hours. Engineering is monitoring closely but everything looks solid.,False,Neither,,False,,,,Status update — good state
cad23206-7047-42b6-92c1-4a012274a851,Meridian v4.2 Launch Day! 🚀,Group,Cross-functional,False,False,7b2957ed-a862-4959-9d30-af2f337528c4,2,alexkumar,The telemetry shows 2x engagement on the new analytics features already. Incredible. 📊,False,Neither,,False,,,,Early metrics
cad23206-7047-42b6-92c1-4a012274a851,Meridian v4.2 Launch Day! 🚀,Group,Cross-functional,False,False,b19bfbd7-c959-4a9d-a677-cd100bdf8de1,3,michaelchen,Sales team is already getting inbound requests. 6 new demo requests this morning alone. 🔥,False,Neither,,False,,,,Sales impact
cad23206-7047-42b6-92c1-4a012274a851,Meridian v4.2 Launch Day! 🚀,Group,Cross-functional,False,False,f5110a5f-b146-4a7f-a88f-498aa4ec2bd6,4,laurakim,"Press coverage is rolling in — TechCrunch, VentureBeat, and The Verge all published pieces. Social engagement is 3x our usual launch numbers.",False,Neither,,False,,,,PR results
cad23206-7047-42b6-92c1-4a012274a851,Meridian v4.2 Launch Day! 🚀,Group,Cross-functional,False,False,f19eaf4c-7cd4-423a-84fc-473151c2d1db,5,racheltorres,"From a financial perspective, our launch week metrics are tracking 40% above projections. Great work everyone! 🎉",False,Neither,,False,,,,Financial context
cd1d40d9-8e57-40f0-9240-1ad616f3313d,Quick Status Check,OneOnOne,Engineering,False,False,e4bfd7ff-5c3c-4e65-982a-6102c533bd62,0,davidpark,"Hey Alex, how are things going with the Sprint 48 items? Just wanted to check in — no urgency.",False,Neither,,False,,,,Status question — answered in thread
cd1d40d9-8e57-40f0-9240-1ad616f3313d,Quick Status Check,OneOnOne,Engineering,False,False,0febf5e2-4519-4e36-bf77-cd6f094afe82,1,alexkumar,"All on track. Priya finished the AI feature yesterday, James has the deployment gates 80% done, and Nina's regression suite is green. We're looking good for the sprint demo on Thursday.",False,Neither,,False,,,,Status answer — complete
cd1d40d9-8e57-40f0-9240-1ad616f3313d,Quick Status Check,OneOnOne,Engineering,False,False,ad2aa58b-7da7-4bf0-8782-5cab553b1623,2,davidpark,"Perfect, that's everything I needed to know. Thanks for the update. 👍",False,Neither,,False,,,,Resolved — no follow-up needed
90596895-4cfa-4098-b403-fc57e54d93d1,Coffee Machine Situation ☕,Group,Social,False,False,5bdb2dc9-fecc-4fdf-9ab9-ff1de5fd71d8,0,kevinzhang,PSA: the espresso machine on the 3rd floor is making weird noises again. I'd recommend the one on 5th floor until facilities looks at it. ☕,False,Neither,,False,,,,FYI — informal
90596895-4cfa-4098-b403-fc57e54d93d1,Coffee Machine Situation ☕,Group,Social,False,False,2306e362-de48-4077-99f2-0dbb987b9c30,1,lisaanderson,"Oh no, not again! That machine has a personality of its own. I already let facilities know — they're coming by this afternoon.",False,Neither,,False,,,,Already handled — no task
90596895-4cfa-4098-b403-fc57e54d93d1,Coffee Machine Situation ☕,Group,Social,False,False,22514234-3647-4cb2-a6bf-7cccfab29165,2,jameswilson,The 5th floor machine makes a better latte anyway. Just saying. 😄,False,Neither,,False,,,,Social
90596895-4cfa-4098-b403-fc57e54d93d1,Coffee Machine Situation ☕,Group,Social,False,False,087301a2-9b80-4298-b0e1-311b558fe8ba,3,chrisevans,I've been using the pour-over setup in the marketing kitchen. Life changing. ☕✨,False,Neither,,False,,,,Social
de120d5c-e007-4cc3-8fce-c372b4e54997,Traffic Alert,Group,Social,False,False,cb0d30e6-b840-4927-ae4d-26ebcacb45d7,0,derekjohnson,Heads up — I-405 is completely backed up. Took me 90 minutes to get in today. 😤,False,Neither,,False,,,,FYI — informal traffic alert
de120d5c-e007-4cc3-8fce-c372b4e54997,Traffic Alert,Group,Social,False,False,7bd7044e-fa9b-47a7-a8e1-52ba5da7ef58,1,sofiaramirez,I saw that too. There's a multi-car accident near exit 15. Took the back roads and it was fine. Try 148th Ave as an alternate.,False,Neither,,False,,,,Advice — resolved in thread
de120d5c-e007-4cc3-8fce-c372b4e54997,Traffic Alert,Group,Social,False,False,accc23a4-62c1-4a35-a0e6-8e39911769aa,2,lisaanderson,I lucked out and took the train today. Should I add transit info to the office Slack? We used to have that.,False,Neither,,False,,,,Social suggestion — not a work task
de120d5c-e007-4cc3-8fce-c372b4e54997,Traffic Alert,Group,Social,False,False,951179a4-83d0-459a-b676-3c301894200a,3,kevinzhang,This is why I WFH on Mondays. 🏠😊,False,Neither,,False,,,,Social
60a96dc0-6ae4-4b42-a1d8-3eff5af58ca2,March Book Club Pick 📚,Group,Social,False,False,77659a29-f2bb-4349-9501-5a1c3c95804d,0,priyasharma,"OK team, what did everyone think of 'Project Hail Mary'? I absolutely loved it.",False,Neither,,False,,,,Social discussion
60a96dc0-6ae4-4b42-a1d8-3eff5af58ca2,March Book Club Pick 📚,Group,Social,False,False,069cb5af-8793-4d2f-811b-73f99b02eadc,1,amandafoster,One of the best sci-fi books I've read in years. The Rocky chapters had me tearing up. 🥺,False,Neither,,False,,,,Social
60a96dc0-6ae4-4b42-a1d8-3eff5af58ca2,March Book Club Pick 📚,Group,Social,False,False,880076d5-8e0c-4bda-8169-c54d56d2f496,2,laurakim,Same! I finished it in two sittings. The humor balanced the tension perfectly.,False,Neither,,False,,,,Social
60a96dc0-6ae4-4b42-a1d8-3eff5af58ca2,March Book Club Pick 📚,Group,Social,False,False,fd92589d-154c-406d-85ad-6e5180119cec,3,daniellebooks,"Loved it! For April, I'm suggesting 'Klara and the Sun' by Kazuo Ishiguro. Anyone read it?",False,Neither,,False,,,,Social
60a96dc0-6ae4-4b42-a1d8-3eff5af58ca2,March Book Club Pick 📚,Group,Social,False,False,75fb320a-cd1e-499c-b5fb-8844ac6fd1ab,4,priyasharma,I haven't but I've heard great things. Let's do it! 📖,False,Neither,,False,,,,Social agreement
81285301-732a-438c-ae0a-065bb032389f,CI/CD — Build Notifications,Group,Engineering,False,False,2e0a98ea-8b40-4e53-b577-52c98692c7fb,0,alexkumar,"FYI — nightly build #4582 completed successfully. All 847 tests passed. Deployment to staging was automatic.

Build: ✅ PASS
Tests: 847/847 ✅
Coverage: 94.2%
Staging: Deployed ✅",False,Neither,,False,,,,Build notification — automated FYI
81285301-732a-438c-ae0a-065bb032389f,CI/CD — Build Notifications,Group,Engineering,False,False,e8b42187-fb7b-4ec6-a148-dc98689cd27a,1,priyasharma,Clean build! The test count went up by 12 from my new API tests. 👍,False,Neither,,False,,,,Observation
81285301-732a-438c-ae0a-065bb032389f,CI/CD — Build Notifications,Group,Engineering,False,False,58c4d926-b920-4b7f-8208-36041c0d4700,2,jameswilson,Staging looks good on the infrastructure side too. Load balancer health checks all passing.,False,Neither,,False,,,,Status confirmation
