conversation_id,conversation_topic,chat_type,Conversation body,HasTask-GroundTruth,action_score,commitment_score,knowledge_score
e825a6bb-9012-4e3c-b952-5dd47bd6b112,Q2 Product Strategy & Board Prep,OneOnOne,"sarahmitchell

:David, have you had a chance to look at the competitive analysis from last week?

davidpark

:Yes, reviewed it over the weekend. Solid work by the team. A few gaps in the enterprise segment though.

sarahmitchell

:What gaps specifically? I want to make sure we address them before the board presentation on the 28th.

davidpark

:Mainly around our analytics offering vs. Asana and Monday.com. They've shipped AI-assisted resource allocation — we haven't. Also, our API ecosystem is lagging. I can put together a 2-pager summarizing the gaps with a proposed roadmap.

sarahmitchell

:That would be perfect. Can you have it ready by Thursday? I want to review it before the pre-board sync on Friday.

davidpark

:Thursday works. I'll pull in Alex for the technical feasibility piece.

sarahmitchell

:Great. Also — should we position the AI roadmap as a separate initiative or fold it into the core platform story?

davidpark

:I'd recommend folding it in. Positioning it separately risks signaling we're behind. If it's integrated, it looks like a natural evolution. Let me think on this a bit more and share my full take tomorrow.

sarahmitchell

:Makes sense. One more thing — did the infrastructure team confirm they can support the Q3 scale targets?

davidpark

:James said they're at 85% confidence on the scale targets with current infra. The remaining 15% depends on the CDN migration finishing on time. I'll get a firm answer by end of week.

sarahmitchell

:OK. Let me know as soon as you have it. We can't go to the board with gaps there.

davidpark

:Understood. Will do.

sarahmitchell

:Thanks David. Talk tomorrow.

",TRUE,0.687483847,0.935539782,0.986899018
5d567002-8766-4875-ace6-fb196dcb0fec,Q2 Hiring Budget Approval,OneOnOne,"sarahmitchell

:Rachel, I need your sign-off on the Q2 hiring plan. David's team needs 4 additional engineers and Michael wants 2 more AEs.

racheltorres

:I saw the headcount request. The engineering asks are within budget, but the sales hires push us $180K over the Q2 operating plan. We'd need to pull from the discretionary pool.

sarahmitchell

:What's left in the discretionary pool right now?

racheltorres

:$420K. But $200K of that is earmarked for the customer event in June. So realistically we have about $220K of true flex.

sarahmitchell

:That's tight. Can we defer the customer event spend and reallocate?

racheltorres

:We could, but Laura and Michael have been counting on that event for pipeline gen. I'd recommend we approve the engineering hires now and table the sales hires until we see Q1 close rates. If Q1 beats forecast, we'll have the room.

sarahmitchell

:Fair. Let's go with that. Can you process the approval for the 4 engineering headcount today? David's already got candidates in final rounds.

racheltorres

:Will do. I'll send the approval through the system by 3 PM and copy Danielle on the HR side.

sarahmitchell

:Perfect. And let's revisit the sales hires after the Q1 close on April 15.

racheltorres

:Noted. I'll flag it for our April budget sync.

sarahmitchell

:Thanks Rachel.

",TRUE,0.975104392,0.989471853,0.977011263
c4ef5831-42e6-4adb-a24b-25ff69d5869e,Production Incident — API Gateway Outage,OneOnOne,"alexkumar

:David, heads up — we're seeing elevated error rates on the API gateway. 5xx errors spiked to 12% in the last 10 minutes.

davidpark

:How many customers affected? Is this the US or EU cluster?

alexkumar

:Both clusters. We're estimating 15K+ active users impacted. James is investigating — looks like the last deployment introduced a connection pool leak.

davidpark

:Roll back the deployment immediately. Don't wait for root cause.

alexkumar

:James is initiating the rollback now. ETA 5 minutes for the US cluster, 8 for EU.

davidpark

:Good. I need you to send a status update to the exec distribution list. Sarah will ask about this in the morning.

alexkumar

:On it. I'll draft the exec update as soon as rollback is confirmed.

davidpark

:What's our confidence that the rollback fully resolves this? Any chance it's infrastructure-related too?

alexkumar

:95% confident it's the deployment. Connection pool metrics correlate exactly with the deploy timestamp. Infra metrics are clean — CPU, memory, disk all normal.

alexkumar

:Update: US cluster rollback complete. Error rates dropping. EU rollback in progress.

davidpark

:Great. Let me know when EU is confirmed clean. And schedule a postmortem for tomorrow — I want the full team there.

alexkumar

:EU is clean now. All error rates back to baseline. Total impact window was about 22 minutes. I'll set up the postmortem for 10 AM tomorrow and send the exec update in the next 30 minutes.

davidpark

:Thanks Alex. Good handling tonight. Let's make sure we add deployment validation gates to prevent this class of issue.

alexkumar

:Agreed. I'll add it to the postmortem action items.

",TRUE,0.997322798,0.950258434,0.991313934
735287ab-dbb7-4dc9-bb11-b6a2a883dbbc,API v3 Migration — Code Review,OneOnOne,"alexkumar

:Priya, can you review the API v3 migration PR? It's PR #847. I want to ship this by end of sprint.

priyasharma

:Sure, I'll take a look this afternoon. Is there a specific area you want me to focus on?

alexkumar

:Mainly the pagination logic and the rate limiting changes. Those are the riskiest parts. The rest is mostly boilerplate.

priyasharma

:Got it. One question — did you run the load tests against the new pagination? Last time we had issues with cursor-based pagination under high concurrency.

alexkumar

:Good catch. I ran the basic load test but not the high-concurrency scenario. Can you include that in your review? Run the k6 suite with the 500-concurrent profile.

priyasharma

:Will do. I should have the review and load test results back to you by tomorrow morning.

alexkumar

:Perfect. Also, are you still on track to finish the webhook refactor this sprint?

priyasharma

:Yes, I'm about 80% done. The event filtering piece is the last part. Should have it wrapped up by Thursday.

alexkumar

:Great. Let me know if you hit any blockers.

priyasharma

:Will do. Thanks Alex.

",TRUE,0.942768693,0.910133183,0.992551804
1febec03-50a8-4ada-925f-ca67c90d17fd,Contoso Enterprise Deal — At Risk,OneOnOne,"michaelchen

:Sofia, what's happening with the Contoso deal? I just got a ping from Sarah — they mentioned it in the exec sync.

sofiarodriguez

:It's complicated. Their CISO flagged data residency concerns during the security review last week. They want all data stored in the EU, and our current architecture doesn't support region-specific data isolation.

michaelchen

:This is a $2.4M deal. We can't lose it over infrastructure. What's the timeline — when do they need an answer?

sofiarodriguez

:They gave us until end of next week. Their procurement cycle closes March 31 — if we miss that, the deal slips to Q3 at best, or they go with Smartsheet.

michaelchen

:OK, I need you to do three things ASAP: 1) Set up a call with David's team to assess the EU data residency feasibility, 2) Draft a risk mitigation proposal for Contoso showing our roadmap, 3) Loop in Amanda to review any GDPR implications.

sofiarodriguez

:On it. I've already pinged David's team for availability. I'll have the draft proposal ready by tomorrow EOD.

michaelchen

:Good. Keep me updated every day until this is resolved. I'm going to brief Sarah separately.

sofiarodriguez

:Will do. One more thing — should I offer them a price concession to sweeten the deal while we work on the technical side?

michaelchen

:Not yet. Let's see if the technical path works first. If we need to, I'll approve up to 10% off but I want that as a last resort. Don't mention it to them proactively.

sofiarodriguez

:Understood. I'll focus on the technical path first.

",TRUE,0.996514618,0.961097121,0.95268631
0f64be13-6f0e-4912-b44d-f3acd5fcb008,Q2 Org Restructuring — Confidential,OneOnOne,"daniellewright

:Sarah, I've completed the analysis on the proposed restructuring. Can we discuss the recommendations?

sarahmitchell

:Yes, go ahead.

daniellewright

:Based on the data, I'm recommending we consolidate the Customer Success and Support teams under Maria. Derek's team would report to her directly. This saves a headcount at the manager level and improves handoff efficiency.

sarahmitchell

:What's the impact on Derek? Is he being let go?

daniellewright

:No, the recommendation is to transition him to a senior IC role — Support Engineering Lead. Same comp band, different scope. I've modeled it both ways and this preserves the team's institutional knowledge.

sarahmitchell

:I like that approach. Has Legal reviewed the restructuring for any compliance issues?

daniellewright

:Amanda reviewed the draft plan last week. She flagged that we need to update the employee handbook and send formal notifications 30 days before the effective date. I have the timeline mapped out.

sarahmitchell

:Good. Let's target June 1 for the effective date. That gives us enough runway. Please prepare the formal proposal with the full timeline, role changes, and communication plan. I need it by next Friday for the leadership review.

daniellewright

:I'll have it ready. One question — do you want me to include a draft communication for the affected employees, or should we wait for leadership sign-off first?

sarahmitchell

:Draft it now so we're ready to move fast after sign-off. But mark it clearly as DRAFT — don't share it beyond us and Amanda.

daniellewright

:Understood. Will keep it tightly held.

sarahmitchell

:Thanks Danielle. This is sensitive — please don't discuss with anyone outside of this until leadership approves.

",TRUE,0.999326944,0.678846717,0.99876821
e2a9068b-7b7a-45d4-9d9d-3a317992978d,Spring Campaign — Content and Assets,OneOnOne,"laurakim

:Chris, where are we on the spring campaign blog posts? We need 3 posts live by March 20.

chrisevans

:Post 1 is in final edit. Post 2 draft is done, needs your review. Post 3 I'm still outlining — the customer story angle needs more input from Maria on the success metrics.

laurakim

:Can you send me the Post 2 draft? I'll review it today.

chrisevans

:Just shared it in the Marketing shared drive. It's in the Spring Campaign folder.

laurakim

:Great. For Post 3 — reach out to Maria directly and get the Pinnacle Logistics success metrics. Don't wait for her to come to you.

chrisevans

:Will do. Should I also include a quote from the customer in the blog post, or keep it to our internal metrics?

laurakim

:Include a customer quote if they've approved it. Check with Maria — she should have the testimonial clearance from their marketing team.

chrisevans

:Got it. I'll coordinate with Maria and have the Post 3 draft ready by Friday.

laurakim

:Sounds good. Also, have you updated the social media calendar with the promotion schedule for these posts?

chrisevans

:Not yet, I'll do that this afternoon. I was waiting until the posts were finalized so the dates are accurate.

laurakim

:OK, just make sure it's done before the team sync on Thursday. Jenna will need the schedule for social planning.

chrisevans

:Will have it ready by Wednesday EOD.

",TRUE,0.997555614,0.957050383,0.953069389
ba6864c3-1607-4cd1-b23e-65c77f3bdecf,SOC 2 Audit Preparation,OneOnOne,"amandafoster

:Kevin, the SOC 2 auditors are coming on-site in 3 weeks. I need the financial controls documentation updated and ready for review. Where do we stand?

kevinzhang

:The revenue recognition controls are updated. Expense management controls are about 70% done. The biggest gap is the vendor payment authorization documentation — David's team made some changes to the approval workflow last quarter and it hasn't been documented yet.

amandafoster

:That vendor payment gap is a risk. The auditors specifically flagged authorization controls last year. Can you get that documentation completed by end of next week?

kevinzhang

:I'll prioritize it. I need to coordinate with James on the engineering side — they modified the approval thresholds in the procurement system. Can you send me the specific audit requirements so I know exactly what format they need?

amandafoster

:I'll send you the audit checklist this afternoon. It has the format requirements and specific controls they'll test. Also — have we resolved the access control finding from last year? That was a material finding.

kevinzhang

:Yes, we implemented the segregation of duties changes in November. I have the evidence package ready for that one. The only outstanding item is the quarterly access review for Q1 — we need to complete that before the auditors arrive.

amandafoster

:Please make sure that Q1 access review is completed within the next two weeks. If they find that incomplete, it undermines our entire remediation story.

kevinzhang

:Understood. I'll coordinate with IT to get it done this week.

amandafoster

:Good. Let's do a dry run walkthrough of all the financial controls next Friday. Can you have everything ready by then?

kevinzhang

:Yes, that's doable. I'll block the time.

",TRUE,0.999629796,0.972743869,0.957108617
38f13aee-ae18-493c-bafe-bb84fff35821,Pinnacle Logistics — P1 Support Escalation,OneOnOne,"mariasantos

:Derek, Pinnacle Logistics just escalated to me directly. They say they've had an open P1 ticket for 4 days with no resolution. What's going on?

derekjohnson

:I know the ticket. It's the data export timeout issue — ticket #45891. My team reproduced it but we're blocked on engineering. We filed a bug but haven't gotten traction.

mariasantos

:Pinnacle is our third-largest customer. If we don't resolve this soon, the VP of Ops there is going to escalate to Michael. Can you get me the ticket details and the engineering bug number? I'll escalate to Alex directly.

derekjohnson

:Ticket #45891, engineering bug ENG-2847. Filed on Monday. Currently unassigned on the eng side as far as I can see.

mariasantos

:Unassigned for 4 days? That's unacceptable. Is there a workaround we can offer Pinnacle in the meantime?

derekjohnson

:There's a partial workaround — they can export in smaller batches. It's clunky but functional. My team offered it on day 2 but Pinnacle's ops team said it's not sustainable for their daily workflow.

mariasantos

:OK, please prepare a formal escalation summary with the full timeline, business impact, and workaround status. I need it in the next 2 hours — I'm setting up a call with Alex this afternoon.

derekjohnson

:I'll have it to you within the hour.

mariasantos

:Thanks Derek. Also — going forward, any P1 from a top-20 customer should be flagged to me within 24 hours. Don't wait for the customer to escalate.

derekjohnson

:Noted. I'll update our triage runbook with that rule.

",TRUE,0.99931407,0.986246765,0.939848781
8d9d7d14-6b2f-4539-bc88-96ff3fbc50a5,CDN Migration — Deployment Blocked,OneOnOne,"alexkumar

:James, the CDN migration deploy is blocked. CI is failing on the integration tests. Can you look at it?

jameswilson

:Looking at it now. The integration test failures are all in the edge caching module — looks like a config mismatch between staging and the new CDN endpoints.

alexkumar

:Is this something you can fix today? We need this migration done by Friday or we're going to miss the Q1 infra target.

jameswilson

:The config fix itself is straightforward — maybe an hour. But I want to run the full regression suite after, which takes about 3 hours. Earliest I can have a green build is late afternoon.

alexkumar

:That works. Go ahead with the fix and full regression. Don't cut corners on testing — this is production traffic.

jameswilson

:Agreed. One thing — I noticed the CDN provider's SSL cert for the EU endpoint expires in 12 days. Should I file a renewal request now or is that handled by their operations team?

alexkumar

:Good catch. File the renewal request on our side — don't rely on them. Better safe than sorry.

jameswilson

:Will do. I'll file it today and add monitoring for cert expiration to our alerting dashboard.

alexkumar

:Perfect. Ping me when the build is green.

jameswilson

:👍

",TRUE,0.990366995,0.99851656,0.938721836
3806a35a-3462-40f5-b197-568ecf81c30c,Northwind Traders NDA Review,OneOnOne,"sofiarodriguez

:Amanda, I need the Northwind Traders NDA reviewed and redlined. Can you turn it around by Wednesday?

amandafoster

:I can take a look. Is this their paper or ours?

sofiarodriguez

:Their paper. They sent a mutual NDA with some non-standard language around IP ownership that I'm not comfortable with. I flagged the sections in yellow in the shared doc.

amandafoster

:OK, I'll review it. Non-standard IP language in an NDA is a red flag — glad you caught it. Any particular deal terms driving urgency, or can this slip to Thursday if needed?

sofiarodriguez

:Wednesday is ideal. We have a technical evaluation starting Thursday and they want the NDA executed before sharing their architecture docs. If it slips, the whole eval timeline shifts.

amandafoster

:Understood. I'll prioritize it. If the IP language is as non-standard as you're saying, I may need to push back on their counsel. Are you OK if I engage directly with their legal team?

sofiarodriguez

:Yes, please go ahead. Their legal contact is Rebecca Walsh — I'll send you her email.

amandafoster

:Thanks. I'll have the redline back to you by Wednesday morning.

sofiarodriguez

:Thanks Amanda 🙏

",TRUE,0.91300118,0.992848992,0.976342559
9375fa34-a95a-4717-84a6-1429eb884d7d,Release Blocker — Dashboard Rendering Bug,OneOnOne,"ninacosta

:Priya, I found a critical rendering bug in the dashboard module. Charts aren't loading when there are more than 50 data points. This is a release blocker for v4.2.

priyasharma

:That sounds like the chart library upgrade we did last sprint. Can you share the repro steps and browser/environment details?

ninacosta

:Repro: 1) Create a project with 51+ tasks, 2) Open the analytics dashboard, 3) Click on the resource allocation chart. Browser: Chrome 121 and Edge 121 both affected. Firefox works fine. I've attached screenshots to bug ENG-2901.

priyasharma

:Thanks. Chrome and Edge both use Blink rendering — Firefox uses Gecko. That narrows it down. Is this in all chart types or just the resource allocation chart?

ninacosta

:I tested all chart types. The resource allocation, timeline, and burndown charts are all affected. Pie charts and bar charts work fine. It seems to be specific to the time-series rendering path.

priyasharma

:OK, I have a theory. The chart library v3 changed how it handles SVG rendering for large datasets. I'll work on a fix today. Can you also check if this regression exists in the staging environment? I want to confirm it's not a data issue.

ninacosta

:I'll check staging right now.

ninacosta

:Confirmed — same issue in staging. Definitely a code regression, not data.

priyasharma

:Found it. The library's SVG renderer has a default limit of 50 nodes per group. I need to set an explicit override. Fix is simple but I want to verify it doesn't break the rendering performance. Can you run the full visual regression suite once I push the fix?

ninacosta

:Absolutely. Ping me when it's pushed and I'll run it immediately. I want this closed today if possible — Alex is asking about the release timeline.

priyasharma

:Pushing now. Should be in CI within 10 minutes.

",TRUE,0.962183416,0.924059093,0.921932936
cec2218b-1e43-403b-b5bf-dd13ca01deba,Office Equipment & Software Procurement,OneOnOne,"lisanakamura

:Kevin, I need to submit the PO for the new conference room equipment. Can you approve the $28K spend?

kevinzhang

:Is this the AV upgrade we discussed in the facilities planning meeting? I thought the budget was $25K.

lisanakamura

:Yes, same project. The $3K difference is the additional cable management and mounting hardware that we didn't account for in the initial estimate. I have the detailed breakdown in the PO.

kevinzhang

:OK, $28K is within my approval threshold. I'll approve it today. Can you make sure the vendor delivers before the end of March? We need to close this against the Q1 budget.

lisanakamura

:I'll confirm the delivery timeline with the vendor today. They originally quoted 2-3 weeks lead time, so we should be fine.

kevinzhang

:Great. Also — did you get quotes for the software license renewals? Those are due by April 1.

lisanakamura

:Got quotes from all three vendors. The Figma renewal is 12% higher than last year. Slack and Zoom are comparable. I'll send you the comparison spreadsheet.

kevinzhang

:12% increase on Figma? That's steep. Let me know the contract terms — I may want to negotiate.

lisanakamura

:Will do.

",TRUE,0.997805774,0.991921425,0.985782444
5a37d74b-79b7-4064-b312-172c7a6dca8c,Customer Testimonial — Pinnacle Logistics,OneOnOne,"laurakim

:Maria, we want to feature Pinnacle Logistics in our spring campaign as a case study. Have they agreed to participate?

mariasantos

:I spoke with their VP of Ops last month and she was open to it in principle. But I haven't gotten formal approval from their marketing or legal team yet.

laurakim

:Can you reach out and get formal sign-off? I need confirmation by next Wednesday to make our production deadline. If they can't commit by then, I'll need to find an alternative customer.

mariasantos

:I'll reach out today. One concern though — they've had some frustrations with our support responsiveness recently. Might not be the best time to ask for a public endorsement.

laurakim

:Good point. Is the support issue resolved?

mariasantos

:Derek's team resolved the P1 last week. Pinnacle's contact seemed satisfied with the resolution. I think we're OK to ask, but I wanted you to know the context.

laurakim

:Thanks for flagging that. Go ahead and ask. If they push back, don't force it — customer relationship comes first.

mariasantos

:Agreed. I'll be thoughtful in my approach. Should I share the draft case study outline with them so they know what to expect?

laurakim

:Yes, please share the outline. It'll make them more comfortable. Chris has the draft — ask him to send it to you.

mariasantos

:Perfect. I'll coordinate with Chris and reach out to Pinnacle today.

",TRUE,0.982687116,0.96848762,0.979169488
a800a03f-cb4d-418b-9e4c-9d37aa4ed90d,Engineering Platform Investment — Build vs Buy,OneOnOne,"davidpark

:Rachel, I need to discuss the platform observability investment. We have two options — build internally for ~$800K over 6 months, or buy Datadog Enterprise for ~$350K/year. Each has tradeoffs.

racheltorres

:What's the TCO comparison over 3 years?

davidpark

:Build: ~$800K upfront + $200K/year maintenance = $1.4M over 3 years. Buy: $350K/year = $1.05M over 3 years. But the build option gives us custom integrations with our platform that Datadog can't match.

racheltorres

:The $350K difference over 3 years is meaningful but not decisive. What's the engineering opportunity cost? Those engineers could be building product features instead.

davidpark

:Good point. It would tie up 3 senior engineers for 6 months. That's roughly $600K in product feature velocity we'd lose. We were planning to use those engineers for the AI features roadmap.

racheltorres

:The AI features are what Sarah wants to showcase to the board. I'd lean toward buying Datadog and keeping the engineering team focused on product. Can you build the business case with both options modeled out? I want to present it at the next budget committee.

davidpark

:I'll have it ready by Monday. Should I include the AI features opportunity cost in the model, or keep it purely infra-focused?

racheltorres

:Include both. Sarah will want to see the full picture — infra cost AND product velocity impact. That's what makes the decision compelling.

davidpark

:Makes sense. I'll model it that way.

racheltorres

:Thanks David. This is a good example of the kind of investment discipline we need. 👍

",TRUE,0.936694324,0.926176429,0.974899471
d004ff9c-5815-4be3-8e94-410757418d17,Engineering Daily Standup,Group,"alexkumar

:Morning team. Let's do a quick standup. Where is everyone at?

priyasharma

:I wrapped up the API v3 pagination fix yesterday. PR #847 is ready for final review. Today I'm starting on the webhook refactor.

jameswilson

:CDN migration is back on track. Config fix is deployed, regression suite passed. I'm moving on to the monitoring dashboard updates today.

ninacosta

:I'm halfway through the visual regression test suite for v4.2. The dashboard rendering fix from Priya is verified. Remaining: export module and notification system tests.

alexkumar

:Good progress. @Priya, who's doing the final review on your pagination PR? I want it merged today.

priyasharma

:I assigned it to James for the infra perspective. James, can you review it before noon?

jameswilson

:Sure, I'll look at it by 11.

alexkumar

:Nina, any blockers on the regression suite?

ninacosta

:One minor blocker — the staging environment is running an older build. I need it updated to the latest before I can run the export tests. @James, can you push the latest build to staging?

jameswilson

:Will do. Give me 20 minutes.

alexkumar

:OK, quick reminder — v4.2 release candidate is due Friday. Let's make sure all the pieces are in place. Everyone please update Jira with your current status by EOD.

priyasharma

:👍

ninacosta

:Will do.

jameswilson

:On it.

",TRUE,0.999668121,0.705408752,0.971711814
32d075c4-2a7c-452d-be90-49060fe38ba9,Q1 Pipeline Review & Forecast,Group,"michaelchen

:Sarah, Sofia — let's align on the Q1 pipeline. We're 3 weeks from close. Sofia, can you give us the rundown on the top 5 deals?

sofiarodriguez

:Here's where we stand:
1. Contoso Enterprise - $2.4M - in security review (at risk)
2. Northwind Traders - $850K - NDA in legal, eval starting next week
3. Fabrikam Corp - $620K - verbal commit, waiting on procurement
4. Woodgrove Bank - $1.1M - demo scheduled this week
5. Tailspin Toys - $340K - negotiation phase

Total pipeline: $5.3M. Committed: $1.0M. Best case: $3.9M.

sarahmitchell

:That's a big gap between committed and pipeline. What's the risk on Contoso?

sofiarodriguez

:Data residency concern from their CISO. We're working on it — David's team is assessing the EU hosting feasibility. I have a call with their procurement team Thursday.

michaelchen

:Contoso is make-or-break for Q1. @Sofia, I need you to send me a daily status update on that deal until it's resolved. I'll handle the exec alignment on our side.

sofiarodriguez

:Will do. I'll send updates by 5 PM daily.

sarahmitchell

:Michael, what's your confidence level that we hit the $3.5M target for Q1?

michaelchen

:Honestly, 60-40 right now. If Contoso closes, we're at $3.7M. Without it, we're at $1.3M committed which is well short. Everything hinges on the Contoso security resolution and Fabrikam getting through procurement.

sarahmitchell

:That's not where I need it to be for the board. Michael, can you put together a risk mitigation plan with backup deals we could accelerate? I need it by Monday.

michaelchen

:I'll have it for you Sunday night.

sarahmitchell

:Thanks both. Let's regroup Wednesday after Sofia's Contoso call.

",TRUE,0.997009754,0.939167023,0.998831689
e0146509-fe83-445e-923e-166c0ee60ec4,Meridian v4.2 Launch Coordination,Group,"sarahmitchell

:Team, we're 2 weeks out from the v4.2 launch. I want to make sure every workstream is on track. Let's do a round-robin update.

davidpark

:Engineering is green. RC build is on track for Friday. One open item — the dashboard rendering fix needs to land today, but Priya and Nina are on it.

laurakim

:Marketing is ready. Blog posts, social calendar, and email campaign are all queued. The only dependency is the final feature screenshots from the engineering team — @Alex, can you get those to Chris by Thursday?

alexkumar

:I'll get them over by Wednesday so Chris has buffer time.

michaelchen

:Sales enablement deck is done. We're doing deal team training on Monday. One ask — @Laura, can we get early access to the blog posts for the sales team to share with prospects?

laurakim

:Sure. @Chris, please share draft links with Michael's team by Friday.

chrisevans

:Will do.

sarahmitchell

:David, what's our rollback plan if something goes wrong on launch day?

davidpark

:Blue-green deployment with instant rollback capability. We can revert within 2 minutes. James has the runbook ready.

sarahmitchell

:Good. @David and @Alex — please do a launch readiness review on Thursday. I want sign-off from both of you before we go.

davidpark

:Blocked on my calendar.

alexkumar

:Same. I'll prepare the checklist.

sarahmitchell

:Great. This launch needs to go smoothly — it's our first big release since the Series C and investors are watching. Let's not drop the ball.

",TRUE,0.999298275,0.977476954,0.917912424
ba51bf98-c3bd-42af-b0e4-e4686f1b2cbf,Board Meeting Preparation — Q1 Review,Group,"sarahmitchell

:We're a week out from the board meeting. Are we aligned on the narrative? I want to lead with product momentum and address the revenue gap proactively.

racheltorres

:I have the financial section ready. Revenue is $800K below forecast but I've framed it with the pipeline acceleration narrative. The bridge from Q1 actuals to Q2 forecast is solid.

davidpark

:Product section is 80% done. I'm including the competitive analysis and the AI roadmap. One question — do we want to disclose the Datadog vs. build decision to the board, or keep it internal?

sarahmitchell

:Include it. The board will appreciate the disciplined approach to build vs buy. It shows we're thinking about TCO, not just features.

sarahmitchell

:Rachel, can you add a slide on the cost optimization initiatives? I want to show the board we're being responsible with the Series C capital.

racheltorres

:I'll add it. I have good data on the vendor consolidation savings and the infrastructure efficiency gains from James's team.

sarahmitchell

:David, I also need you to prepare a 3-minute demo of the AI-assisted resource allocation feature. Even if it's a prototype, the board needs to see where we're going.

davidpark

:I can do a prototype demo. Alex's team has a working proof of concept. I'll polish it up.

racheltorres

:Sarah, should we also address the headcount discussion? The board may ask why we're hiring into a revenue gap.

sarahmitchell

:Yes, good call. Frame it as investing in growth — the engineering hires are for the product features that drive the Q2-Q3 pipeline. It's correlated spend, not discretionary.

davidpark

:Agreed. I can tie the hiring to specific product milestones that feed into Michael's pipeline forecast.

sarahmitchell

:Perfect. Let's do a dry run Tuesday afternoon. Rachel, can you coordinate a time?

racheltorres

:I'll send an invite for 3 PM Tuesday.

",TRUE,0.990505159,0.970189691,0.993235409
8810f24c-2ca1-4818-863d-9d41edc65564,Q2 Campaign Alignment — Marketing + Sales,Group,"laurakim

:Hey everyone, wanted to sync on the Q2 campaign plan. We're targeting enterprise accounts with the analytics story. @Michael, does this align with what your team is hearing from prospects?

michaelchen

:Mostly. Analytics is the #1 feature request, but a lot of enterprise prospects also care about integrations and security certifications. Can we weave those into the campaign messaging?

laurakim

:Good input. @Chris, can you draft updated messaging that includes the integration ecosystem and security certifications alongside analytics? I want a first draft by Monday.

chrisevans

:On it. Sofia, can you share the top 5 objections you hear from enterprise prospects? I want to make sure the messaging addresses those.

sofiarodriguez

:Sure. The big ones are: 1) Data security/sovereignty, 2) Integration with existing tools, 3) Migration effort from current PM tool, 4) Reporting/analytics depth, 5) Pricing for large teams. I'll put together a one-pager with more detail.

michaelchen

:That's helpful. @Laura, one more thing — we're hosting a webinar with Contoso's VP of Ops if the deal closes. Could that become part of the campaign?

laurakim

:I love that idea. Let's plan for it tentatively and we can confirm once the deal closes. Chris, add a 'customer webinar' track to the campaign plan as a contingency.

chrisevans

:Added. I'll create the webinar landing page template so we're ready to go.

laurakim

:Great sync everyone. Let's regroup next Wednesday with Chris's draft messaging.

",TRUE,0.988007665,0.994601607,0.963633955
e58aee1a-0977-491d-bcb2-d3a00935b7c0,🚨 Production Incident — Database Connection Pool Exhaustion,Group,"jameswilson

:🚨 ALERT: Production database connection pool exhausted. All API endpoints returning 503. Multiple customers reporting issues.

alexkumar

:All hands on deck. @James, what's the current connection count vs pool limit? @Priya, check if the connection leak fix from PR #847 is deployed.

jameswilson

:Pool is at 500/500. We're fully saturated. The spike started 8 minutes ago. Correlates with a batch job that kicked off at 2 PM.

priyasharma

:PR #847 is deployed in production as of yesterday. But wait — the pagination fix changed the connection handling. Let me check if there's a connection leak in the new code path.

davidpark

:What's customer impact right now? How many users affected?

jameswilson

:Monitoring shows ~8,000 active users getting errors. The status page is still green — should I update it?

davidpark

:Yes, update the status page immediately. Mark it as partial service degradation.

priyasharma

:Found it. The new pagination code opens a new connection for each cursor-based query but doesn't release it when the client disconnects mid-stream. The batch job is triggering thousands of cursor queries.

alexkumar

:@Priya, can you push an emergency fix? In the meantime, @James, kill the batch job and manually free the stale connections.

jameswilson

:Batch job killed. Freeing stale connections now... Pool is recovering. Down to 320/500.

priyasharma

:Fix is ready — adding a connection.close() in the finally block of the cursor handler. PR #852. Alex, can you fast-track review? It's a 3-line change.

alexkumar

:Reviewed. LGTM. Merge and deploy.

jameswilson

:Pool is back to 45/500. All endpoints responding normally. Deploying Priya's fix now.

davidpark

:Good work team. Total incident duration was about 25 minutes. Alex, please schedule a postmortem for tomorrow and send the exec summary tonight.

alexkumar

:On it. Postmortem invite going out for 10 AM tomorrow. Exec summary in the next hour.

jameswilson

:Fix deployed. Monitoring confirms stable. Updating status page to resolved.

",TRUE,0.999670208,0.626892686,0.9959234
9fc2e016-86f3-490c-b20b-afec7221145a,Q2 Headcount Planning — Engineering,Group,"daniellewright

:Hi everyone. I want to finalize the Q2 headcount plan for engineering. David and Alex, can you confirm your final requirements?

davidpark

:We need 4 positions: 2 senior backend engineers, 1 ML engineer for the AI features, and 1 DevOps engineer to support the scaling work.

alexkumar

:I agree with David's list. The backend engineers are the most urgent — we're already short-staffed on the API team.

racheltorres

:Budget is approved for 4 engineering headcount. @Danielle, please start the req process. I'd like offers extended by end of April to manage the cash flow timing.

daniellewright

:I'll open the reqs today. @David, @Alex — I'll need updated job descriptions for the ML engineer and DevOps roles. The backend JDs we can reuse from last cycle.

davidpark

:I'll update the ML engineer JD today. Alex, can you handle the DevOps one?

alexkumar

:Sure. I'll have it over by tomorrow morning.

daniellewright

:Great. Once I have the JDs, I'll target having candidates in final rounds within 3 weeks. Rachel, any constraints on the comp bands?

racheltorres

:Standard band for senior engineers. For the ML role, we may need to go 10-15% above band to be competitive. I've seen market data showing a premium for ML engineers right now. I'll send you the updated comp ranges.

daniellewright

:Thanks Rachel. I'll factor that in. Let's check in next week on progress.

",TRUE,0.993816674,0.944793522,0.993032932
6895f4aa-959b-4079-b094-8aefa67b57c2,Northwind Traders — Contract Review,Group,"amandafoster

:I've completed the NDA review for Northwind Traders. There are three issues I need to flag:
1. Their IP transfer clause is overly broad
2. The non-compete language could restrict our sales in the project management space
3. The governing law is New York but we typically insist on Delaware

sofiarodriguez

:That IP clause was the one that concerned me too. Can we push back on all three?

amandafoster

:We should push back on #1 and #2 — those are deal-breakers from our perspective. On #3, I'm flexible — New York is workable, just not ideal. @Sofia, do you know if Northwind has flexibility on their terms?

sofiarodriguez

:Their legal team seemed pretty firm when we first discussed. But the deal is important to them too — they specifically chose us over a competitor. I think we have leverage.

michaelchen

:Amanda, can you prepare a counter-proposal with our preferred language on the IP and non-compete clauses? @Sofia, set up a call with their legal team for Thursday. Let's resolve this before the technical evaluation starts.

amandafoster

:I'll have the counter-proposal ready by Wednesday EOD. That gives Sofia time to share it before the call.

sofiarodriguez

:Scheduling the call now. I'll send the invite once confirmed.

michaelchen

:Thanks team. Amanda — if they won't budge on the IP clause, is there a middle ground we can live with?

amandafoster

:We could limit the IP scope to only work products specifically created for the integration project, rather than a blanket transfer. That protects our core platform IP while giving them what they need.

michaelchen

:Smart. Let's lead with our preferred position and have that as a fallback. Good work team.

",TRUE,0.987830758,0.955076575,0.977358937
0a017fd8-93e6-4e7d-9baf-dc6b536244cf,Q1 Budget Review & Q2 Forecast,Group,"racheltorres

:Sarah, Kevin — here's the Q1 budget summary. We're 6% under on revenue and 3% over on opex. Net impact is about $1.1M below plan.

sarahmitchell

:That's concerning. What's driving the opex overage?

kevinzhang

:Three main factors: 1) Cloud infrastructure costs came in $180K over due to the scaling work, 2) The enterprise customer event ran $90K over budget, 3) Recruiting costs for the engineering hires were higher than planned — about $120K in agency fees.

sarahmitchell

:We need to course-correct for Q2. @Kevin, can you prepare a cost optimization analysis — identify at least $500K in savings opportunities across all departments?

kevinzhang

:I'll have it ready by next Friday. Should I coordinate with department heads, or keep the analysis independent first?

sarahmitchell

:Keep it independent first. I don't want departments sandbagging their numbers. We'll share with them after Rachel and I review.

racheltorres

:Agreed. Kevin, I'll share the department-level budget files with you today so you have the granular data. Also — I want to flag that our cash runway is still healthy. The $1.1M miss doesn't change our 18-month runway materially.

sarahmitchell

:Good to know. But I still want us operating lean. The board expects fiscal discipline post-Series C.

kevinzhang

:Understood. I'll focus the analysis on efficiency gains, not just cuts — so we're not sacrificing growth.

",TRUE,0.997820258,0.96489501,0.922740221
57828485-6554-42f6-a82a-1a3a49d7f6b8,Pinnacle Logistics — P1 Escalation Thread,Group,"mariasantos

:Alex, Michael — Pinnacle Logistics has an open P1 for 5 days. They're our 3rd largest customer ($1.2M ARR). The issue is a data export timeout that Derek's team can't resolve without an engineering fix. This needs immediate attention.

alexkumar

:5 days? That shouldn't have sat that long. Let me check the bug. Derek, what's the engineering ticket number?

derekjohnson

:ENG-2847. Filed on Monday. It's been unassigned on the engineering side. I pinged the eng channel twice but got no response.

alexkumar

:I see it now. This fell through the cracks — the auto-assignment was broken last week. I'm assigning this to Priya now and marking it P1. She'll have a fix or workaround by tomorrow morning.

michaelchen

:Tomorrow morning isn't fast enough. Their VP of Ops is already cc'ing our CEO on emails. If we don't show progress by end of today, we risk the renewal. @Alex, can we expedite?

alexkumar

:OK, I'll pull Priya off her current work and make this the top priority. We'll have a workaround within 3 hours.

mariasantos

:Thank you. @Derek, please keep Pinnacle informed — let them know we've escalated internally and they should expect an update by 5 PM today.

derekjohnson

:Will do. Sending them an update now.

michaelchen

:Let's make sure we have a proper escalation process for top-20 accounts. This shouldn't have gone 5 days without engineering attention.

alexkumar

:Agreed. I'll fix the auto-assignment and add a 24-hour SLA alert for P1s from top accounts.

mariasantos

:Thanks everyone. I'll report back once Pinnacle acknowledges the update.

",TRUE,0.989948928,0.964764237,0.996861339
7e99e342-c881-4d5d-ad7a-7c6ae7959bad,PR #852 — Connection Pool Fix Review,Group,"priyasharma

:PR #852 is up for the connection pool fix. It's a 3-line change in the cursor handler. @Alex already did a quick review during the incident, but I'd like a thorough review from @Nina on the test coverage.

ninacosta

:Taking a look now. Does the test suite cover the case where a client disconnects mid-stream during a cursor query?

priyasharma

:Good question. I added a test for graceful disconnect but not for abrupt disconnects (like network failure). Should I add that?

ninacosta

:Yes, definitely. The original bug was caused by abrupt disconnects from the batch job. We should test both scenarios. Also, can you add a test that verifies the connection count after 100 rapid connect/disconnect cycles?

priyasharma

:Will add both. Give me 30 minutes.

alexkumar

:While you're at it, can you also add a prometheus metric for active connection count? That would've helped us diagnose the issue faster during the incident.

priyasharma

:Good idea. I'll add it in this PR since it's related.

ninacosta

:Otherwise the fix itself looks clean. LGTM once the tests are added.

priyasharma

:Tests added and passing. CI is green. Ready for re-review.

ninacosta

:Looks great. Approved. ✅

",FALSE,0.986331165,0.90797931,0.901103616
7edd3e60-a421-48e3-a85e-5ab445656ce2,Q1 All-Hands Planning,Group,"sarahmitchell

:Team, let's plan the Q1 all-hands. I want it to feel different this time — more interactive, less death-by-slides. Targeting the last Friday of the month.

laurakim

:I agree. We could do a fireside chat format for the product update instead of slides. @Chris, can you design the visual deck for the all-hands? Something modern, less text-heavy.

chrisevans

:Love the fireside chat idea. I'll put together a visual-first deck template. When do you need it?

laurakim

:By Wednesday of that week so we have 2 days for dry run.

daniellewright

:I can handle the employee recognition segment. I have the Q1 award nominations finalized. @Lisa, can you coordinate with facilities on the venue setup — chairs in a semi-circle for the fireside format?

lisanakamura

:Sure. I'll also arrange catering for 50 in-office plus the streaming setup for remote folks. Want the usual lunch spread?

sarahmitchell

:Yes, but add some variety this time. People complained about the same sandwich platters. Budget is fine up to $1,500.

lisanakamura

:Got it. I'll upgrade the menu. 🍕

sarahmitchell

:One more thing — I want to open with a 5-minute video montage of team highlights from Q1. @Chris, can you put that together too? Use clips from the product demos, team events, and customer wins.

chrisevans

:Absolutely! I'll gather clips and have a draft ready for review by the Monday before.

daniellewright

:This is shaping up nicely. I'm excited!

",TRUE,0.987711728,0.949943364,0.846490443
2fb2e50f-5e81-456e-9771-c8daa8cc5a20,SOC 2 & GDPR Compliance — Cross-team Coordination,Group,"amandafoster

:Everyone, the SOC 2 auditors confirmed their on-site visit for April 15. We have 3 weeks to close all open items. This is not negotiable — a failed audit would be devastating for our enterprise sales.

amandafoster

:@David, I need engineering to complete the access control remediation and the disaster recovery test. What's the status?

davidpark

:Access control remediation is done — James implemented the segregation of duties changes in November. The DR test is scheduled for next week. I'll make sure it's completed and documented.

amandafoster

:@Kevin, the financial controls documentation — specifically the vendor payment authorization gap we discussed. Is that closed?

kevinzhang

:Almost. I'm waiting on James for the updated approval threshold documentation. I expect to have everything finalized by end of this week.

amandafoster

:@Danielle, HR controls — employee onboarding/offboarding procedures, access provisioning documentation, background check records. Are those audit-ready?

daniellewright

:Onboarding and offboarding procedures are documented and current. Background check records are complete. One gap — we need to update the access provisioning SOP to reflect the new approval workflow David's team implemented.

amandafoster

:OK, everyone please submit your final evidence packages to me by April 8. That gives me a week to compile and review before the auditors arrive. I'll send each of you a specific checklist today.

davidpark

:Will do.

kevinzhang

:Understood.

daniellewright

:Got it. I'll coordinate with David on the access provisioning update.

amandafoster

:Thanks everyone. If anyone identifies a new gap, flag it immediately. No surprises during the audit.

",TRUE,0.997033596,0.994365394,0.968102276
9ed28a93-62d9-44e7-8f23-e1e8f7176296,Spring Campaign — Creative Review,Group,"chrisevans

:Draft messaging is ready for the spring enterprise campaign. I've shared the doc in the Marketing shared drive. Three tagline options to choose from:
A) 'Enterprise Intelligence, Simplified'
B) 'Your Projects, Powered by AI'
C) 'The Smarter Way to Ship'

laurakim

:I like option B — it ties directly to the AI features we're launching. But 'powered by' feels a bit generic. Can you iterate on that one?

sofiarodriguez

:From a sales perspective, option A resonates most with enterprise buyers. They care about 'intelligence' and 'simplified' — those are the exact words I hear in discovery calls.

chrisevans

:What if we combine them? 'Enterprise Intelligence, AI-Powered'. Gets the enterprise feel from A and the AI angle from B.

laurakim

:I like that. Sofia, would that work in your sales conversations?

sofiarodriguez

:Yes, that's strong. Short, professional, and hits the right keywords for the audience.

laurakim

:Let's go with 'Enterprise Intelligence, AI-Powered'. Chris, please update all the campaign assets with the final tagline and send me the updated proofs by Thursday.

chrisevans

:On it. I'll also update the landing page header and the email templates.

laurakim

:Perfect. Great collaboration everyone 🎨

",TRUE,0.999934316,0.974149942,0.9708125
8b8f8f0b-0558-4118-a221-3cd391274d84,Salesforce Down — Impact & Workaround,Group,"lisanakamura

:Heads up everyone — Salesforce has been down for the past 2 hours. I've submitted a support ticket with Salesforce but no ETA on resolution yet.

derekjohnson

:This is impacting the support team badly. We can't access customer records or update tickets. Is there a workaround?

jameswilson

:I checked — it's a Salesforce-side issue, not our integration. Their status page shows 'investigating.' Unfortunately there's no workaround for the core CRM. For critical support tickets, you can use the backup spreadsheet in the shared drive.

lisanakamura

:@Derek, can you make sure your team switches to the backup workflow for any critical tickets? And let me know if any customer-facing commitments are at risk because of this.

derekjohnson

:Will do. We have 3 customers with SLA-bound responses due today. I'll handle them via the backup process.

jameswilson

:FYI — I've set up an alert. When Salesforce comes back online, I'll sync the backup data automatically. Nothing will be lost.

lisanakamura

:Thanks James. @Derek, please send me a list of any impacted SLA responses so I can notify the customer success team.

derekjohnson

:Sending it now.

lisanakamura

:Salesforce just came back online. Confirmed working. Total downtime: about 3 hours.

jameswilson

:Backup data sync initiated. Should be fully reconciled within 30 minutes.

",FALSE,0.99209249,0.943758249,0.972894847
df6f58b2-7404-4852-a140-8becae588b0f,AI Resource Allocation Feature — Requirements,Group,"davidpark

:Team, let's define the MVP for the AI-assisted resource allocation feature. This is the top item on our Q2 roadmap and a key board commitment. @Michael, what are the most requested capabilities from customers?

michaelchen

:Top 3 requests:
1. Automatic team member assignment based on skills and availability
2. Workload balancing across projects
3. Predictive timeline estimation based on historical data

If we nail #1 and #2 for MVP, that covers 80% of the demand.

alexkumar

:From a technical standpoint, #1 and #2 are feasible for Q2 with 2 engineers. #3 requires a trained ML model on customer data — that's at least Q3.

priyasharma

:I've been prototyping the matching algorithm. The challenge is real-time availability data — our current calendar integration only syncs every 15 minutes. Should I build for real-time or batch?

davidpark

:Build for batch first — 15-minute sync is fine for MVP. We can optimize to real-time in v2. @Priya, can you have the prototype ready for a demo by end of next week?

priyasharma

:Yes, I can have a working demo with sample data by Friday. It won't be production-ready but it'll show the concept.

michaelchen

:Can I bring a customer to see the demo? Contoso has been asking about this exact feature.

davidpark

:Not yet. Let's get it stable first. Once we're confident in the demo, we can set up a customer preview. Probably 2-3 weeks after the initial prototype.

alexkumar

:Agreed. Priya, let me know if you need help with the calendar integration piece. James might have some useful infrastructure code from the scheduling service.

priyasharma

:Thanks, I'll reach out. I think I actually have what I need from the existing API.

",TRUE,0.987482011,0.675940096,0.984497488
99a93e0e-b691-4b13-934e-6d8d6decf20e,Marketing Weekly Sync Notes,Group,"laurakim

:Quick sync notes from today's meeting. Sharing here so everyone has the record:

1. Spring campaign is on track. Chris finalizing assets by Thursday.
2. Customer webinar with Pinnacle contingent on deal close.
3. Social media metrics up 23% MoM.
4. Blog content calendar is full through Q1.

Action items below.

laurakim

:@Chris — finalize campaign landing page and send proof to me by Thursday EOD.

laurakim

:@Sofia — share the enterprise prospect objection list with Chris by Wednesday for the messaging update.

laurakim

:@Maria — confirm Pinnacle's availability for the customer testimonial. Deadline: Next Wednesday.

chrisevans

:Got it. Landing page is 90% done, I'll have it finalized Thursday morning.

sofiarodriguez

:Will send the list to Chris tomorrow.

mariasantos

:I'm reaching out to Pinnacle today. Will update the group once I hear back.

laurakim

:Great. Also FYI — I'm OOO next Friday for a dentist appointment. Chris, you're in charge of any urgent requests that day.

chrisevans

:Noted. Safe teeth! 😄

laurakim

:😂 Thanks. Have a good week everyone!

",TRUE,0.990822554,0.753144562,0.226981744
6f980765-822f-407e-8138-0dee19fa52f9,⚠️ GlobalTech Solutions — Churn Risk Escalation,Group,"mariasantos

:URGENT: GlobalTech Solutions ($850K ARR) is threatening to cancel their contract. Their CTO sent an email directly to Sarah. Main complaints:
1. Three unresolved P2 tickets over 2 months
2. Missing API documentation for their custom integration
3. No dedicated account manager assigned

We need an action plan within 24 hours.

michaelchen

:I had no idea this was escalating. Maria, why wasn't I looped in earlier?

mariasantos

:The individual tickets didn't seem severe enough to escalate. But the pattern is the problem — three unresolved issues compounded. My mistake — I should have flagged the trend.

derekjohnson

:The three tickets are legitimate. Two are feature limitations in our export API, and one is a documentation gap. The export issues need engineering work — we can't solve them on the support side.

alexkumar

:OK, I'll get the export API issues prioritized. @Derek, can you send me the ticket details with repro steps? I'll assign an engineer today.

michaelchen

:@Maria, I need you to draft a recovery plan for GlobalTech. Include: 1) Timeline for resolving all three issues, 2) Proposal for a dedicated account manager, 3) A goodwill offer — maybe a quarter of free premium support.

mariasantos

:I'll have the draft ready by end of day tomorrow.

amandafoster

:Quick note — if we're offering free premium support, I'll need to review the contract amendment. Their current agreement has specific SLA terms we can't override unilaterally. @Maria, please send me the current contract so I can check.

mariasantos

:Sending it now.

michaelchen

:Thanks everyone. Let's regroup tomorrow at 4 PM with the action plan. I'll schedule the meeting.

derekjohnson

:Ticket details sent to Alex. All three with full repro steps.

",TRUE,0.999805212,0.986476183,0.672714233
84256619-a5e8-4096-8eea-b4c77f7ceb03,🔒 SECURITY: Potential Data Exposure Incident,Group,"jameswilson

:SECURITY ALERT: During routine log review, I found that a misconfigured S3 bucket exposed customer project names and email addresses for approximately 6 hours yesterday. The bucket is now secured. Impact assessment in progress.

amandafoster

:This is a potential GDPR/CCPA incident. James, how many customers were affected and what data was exposed?

jameswilson

:Based on the access logs, 247 customer accounts were in the exposed bucket. Data included: project names, user email addresses, and team names. No passwords, payment data, or file contents were exposed.

amandafoster

:OK. We need to assess whether this triggers notification requirements. Under GDPR, we have 72 hours from discovery. @David, can you confirm this has been fully contained and there's no ongoing exposure?

davidpark

:Confirmed contained. James fixed the bucket permissions last night and I verified the fix this morning. We've also audited all other S3 buckets — no similar misconfigurations.

amandafoster

:@James, I need the complete access log from the exposure window. We need to determine if anyone actually accessed the data, or if it was just theoretically exposed.

jameswilson

:Pulling the logs now. Preliminary check shows 3 external IP addresses accessed the bucket during the window. Analyzing whether they accessed customer data or just the bucket listing.

amandafoster

:@Danielle, we may need to notify affected customers. Can you prepare a draft notification email? Use the incident response template but customize for this type of exposure.

daniellewright

:I'll draft it immediately. Do we need to notify the DPA as well?

amandafoster

:Potentially. Let's wait for James's access log analysis. If the 3 external IPs actually accessed customer data, we have a reportable incident. If they only accessed the bucket listing without customer data, we have more discretion. Either way, I'm starting the 72-hour clock from yesterday 6 PM when James discovered it.

davidpark

:What preventive measures should we implement immediately? I don't want a repeat.

jameswilson

:I'm recommending: 1) Automated S3 policy scanning in CI/CD, 2) CloudTrail alerts for any public bucket creation, 3) Quarterly access review of all cloud storage. I'll implement 1 and 2 today.

amandafoster

:Good. Everyone please treat this as confidential until we've completed the assessment and made notification decisions. No external communication until I clear it.

",TRUE,0.998714507,0.990084171,0.99350512
ac852d85-00b3-4d08-b09e-377600b88edd,Spring Hackathon Planning 🚀,Group,"alexkumar

:Hey team! I'm organizing the spring hackathon for the engineering team. Thinking April 18-19 (Friday-Saturday). Who's in? 🎉

priyasharma

:I'm in! Already have a project idea — AI-powered code review bot. 🤖

ninacosta

:Count me in. Can we invite the support team too? Derek has some great ideas for automating ticket triage.

alexkumar

:Great idea — let's make it cross-functional. @Lisa, can you help with logistics? We'll need the large conference room for 2 days, snacks, and maybe dinner on Friday night.

lisanakamura

:Happy to help! I'll reserve the Cascade Room for both days and order catering. How many people are we expecting?

alexkumar

:Probably 15-20 people if we open it up. Let's plan for 20 to be safe.

priyasharma

:Should we have a theme this year or keep it open?

alexkumar

:Let's keep it open but add a 'customer impact' bonus category — projects that could directly improve customer experience get extra points.

ninacosta

:Love it. I'll draft the registration form and share it by Friday. 📝

lisanakamura

:Conference room is booked. Catering ordered for 20. 🍕🍔

alexkumar

:You're the best Lisa! This is going to be fun. 🚀

",TRUE,0.963450968,0.99850589,0.992625356
b3172ab0-ba68-4001-b2f8-8c9a983c6a5b,New Hire Onboarding — Starting April 7,Group,"daniellewright

:Heads up — we have 2 new engineers starting on April 7. @Alex, can you prepare their onboarding plan, team assignments, and buddy pairings? @Lisa, please make sure their laptops, badges, and desk setups are ready.

alexkumar

:I'll have the onboarding plan ready by April 3. Quick question — are both backend engineers, or is one the ML engineer?

daniellewright

:Both are backend engineers. The ML role is still in final rounds.

lisanakamura

:Laptops are ordered and expected to arrive April 2. I'll have their desk area set up in the engineering section. Do they have any accessibility requirements?

daniellewright

:No specific accessibility needs flagged in their intake forms. Standard setup should be fine.

alexkumar

:I'm thinking of pairing them with Priya and James as onboarding buddies. They'll cover both the codebase orientation and the DevOps workflow.

daniellewright

:That sounds great. Please make sure they also complete the security awareness training in their first week — it's mandatory for SOC 2 compliance.

alexkumar

:Noted — I'll add it to the onboarding checklist.

lisanakamura

:All set on my end. Welcome kit, badge, parking pass, and desk setup will be ready by April 4.

",TRUE,0.998351991,0.991068244,0.340224057
70492afc-36c1-414f-9f6f-40297ff71803,Observability Vendor Evaluation — Datadog vs New Relic,Group,"davidpark

:Team, we need to finalize the observability vendor decision by end of month. I've narrowed it to Datadog and New Relic. Kevin, what are the cost comparisons?

kevinzhang

:Datadog: $350K/year for enterprise plan. New Relic: $280K/year but with a more limited feature set. Datadog includes APM, log management, and infrastructure monitoring. New Relic's APM is included but log management is add-on at $60K.

davidpark

:So all-in, Datadog is $350K vs New Relic at $340K if we add logs. Not a significant price difference. @Lisa, did the vendor references check out?

lisanakamura

:I spoke with 3 references for each. Datadog got higher marks for reliability and support responsiveness. New Relic references mentioned occasional billing surprises with the consumption-based model.

davidpark

:That's helpful. I'm leaning Datadog based on completeness and reliability. Kevin, can you prepare the final cost model with 3-year terms? I want to negotiate a multi-year discount.

kevinzhang

:I'll have it ready by Wednesday. Should I model the 3-year TCO with a 15% discount assumption?

davidpark

:Model at 10%, 15%, and 20% so we have negotiating room. @Lisa, please schedule a final vendor call with Datadog for next week to discuss enterprise terms.

lisanakamura

:I'll set it up for Tuesday or Wednesday. Any time preferences?

davidpark

:Morning works best. Before noon Pacific.

kevinzhang

:Once the cost model is done, should I present it to Rachel too? She'll need to sign off if it's over $300K annual.

davidpark

:Yes, loop Rachel in. She'll want to see the ROI case too — reduced MTTR and developer productivity gains. I can help with that narrative.

",TRUE,0.997703433,0.42794022,0.970597744
33979d7d-6c81-4e62-83de-53c5c8cc7b19,Q2 OKR Planning — Leadership Alignment,Group,"sarahmitchell

:Team, I want to finalize Q2 OKRs by end of this week. Each of you should submit your department's top 3 objectives with measurable KRs. Let's target no more than 12 company-level OKRs.

davidpark

:Engineering objectives: 1) Ship v4.2 with AI features on time, 2) Reduce production incident MTTR by 40%, 3) Complete SOC 2 remediation. I'll have the KRs detailed by Thursday.

michaelchen

:Sales: 1) Close $8M in new ARR, 2) Achieve 90%+ net retention, 3) Land 3 enterprise logos above $500K. I need to sync with Sofia on the pipeline actuals to finalize the KRs.

racheltorres

:Finance: 1) Achieve quarterly operating margin of 15%, 2) Reduce SaaS tool spend by $200K, 3) Complete the audit with zero material findings.

laurakim

:Marketing: 1) Generate 150 MQLs from the spring campaign, 2) Increase organic search traffic by 30%, 3) Launch customer advocacy program with 5 reference customers.

sarahmitchell

:Good starting points. I see potential overlap between David's SOC 2 objective and Rachel's audit objective. Should we combine those into a single company-level OKR?

racheltorres

:I'd recommend keeping them separate. The SOC 2 remediation is engineering-owned work. The audit is a finance/legal accountability. Different owners, different timelines.

davidpark

:Agree with Rachel. Different owners, but I'll coordinate with Kevin and Amanda to make sure the timelines are aligned.

sarahmitchell

:Fair point. Let's keep them separate. @Michael, your $8M target — is that consistent with the pipeline we reviewed last week? That felt aggressive given the Q1 shortfall.

michaelchen

:It's a stretch but achievable if Contoso closes and we accelerate 2-3 mid-market deals. I'd rather aim high and add hiring as a dependency. If we don't get the 2 AEs, I'd revise down to $6.5M.

sarahmitchell

:OK let's keep it at $8M with the AE hiring as a flagged dependency. Everyone — please send me your finalized OKR docs by Friday COB. I'll compile and share the draft company OKRs on Monday for a final review.

davidpark

:Will do.

racheltorres

:Done — I already sent mine. 😄

michaelchen

:Friday works. I'll finalize with Sofia's numbers.

laurakim

:Sending mine today.

",TRUE,0.997449875,0.992026389,0.990359604
42983844-f474-41dc-9500-052d17a66ae0,Sprint 14 Retrospective Notes,Group,"alexkumar

:Retro notes from Sprint 14. Adding here for the record.

What went well:
- API v3 migration shipped on schedule
- Connection pool fix handled well under pressure
- Nina's regression suite caught the dashboard bug before release

What needs improvement:
- Bug ENG-2847 sat unassigned for 5 days (auto-assignment was broken)
- Deployment validation needs gates
- Postmortem action items from Sprint 12 still open

alexkumar

:Action items from retro:
1. @James — implement deployment validation gates in CI/CD by end of Sprint 15
2. @Priya — add connection pool monitoring dashboard by next week
3. @Nina — extend regression suite to cover multi-tenant scenarios

jameswilson

:On the deployment gates — should this block all deploys, or just production? I'm thinking we should start with staging gates first.

alexkumar

:Start with production only. We can extend to staging later. Don't over-engineer it.

priyasharma

:For the monitoring dashboard — should I build on the existing Grafana setup or use the new Datadog instance once it's live?

alexkumar

:Use Grafana for now. Datadog decision isn't finalized yet. We can migrate later.

ninacosta

:Multi-tenant regression suite is going to be a bigger effort than expected. I'll need at least 2 weeks. Can I push to Sprint 16?

alexkumar

:That's fine. Get it right rather than rushing it.

priyasharma

:Also — shouldn't we do something about the postmortem action items from Sprint 12? Those have been open for 4 sprints now. 🤦

alexkumar

:Good call. I'll review them tomorrow and either close or reassign. If they've been open this long, some are probably no longer relevant.

jameswilson

:Isn't that always the way with retro action items? 😅

ninacosta

:Harsh but fair 😂

",TRUE,0.81137377,0.77722609,0.995876551
1f20f8db-fc2f-4d36-938f-24fd9b87c9b1,Team Social — Lunch & Weekend Plans,Group,"priyasharma

:Who's up for lunch today? Thinking about trying that new Thai place on 3rd Street. 🍜

sofiarodriguez

:I'm in! I've been wanting to try that place. What time?

chrisevans

:Count me in. 12:30 work for everyone?

ninacosta

:I'm stuck in the regression suite today 😩 Going to have to grab something at my desk. Save me some pad thai! 🙏

priyasharma

:Aw, next time Nina! 12:30 works for me. Sofia?

sofiarodriguez

:12:30 is perfect. See you all in the lobby!

chrisevans

:Anyone doing anything fun this weekend? I'm thinking about checking out the new exhibit at the art museum.

priyasharma

:I'm doing a hiking trail in the Olympics. If anyone wants to join, feel free!

sofiarodriguez

:That sounds amazing! I might take you up on that. Let me check with my partner and get back to you.

ninacosta

:Jealous of all of you. I'll be debugging in my pajamas 😂

chrisevans

:Happy Friday everyone! 🎉

",FALSE,0.159989536,0.673501551,0.907603025
41f84fdf-8c45-43ef-b723-3270a45a20bf,Sprint 15 Planning,Meeting,"alexkumar

:Sharing the Sprint 15 backlog priorities in chat since the screen share isn't working for everyone.

1. AI resource allocation prototype (Priya)
2. Deployment validation gates (James)
3. Multi-tenant regression suite (Nina)
4. CDN monitoring improvements (James)

davidpark

:The AI prototype is top priority. @Priya, are you comfortable committing to a demo-ready version by end of sprint?

priyasharma

:Yes, demo-ready for internal review. Not production-ready though — I'll need an additional sprint for hardening and tests.

alexkumar

:@James, the deployment gates — can you estimate the effort? I want to make sure it doesn't conflict with the CDN work.

jameswilson

:Deployment gates: 3-4 days. CDN monitoring: 2 days. I can fit both in the sprint with a day of buffer.

ninacosta

:Quick flag — the multi-tenant regression suite has a dependency on a test environment that Lisa's team is setting up. If the environment isn't ready by mid-sprint, I'll be blocked.

alexkumar

:Good callout. @James, can you check with Lisa on the test environment timeline?

jameswilson

:I'll follow up with her today.

davidpark

:Looks like a solid plan. Alex, please send the finalized sprint scope to the team by EOD with story point allocations.

alexkumar

:Will do. I'll update Jira and send the summary.

",TRUE,0.999955773,0.967458665,0.987014711
79e36383-578b-4395-a561-c31ebeccad0a,Q1 QBR — Sales & Revenue Review,Meeting,"michaelchen

:Sharing the pipeline summary in chat for reference. Total Q1 pipeline: $5.3M. Closed-won: $1.8M. Win rate: 34%.

sarahmitchell

:34% win rate is below our 40% target. @Michael, what's driving the conversion gap?

michaelchen

:Two main factors: 1) Longer sales cycles in enterprise segment (avg 120 days vs 90 days last year), 2) Competitive pressure from Monday.com and Asana in the mid-market.

racheltorres

:The longer cycle is pushing revenue into Q2 but it's not lost revenue. The real concern is win rate in mid-market where we're losing on price.

sofiarodriguez

:Dropping a link to the competitive loss analysis in chat. We lost 6 deals to Monday.com specifically on the analytics feature gap. Once v4.2 ships, that changes.

sarahmitchell

:@Sofia, can you put together a competitive win-back plan for those 6 lost deals? If v4.2 addresses their concerns, we should re-engage.

sofiarodriguez

:Great idea. I'll draft the win-back approach and target re-engaging within 2 weeks of v4.2 launch.

michaelchen

:Rachel, the pricing concern — should we consider a mid-market pricing tier? We're priced for enterprise but trying to compete in mid-market without a price point advantage.

sarahmitchell

:That's a bigger discussion. Let's schedule a separate pricing strategy session. @Rachel, can you pull the margin analysis for a potential mid-market tier?

racheltorres

:I'll model it out. Target: have the analysis ready for a pricing discussion in 2 weeks.

sarahmitchell

:Good QBR everyone. Clear action items. Let's execute.

",TRUE,0.978613436,0.948024869,0.733777642
f1194809-796f-4e7b-8d55-b4ca49191e0a,Board Deck Final Review — Dry Run,Meeting,"sarahmitchell

:Good run-through everyone. A few things I want to tighten up before Thursday.

sarahmitchell

:@David, your product slide has too much detail. The board doesn't need to see the Jira breakdown. Focus on: what shipped, what's coming, and the competitive moat. Can you simplify by tomorrow morning?

davidpark

:Fair feedback. I'll strip it down to 3 key slides: shipped features, AI roadmap, and market differentiation.

sarahmitchell

:@Rachel, the revenue bridge slide is strong but I want to add a 'path to profitability' appendix. Can you prepare that?

racheltorres

:Already started. I'll include our runway projection, burn rate trend, and the inflection point where subscription revenue covers operating costs.

amandafoster

:FYI — the board materials need to be distributed 48 hours before the meeting per the bylaws. That means everything finalized by Tuesday 6 PM.

sarahmitchell

:Thanks for flagging that Amanda. So our hard deadline is Tuesday 6 PM, not Thursday. Everyone — adjusted timeline. @David and @Rachel, I need final slides by Tuesday noon so Amanda can compile and distribute.

davidpark

:Tuesday noon. Got it.

racheltorres

:Will make it work.

amandafoster

:I'll have the compilation and distribution done by Tuesday 3 PM. I'll also include the standard resolutions and consent agenda.

sarahmitchell

:Great team. Let's make this a strong board meeting. 💪

",TRUE,0.996155202,0.933528721,0.381886274
1ce5fc8a-bd55-4e46-83c9-3539c0270dc6,Postmortem — API Gateway Incident (Jan 16),Meeting,"alexkumar

:Postmortem doc is in the shared drive. Sharing the action items in chat:

Root cause: Connection pool leak in cursor-based pagination (PR #847)
Impact: 22 minutes, ~15K users affected
Resolution: Emergency fix PR #852, deployed within 45 minutes of identification

davidpark

:Good analysis. The key question for me is: how did a PR with a connection leak pass code review?

alexkumar

:The connection handling was in a code path that wasn't covered by existing tests. The reviewer (me) didn't catch it because the leak only manifests under high concurrency with client disconnects — a scenario we didn't have a test for.

derekjohnson

:From the support side, we need better tooling to detect connection pool saturation earlier. My team saw the customer complaints 5 minutes before we got the automated alert.

davidpark

:Action items — I want these completed by end of Sprint 15:

1. @James — implement pre-deploy connection pool stress test in CI pipeline
2. @Alex — add mandatory connection lifecycle review to the PR checklist
3. @Derek — create a customer impact escalation runbook for production incidents

jameswilson

:The CI stress test — should it run on every PR or only for PRs touching database code?

davidpark

:Start with PRs touching database or connection-related code. We can expand later if needed.

alexkumar

:I'll update the PR checklist template in GitHub. I'll also add a 'has_db_changes' label that triggers the connection lifecycle review requirement.

derekjohnson

:Runbook draft will be ready by end of week. I'll base it on our existing incident response procedures and add the customer communication templates.

davidpark

:Good. Let's track these in Jira and review completion at the Sprint 15 retro. Thanks everyone.

",TRUE,0.926598549,0.968576849,0.808745444
c1fa159a-c6ad-4d4a-8fb2-976db2b9054d,H2 Product Strategy Offsite,Meeting,"sarahmitchell

:Capturing the key decisions from today's strategy session in chat:

1. AI will be the core differentiator for H2 — not just a feature, but platform-wide intelligence
2. We're going all-in on enterprise, deprioritizing SMB self-serve
3. International expansion pushed to 2027 — focus on North America first

michaelchen

:Agree with the enterprise focus. The SMB segment has high churn and low LTV. But we'll need to communicate the deprioritization carefully — want to make sure existing SMB customers don't feel abandoned.

laurakim

:I'll draft a communications plan for the pivot. We should reframe it as 'deepening our enterprise commitment' rather than 'deprioritizing SMB.'

sarahmitchell

:Great instinct Laura. @David, for the AI platform vision — I need a detailed technical roadmap by end of month. Break it into: Q2 MVP, Q3 expansion, Q4 platform integration.

davidpark

:Alex and I will build it out. We'll include resource requirements and key dependency milestones.

sarahmitchell

:@Michael, I want you to develop an enterprise-only GTM strategy that leverages the AI features as the lead differentiator. Work with Laura's team on the messaging.

michaelchen

:On it. I'll sync with Laura this week to align the sales narrative with the marketing messaging.

alexkumar

:For the AI roadmap — should we plan for the ML engineer hire being filled by Q2, or should we plan without them as a contingency?

davidpark

:Plan for them being onboarded by mid-Q2. If the hire slips, we'll adjust. But I'd rather plan ambitiously and adjust down.

sarahmitchell

:This was a productive session. Let's execute with urgency. Q2 is when we prove the strategy.

",TRUE,0.990046918,0.904159248,0.873074114
fd0649de-67f3-483d-a9c2-990cada64dce,H1 Performance Calibration — Engineering & Sales,Meeting,"daniellewright

:Sharing the calibration framework in chat. Each department should rank their reports into: Exceeds (top 15%), Meets (70%), Developing (10%), Below (5%). Use the rubric doc I shared Monday.

davidpark

:Engineering calibration: Exceeds — Alex Kumar, Priya Sharma. Meets — James Wilson, Nina Costa. No Developing or Below.

michaelchen

:Sales: Exceeds — Sofia Rodriguez (closed 140% of target). Meets — everyone else. No below expectations.

sarahmitchell

:David, no one in Developing? I find that hard to believe for a team of 5. The calibration is supposed to force-rank, not be a feel-good exercise.

davidpark

:Fair challenge. If I had to differentiate, Nina's QA lead role has been solid but she hasn't stretched beyond core responsibilities. She could be 'Meets with development areas' rather than straight 'Meets.'

daniellewright

:That's a reasonable assessment. @David, can you document the development areas in the system? And @Michael, same for your team — any development feedback for the 'Meets' group?

davidpark

:Will do by end of week.

michaelchen

:Same. I'll add the development feedback.

laurakim

:Marketing calibration: Exceeds — Chris Evans. Meets — everyone else. Chris has been exceptional on the campaign work and the all-hands video montage was entirely his initiative.

daniellewright

:Thanks everyone. Please finalize all ratings and feedback in the system by Friday. I'll compile the final calibration report for Sarah's review on Monday.

sarahmitchell

:Thanks Danielle. Good session. Let's make sure the feedback is constructive and actionable — not just ratings.

",TRUE,0.995767355,0.986465752,0.940152168
8aa325eb-62e3-4da7-81b3-5d90743f3442,GlobalTech & Pinnacle — Customer Escalation Review,Meeting,"mariasantos

:Status update on both escalations:

Pinnacle Logistics: Resolved. Export timeout fix deployed last week. Customer confirmed satisfaction. Renewal confirmed for Q2.

GlobalTech Solutions: Recovery plan delivered. 2 of 3 P2 tickets resolved. Third ticket (API documentation) in progress — ETA next Wednesday.

michaelchen

:Good progress on Pinnacle. @Alex, what's the status on the GlobalTech API documentation issue?

alexkumar

:Priya is working on it. The documentation gap was bigger than expected — missing examples for 3 API endpoints and incorrect parameter specs on 2 others. She should have it complete by Monday.

derekjohnson

:The GlobalTech contact has been getting daily updates from my team. Their tone has shifted from frustrated to cautiously optimistic. The dedicated account manager assignment made a big difference.

michaelchen

:@Maria, once the API documentation is complete, I want to schedule an executive call with GlobalTech's CTO. Show them we take their partnership seriously. Can you set that up?

mariasantos

:I'll coordinate with their CTO's office. Targeting the week after the API docs are delivered.

michaelchen

:Also — I want a systemic fix to prevent this from happening again. @Derek, can you propose an early warning system for at-risk customers? Look at ticket volume, response times, and sentiment patterns.

derekjohnson

:I've been thinking about exactly this. I'll draft a proposal with specific metrics and alerting thresholds. Target: end of next week.

alexkumar

:From the engineering side, I'll also set up a weekly ticket review for top-20 accounts. Any P2+ that's open more than 48 hours gets auto-escalated.

michaelchen

:Excellent. Let's make sure we don't lose another customer to neglect.

",TRUE,0.968509793,0.994678557,0.315459579
4b3e084d-c9b4-4276-b88c-472e410c1790,Budget Committee — Q2 Spend Approvals,Meeting,"racheltorres

:Dropping the Q2 spend approval requests in chat:

1. Datadog Enterprise license: $350K/year (3-year term) — recommended by David
2. Enterprise customer event: $75K — Laura's marketing budget
3. Office AV upgrades: $28K — Lisa's facilities budget
4. Recruiting agency contingency: $100K — Danielle's HR budget

sarahmitchell

:Let's go through them. The Datadog license — Rachel, did you review David's business case?

racheltorres

:Yes. The TCO analysis is solid — $1.05M over 3 years vs $1.4M to build. Opportunity cost of diverting engineers is the clincher. I recommend approval.

sarahmitchell

:Approved. @Kevin, please process the Datadog PO. Negotiate the 3-year term for the best discount possible.

kevinzhang

:Will do. I'll push for 15-20% multi-year discount.

sarahmitchell

:The customer event — $75K. Rachel, where does this sit in the overall marketing budget?

racheltorres

:Within budget. Marketing has $320K remaining in Q2 discretionary. The event is the largest single item but it's budgeted.

sarahmitchell

:Approved. The AV upgrade and recruiting contingency — any concerns on either?

kevinzhang

:Both are straightforward. AV is within Lisa's approval authority. Recruiting contingency is standard for an active hiring cycle.

sarahmitchell

:All four approved. @Kevin, please process all POs this week and send confirmation to the requestors.

kevinzhang

:Will have all POs processed by Thursday and requestors notified.

racheltorres

:Good. I'll update the Q2 forecast to reflect these commitments.

",TRUE,0.998441398,0.949322224,0.990644276
b99bb01c-2b14-4dcf-a521-5798311e96f7,Engineering Weekly Standup,Meeting,"alexkumar

:Quick standup. Let's keep it to blockers and help needed. Status updates go in Jira.

priyasharma

:AI prototype is on track. One blocker — I need access to the production data sample for the matching algorithm. @James, can you create a sanitized data export for me?

jameswilson

:I can have that to you by lunch. How much data do you need?

priyasharma

:At least 6 months of project allocation data. Anonymized is fine — I just need the patterns, not the actual names.

ninacosta

:No blockers for me. Regression suite is progressing. I found 2 minor bugs in the notification module though — not release-blocking but should be fixed. Filed ENG-2915 and ENG-2916.

alexkumar

:@Priya, can you take a look at those bugs after your prototype work? They're in your code area.

priyasharma

:Sure, I'll knock them out Thursday.

jameswilson

:FYI — the CDN provider is doing maintenance tonight from 11 PM to 2 AM. Should have zero customer impact but I'll be monitoring.

alexkumar

:Thanks for the heads up. OK, that's it. Good meeting — under 10 minutes. 🎉

",TRUE,0.998188019,0.970635235,0.895199358
3a383355-0b3c-4322-a274-53b11c98a3b1,Q1 All-Hands Follow-up,Meeting,"sarahmitchell

:Great all-hands today! The fireside chat format worked much better. Got a lot of positive feedback in the Q&A.

laurakim

:Agreed. The video montage was a huge hit — kudos to Chris. I got several messages from people saying it was the best all-hands we've done.

daniellewright

:The employee recognition segment was well-received too. A few people I spoke with mentioned they appreciated being recognized in front of the whole company.

sarahmitchell

:A few follow-up items from the Q&A that we owe the company:

1. Several people asked about the remote work policy refresh — @Danielle, can you share the updated policy by end of next week?
2. The international expansion question — @David, can you post a brief update in the engineering channel about the timeline shift to 2027?
3. People want more frequent town halls — @Laura, can we do these quarterly instead of bi-annually?

daniellewright

:I'll have the updated remote work policy shared by Friday. I've been working on it — just needed final approval from Amanda on the compliance pieces.

davidpark

:I'll post the update tomorrow. I'll frame it as a 'focus and depth' decision rather than a postponement.

laurakim

:Quarterly town halls — absolutely. I'll build that into the communications calendar. Next one would be end of June.

sarahmitchell

:Thanks team. The all-hands sets the tone for the quarter. This one hit the right notes. 👏

daniellewright

:One more thing — the anonymous feedback form had some comments about work-life balance concerns on the engineering team. @David, you may want to address that in your next team meeting.

davidpark

:Thanks for flagging. I'll review the comments and discuss with Alex before bringing it to the team.

",TRUE,0.974386215,0.986617088,0.827631176
ef048852-6bce-415c-8dde-254dbacf190e,Migration Follow-ups,OneOnOne,"alexkumar

:Hey Priya, just circling back on the database migration PR. You mentioned it'd be ready by last Thursday.

priyasharma

:Yeah, sorry — I hit a blocker with the schema validation. The new constraints are rejecting about 12% of legacy records.

alexkumar

:That's a bigger issue than expected. Can you quantify the data loss risk if we skip the validation step temporarily?

priyasharma

:I'll run the analysis this afternoon and get you numbers by EOD.

alexkumar

:Perfect. Also — any update on the caching layer refactor? I think that was due last sprint.

priyasharma

:Pushed it to this sprint. Dependencies on James's infra work weren't resolved.

alexkumar

:OK. When James is done, loop me in so I can reprioritize your backlog if needed.

priyasharma

:Will do.

alexkumar

:One more thing — the performance test results from two weeks ago. Did those ever get documented?

priyasharma

:I wrote up the summary in Confluence but forgot to share the link. Let me send it now.

alexkumar

:Thanks. And whenever you get a chance — not urgent — could you also add the latency benchmarks to the dashboard? Feel free to skip it if Q2 planning takes priority.

priyasharma

:Sure, I'll try to squeeze it in this week.

",TRUE,0.959065497,0.97104764,0.99436456
0639d05f-3a82-4b4a-b569-294a5d19cc6c,Contoso Enterprise Agreement Review,OneOnOne,"sofiarodriguez

:Amanda, I need you to review the Contoso enterprise agreement. Deal is $2.3M ARR and they want to close by end of month.

amandafoster

:I saw the draft yesterday. There are some non-standard indemnification clauses I need to redline. How flexible is the customer on those?

sofiarodriguez

:They pushed back last time we tried to modify indemnification. Can we accept their language with a cap?

amandafoster

:I can accept a cap at 2x annual contract value. Anything beyond that needs Rachel's sign-off since it exceeds our standard risk threshold.

sofiarodriguez

:OK, I'll propose the 2x cap to Contoso. Can you meanwhile redline sections 4.2 and 7.1 and send me a clean version by Wednesday?

amandafoster

:Wednesday is tight but doable. I'll prioritize it.

sofiarodriguez

:Thank you! Also, quick question — do we need a separate DPA for this deal or does our standard one cover it?

amandafoster

:Standard DPA covers it as long as they're not processing EU personal data. Confirm with the customer whether they have EU operations.

sofiarodriguez

:Will check and confirm. Thanks Amanda!

",TRUE,0.995517552,0.928179264,0.980562449
d55aeec8-03a9-4c67-b45b-c56f72d8aad2,Campaign Launch Coordination,OneOnOne,"laurakim

:Chris, are you free tomorrow at 2 PM for a run-through of the campaign assets?

chrisevans

:Tomorrow's packed — I have back-to-backs from 1 to 4. How about Thursday morning?

laurakim

:Thursday 10 AM works. Can you book a room and send the invite?

chrisevans

:Done — sent for 10-11 AM in the Rainier room.

laurakim

:Perfect. Also — can you check if the blog post draft is ready for my review? I want to approve it before the launch.

chrisevans

:Almost there. The writer is doing a final pass. I'll have it in your inbox by end of day.

laurakim

:Great. And one more — are you attending the product marketing sync on Friday?

chrisevans

:Yes, I'll be there.

laurakim

:Cool. Can you prep a 5-minute overview of the campaign metrics to share at that meeting?

chrisevans

:Sure thing. Want me to include social engagement numbers or just web traffic?

laurakim

:Both please. And add the email open rates too.

chrisevans

:Got it. I'll have the deck ready by Thursday EOD.

",TRUE,0.997430921,0.983064055,0.94189775
211f9616-fcb3-427a-949a-cf2f28d9863b,Q2 Planning Edge Cases,Group,"alexkumar

:Team, quick update — the Q2 OKRs have been finalized. Take a look when you can.

priyasharma

:Nice. Are these the same ones we discussed last week or did anything change?

alexkumar

:Mostly the same. The only change is the reliability target moved from 99.9% to 99.95%.

jameswilson

:99.95%? That's going to be fun 🙃

ninacosta

:Seriously though, has anyone actually modeled what 99.95% requires in terms of infra redundancy?

alexkumar

:Good question. @James, can you put together a quick feasibility assessment? Nothing fancy, just a back-of-envelope calc.

jameswilson

:Sure. I'll have something by Friday.

laurakim

:From the marketing side — we probably should align our messaging around the reliability story. Just saying.

priyasharma

:We should also update the status page SLA language. Who owns that?

alexkumar

:I think it's technically DevOps. @James?

jameswilson

:Yeah, I can update it. But I'll need legal to sign off on the new language.

alexkumar

:Great. Let's make sure this gets done before the public announcement. It would be embarrassing to promise 99.95% uptime and have the status page say 99.9%.

ninacosta

:Agreed. I'll add a QA checkpoint for the status page update before it goes live.

laurakim

:This is great teamwork. If you need any copy review on the status page language, feel free to ping me.

",TRUE,0.967330456,0.96253264,0.991822779
c52911c2-6d2d-4041-b1df-83eda47d9d74,Zenith Corp Escalation — System Outage Impact,Group,"derekjohnson

:URGENT: Zenith Corp is reporting complete system unavailability for the past 45 minutes. They're our third-largest customer and their VP of Engineering just called our support line directly.

mariasantos

:This is Zenith's second outage this quarter. They've been vocal about evaluating alternatives. We need to treat this as a potential churn event.

derekjohnson

:@Alex, can your team investigate the root cause immediately? We need a preliminary RCA within the hour.

alexkumar

:On it. Pulling Priya and James into the war room now.

sofiarodriguez

:I'll reach out to their VP to buy us time. @Maria, do you have the latest support ticket history for Zenith? I want to go in with full context.

mariasantos

:Sending it now. They've had 7 P1 tickets in the last 90 days. That's way above our threshold.

davidpark

:I just spoke with the infra team. It's a database connection pool exhaustion issue — same pattern as the March incident. I thought we fixed this.

alexkumar

:We did patch it, but the fix only covered the primary cluster. The secondary cluster wasn't updated. @James, can you confirm and apply the hotfix to secondary NOW?

derekjohnson

:Following up — it's been 30 minutes since the initial report. Do we have an ETA for resolution?

alexkumar

:James is applying the hotfix now. ETA 15 minutes for connection pool recovery, then another 10 for full service restoration.

sofiarodriguez

:I got Zenith's VP on the phone. He's willing to hold off on escalation if we can: (1) provide RCA by tomorrow, (2) commit to a permanent fix timeline, and (3) offer a service credit.

davidpark

:I'll own the RCA. @Alex, you and the team get the permanent fix scoped. @Maria, work with finance on the service credit — probably 1 month pro-rata.

mariasantos

:On it. I'll loop in Kevin from finance for the credit calculation.

derekjohnson

:Service is back up as of 2:47 PM. Zenith confirmed. But let's not forget — this is the SECOND time. We need the permanent fix before we lose this account.

davidpark

:Agreed. I want the permanent fix timeline in our next leadership sync. This is now a top-3 priority.

",TRUE,0.995972991,0.913120985,0.992706716
101f26aa-3384-4f0b-83d0-6c5a0ba86990,Employee Relations & Policy Updates,OneOnOne,"daniellewright

:Sarah, I need to flag something sensitive. We received a formal complaint from an employee on the engineering team about their manager's communication style.

sarahmitchell

:Thanks for bringing this to me. Is this something HR can handle through normal channels or do we need legal involved?

daniellewright

:HR can handle the initial investigation. If it escalates to a formal grievance, we'll need Amanda. For now, I'd like your permission to proceed with the informal resolution process.

sarahmitchell

:You have my go-ahead. Keep me updated on progress but use your judgment on the approach.

daniellewright

:Will do. Separately — the new PTO policy goes into effect Monday. I've sent the company-wide announcement but wanted to give you a heads-up in case anyone on the leadership team has questions.

sarahmitchell

:Got it. Did you include the grandfathering clause for people who already have trips booked?

daniellewright

:Yes, it's in section 3 of the policy doc. Anyone with pre-approved PTO keeps their existing dates.

sarahmitchell

:Perfect. One more thing — can you pull together the Q1 attrition numbers? I need them for the board deck.

daniellewright

:I'll have them to you by Thursday. Do you want voluntary and involuntary broken out separately?

sarahmitchell

:Yes, both. And if you can include a comparison to industry benchmarks, that would be helpful.

daniellewright

:Will do. Thanks Sarah.

",TRUE,0.998112321,0.737533391,0.999187887
1dac8475-4df4-440b-8e86-06fbcf15bdf1,Q2 Kickoff Planning,Group,"sarahmitchell

:We need to get the Q2 kickoff on the calendar ASAP. @David @Rachel @Michael @Laura @Danielle — what does next Tuesday look like for everyone?

davidpark

:Tuesday works for me. Morning is better — I have a deployment window in the afternoon.

racheltorres

:I can do Tuesday before noon. I have the audit committee call at 1 PM.

michaelchen

:Tuesday is out for me — I'm in New York for client meetings all day. What about Wednesday?

laurakim

:Either day works for me.

daniellewright

:Tuesday or Wednesday both fine.

sarahmitchell

:Let's do Wednesday 10 AM then. Michael, can you join remotely if needed?

michaelchen

:Yes, I'll dial in from the hotel.

sarahmitchell

:@Danielle, can you book the all-hands room and send the invite?

daniellewright

:On it. Should I include the full leadership team or just this group?

sarahmitchell

:Full leadership team plus the department heads.

racheltorres

:Can someone prepare the financial overview slides? I can do the numbers but need templates from marketing.

laurakim

:I'll send you the template deck today.

sarahmitchell

:Thanks everyone. Let's make this a good kickoff. 🚀

",FALSE,0.997143984,0.995290995,0.9093768
979a8aa2-d4c9-4e2f-8181-b829a049e4e9,Security Incident Postmortem — March 28 Breach Attempt,Meeting,"davidpark

:OK everyone, let's walk through the March 28 incident. James, can you give us the timeline?

jameswilson

:At 3:12 AM Pacific, our IDS flagged anomalous traffic from an IP range associated with known threat actors. The traffic was targeting our staging environment's API gateway.

jameswilson

:By 3:24 AM, the automated WAF rules blocked the majority of requests. However, approximately 2,400 requests made it through before the rules kicked in.

amandafoster

:Were any customer data endpoints exposed during that 12-minute window?

jameswilson

:No. The staging environment uses synthetic data. No customer PII was at risk.

amandafoster

:That's a relief. But we still need to document this for our SOC 2 compliance records. @James, can you prepare the incident report in the required format by end of week?

davidpark

:Agreed. And we need to address the 12-minute gap. @Priya, can you review the WAF rule propagation latency? I want that gap under 60 seconds.

priyasharma

:I'll look into it. The latency is mostly due to the rule sync between our edge nodes. We might need to move to a push-based model.

alexkumar

:What about the staging environment access controls? Should we be putting staging behind the same WAF as production?

davidpark

:Yes. Let's not have different security postures. @Alex, can you draft a proposal to unify the security controls across all environments?

amandafoster

:One more thing — given this is the second security event this quarter, I recommend we brief the board's audit committee. Sarah should be in the loop.

davidpark

:I'll brief Sarah today and schedule the audit committee update. Good call, Amanda.

jameswilson

:Action items from my side: (1) incident report for SOC 2 by Friday, (2) WAF rule propagation analysis with @Priya. Anything I'm missing?

davidpark

:That covers it. Thanks everyone. Let's close the loop on all items by next Monday.

",TRUE,0.996310592,0.76133436,0.92592299
e043b1b6-d428-4efd-8987-646cccbcd2e2,Q1 Close & Audit Prep Follow-ups,OneOnOne,"racheltorres

:Kevin, where are we on the Q1 close reconciliation? The external auditors start next Monday.

kevinzhang

:Revenue recognition is done. Still working on the deferred revenue adjustments — should be complete by Thursday.

racheltorres

:Thursday is cutting it close. Can you finish by Wednesday instead? I need a day to review before the auditors arrive.

kevinzhang

:I'll try. The main blocker is the inter-company elimination entries — I'm waiting on the UK office's numbers.

racheltorres

:Follow up with them today. Tell them it's for the external audit — that usually gets fast responses.

kevinzhang

:Will do. Also — I noticed a $47K variance in the SaaS subscription accruals. It looks like a timing difference but I want to flag it before the auditors find it.

racheltorres

:Good catch. Prepare a variance analysis memo. If it's truly a timing difference, we document it; if it's a real error, we need to correct before close.

kevinzhang

:I'll have the memo ready alongside the reconciliation.

racheltorres

:Thanks Kevin. Let's make sure this audit goes smoothly. Last year's was rough.

",TRUE,0.998529255,0.785190284,0.949853897
9fcdf218-2f97-41a7-8ac3-61e5872f3c17,Meridian Analytics Pro — Launch Go/No-Go,Group,"sarahmitchell

:Team — we need to make the go/no-go call on the Analytics Pro launch by end of today. Let's do a quick round-robin. @David — engineering readiness?

davidpark

:Engineering is green. All P0 bugs fixed, performance benchmarks met, and we passed the security review. One P2 cosmetic issue remains but it's not a blocker.

sarahmitchell

:@Rachel — financial projections still on track?

racheltorres

:Yes. Break-even in 8 months with current pipeline. Michael's team has $1.2M in pre-launch commitments.

sarahmitchell

:@Michael — sales team ready?

michaelchen

:Ready. All AEs have been trained. One concern: Vertex Industries wants exclusive early access and is threatening to pull their renewal if we don't offer it.

amandafoster

:I'd advise against exclusive access. It sets a precedent and the contract language would be complex. We can offer 30-day head start instead.

sarahmitchell

:Go with Amanda's recommendation — 30-day head start, no exclusivity. @Michael, communicate that to Vertex today.

sarahmitchell

:@Laura — marketing launch plan ready?

laurakim

:All assets are staged. Press release goes out at 6 AM Pacific on launch day. Social campaign is scheduled. One ask: can we get a customer quote for the press release? @Michael, any of your accounts willing?

michaelchen

:I'll reach out to Pinnacle Systems — they've been our most vocal champion. Should have an answer by tomorrow morning.

sarahmitchell

:@Amanda — any legal blockers we should know about?

amandafoster

:No blockers. ToS and privacy policy updates are live. One reminder: the GDPR data processing addendum needs to be available on the product page before EU customers can sign up.

sarahmitchell

:OK — I'm calling it. We are GO for launch on Monday. The only open item is the GDPR addendum on the product page. @David, can your team handle that?

davidpark

:Will get it done by Friday.

sarahmitchell

:Thanks everyone. Great work getting us here. 🎉

",TRUE,0.921164513,0.772397101,0.899772227
8a7556de-7c88-4ae2-be5a-19ed21b69964,Dev Tooling Frustrations,OneOnOne,"priyasharma

:Is the CI pipeline ever going to be stable? I've had 3 failed builds today because of infra timeouts.

jameswilson

:I know, it's been rough. The timeout issue is related to the shared runner pool being overloaded. I've been trying to get budget approval for dedicated runners since January.

priyasharma

:January?! Who do we need to escalate to?

jameswilson

:Alex said he'd take it to David. But honestly, I don't think it's been prioritized. Maybe if it comes from your side too it'll get more attention.

priyasharma

:I'll mention it in the next eng sync. In the meantime, can you at least increase the timeout threshold so my builds don't fail?

jameswilson

:Yeah, I can bump it from 300s to 600s. That should help for now. Done.

priyasharma

:Thanks 🙏

jameswilson

:👍

priyasharma

:While we're at it — the staging environment has been super slow too. Same issue?

jameswilson

:Different issue actually. Staging is overprovisioned on apps but underprovisioned on database. We need to rebalance. I'll create a ticket.

",TRUE,0.916978359,0.998189211,0.986767769
7147ba26-e2dd-4bb8-8f27-ae28cdae9171,Product Roadmap Alignment,Group,"davidpark

:We need to rethink our approach to the mobile SDK. It's been deprioritized for too long.

alexkumar

:Agreed. But who's going to own it? We don't have mobile engineers.

michaelchen

:From a sales perspective, we're losing deals because of the mobile gap. Three prospects in Q1 went with competitors specifically because of this.

laurakim

:We should put together a competitive analysis of mobile offerings. It would strengthen the business case.

davidpark

:Here's what I propose: Let's outsource the initial SDK build. @Alex, can you vet 3 agencies and bring recommendations to next week's sync?

alexkumar

:I'll reach out to our usual vendors. @Priya, you worked with a mobile SDK shop at your last company right? Can you share the contact?

priyasharma

:Yeah — AppForge. They did solid work. I'll send you their info.

michaelchen

:Let's also loop in Sofia — she has direct feedback from the prospects who churned over mobile.

davidpark

:Good idea. @Alex, include Sofia in the vendor eval process.

alexkumar

:Got it. I'll set up a shared channel for the eval.

",TRUE,0.994447351,0.998136997,0.732055724
c5881020-c9ba-4c41-9d01-ef20048f93af,Meridian Technologies Q1 All-Hands,Meeting,"sarahmitchell

:Welcome everyone to our Q1 all-hands! We have a lot to cover today. Let's get started.

sarahmitchell

:First, I want to recognize the engineering team for shipping the Analytics Pro feature ahead of schedule. Amazing work.

davidpark

:Team really crushed it. 🎉

priyasharma

:Thanks! It was a team effort. 💪

sarahmitchell

:Q1 revenue came in at $14.2M against a target of $13.8M. Rachel, do you want to walk us through the highlights?

racheltorres

:Sure. The overperformance was driven by three large enterprise deals that closed early. Net retention rate is at 118%, up from 112% last quarter.

kevinzhang

:Is the 118% net retention rate inclusive of the Zenith Corp downgrade?

racheltorres

:Yes, inclusive. Without Zenith it would be 121%.

sofiarodriguez

:On the sales side, we closed 47 new logos in Q1. Pipeline for Q2 is looking strong.

michaelchen

:The Vertex Industries deal alone is worth $800K ARR. Great work Sofia! 🙌

daniellewright

:Quick HR update: we've hired 12 people this quarter. Current headcount is 187. The engagement survey results will be shared next week.

priyasharma

:When will the new eng hires start? We're really feeling the capacity crunch.

daniellewright

:Four start next Monday, the rest throughout April.

alexkumar

:Can we get them access to the dev environment before Day 1? Last batch had to wait 3 days for accounts.

daniellewright

:Good point. I'll coordinate with IT to have everything set up by Friday.

sarahmitchell

:Great discussion everyone. We're in a strong position heading into Q2. Let's keep the momentum going!

laurakim

:Thanks everyone! 👏

ninacosta

:Great all-hands! 🎉

ecosyncbot

:📋 Meeting ended. Duration: 47 minutes. Recording and transcript are now available in the meeting chat. AI-generated summary will be ready in ~5 minutes.

",TRUE,0.752970517,0.988495767,0.995843947
122a225a-d090-4ca3-b7df-4cad9c79d69a,Deal Pipeline & Forecast Review,OneOnOne,"michaelchen

:Sofia, I need an updated forecast for Q2 by tomorrow morning. The board package goes to Sarah at noon.

sofiarodriguez

:I'll have it ready by 9 AM. Quick question — should I include the Acme deal at full value or weighted probability?

michaelchen

:Weighted. We can't count on full value until legal signs off on their custom terms.

sofiarodriguez

:Got it. Also following up — did you hear back from Rachel about the additional AE headcount? You mentioned escalating it two weeks ago.

michaelchen

:Still pending. Rachel wants to see Q1 close rates before committing Q2 headcount. Fair point honestly.

sofiarodriguez

:The Pinnacle Systems RFP response is due Friday. I've drafted it but need your review on the pricing section. Can you take a look today?

michaelchen

:Send it over. I'll review after my 2 PM call.

sofiarodriguez

:Sent. One more thing — Vertex wants to renegotiate their payment terms from net-30 to net-60. Thoughts?

michaelchen

:That's a $800K deal — we don't want to lose it over payment terms. Accept net-60 but ask for auto-renewal in exchange. Run it by Rachel for the cash flow impact.

sofiarodriguez

:Makes sense. I'll talk to Rachel this afternoon.

",TRUE,0.991127729,0.99020797,0.992776513
caea3111-e563-417d-90cb-f9fcc3a6fc50,General - Friday Vibes & Housekeeping,Group,"alexkumar

:Happy Friday team! 🍕 Who's up for lunch at the new Thai place?

priyasharma

:I'm in! 🙋‍♀️

jameswilson

:Count me in. I'll drive.

ninacosta

:Can't today — I have a dentist appointment at noon. Have fun!

chrisevans

:I'm remote today but enjoy!

jameswilson

:I'm heading to the downtown office for a client meeting this afternoon, back online by 4.

mariasantos

:Before everyone disappears for the weekend — quick reminder that the customer NPS survey results come out Monday. @Alex, can you make sure the eng dashboard is pulling the right data source?

alexkumar

:Sure, I'll double-check it before I leave today.

priyasharma

:Speaking of dashboards — has anyone noticed the deploy frequency metric is wrong? It's showing 3x our actual rate.

jameswilson

:Yeah, it's double-counting rollbacks. I noticed it last week but kept forgetting to fix it. I'll do it now before I forget again.

ninacosta

:While you're fixing metrics, can you also check if the test pass rate metric is accurate? It seemed off in yesterday's report.

jameswilson

:Sure, adding it to the list.

chrisevans

:Anyone watching the game tonight? ⚽

priyasharma

:Which game?

alexkumar

:OK team, enjoy the weekend! And remember — we have the sprint planning Monday at 10 AM. Come prepared with your estimates.

priyasharma

:Have a great weekend everyone! 🎉

",TRUE,0.98287636,0.93279779,0.754910111
bdc4a471-564c-43b1-9a9e-36b4bc03244b,Q1 Sales Quarterly Business Review,Meeting,"michaelchen

:Let's walk through the Q1 numbers. Sofia, can you start with the new business pipeline?

sofiarodriguez

:Q1 new business: $4.1M closed against a $3.8M target. 108% attainment. Win rate improved from 28% to 34%.

sarahmitchell

:That's excellent. What drove the win rate improvement?

sofiarodriguez

:Two things: the new competitive battle cards Chris put together, and the faster POC turnaround from engineering.

racheltorres

:What's the average deal size trending? I'm seeing smaller deals in the pipeline.

sofiarodriguez

:Average deal size did drop from $85K to $72K, but volume is up significantly. Net effect is positive.

michaelchen

:The big concern is Vertex. They represent 18% of our Q2 pipeline. If that deal slips, we miss target. @Sofia, what's the confidence level?

sofiarodriguez

:I'd say 75% confidence. The main risk is their budget approval process — it's a public company and they have a new CFO who's scrutinizing all new spend.

sarahmitchell

:What's our mitigation plan if Vertex slips?

michaelchen

:We have $600K in upside pipeline that could pull in. @Sofia, can you work those deals harder this month and give me a realistic pull-in forecast by next Friday?

sofiarodriguez

:I'll accelerate outreach on the top 5 upside deals and have the forecast to you by Thursday.

racheltorres

:I'd also recommend we review the discount approval process. Some deals are taking 2 weeks to get pricing approved. That's killing deal velocity.

sarahmitchell

:Good point. @Michael, @Rachel — work together to streamline the discount approval process. I want a proposal by end of month.

michaelchen

:Will do.

racheltorres

:I'll schedule time with Michael next week.

",TRUE,0.991352201,0.937220752,0.911705673
1b633456-5eb3-4c51-a928-163b5cff4af4,At-Risk Account Reviews,OneOnOne,"mariasantos

:Derek, following up on the GreenTech Support case. Did they accept our remediation plan?

derekjohnson

:Partially. They're OK with the process changes but still unhappy about the response time SLA. They want 1-hour response instead of 4-hour for P1 issues.

mariasantos

:Can we realistically offer 1-hour response for their tier?

derekjohnson

:Not with current staffing. We'd need an additional after-hours support engineer. That's a budget conversation with Rachel.

mariasantos

:OK, I'll raise it with Rachel. Meanwhile — any update on the NovaCorp onboarding? They were supposed to go live last week.

derekjohnson

:NovaCorp is delayed. Their IT team hasn't completed the SSO integration. I've been chasing them but they keep rescheduling.

mariasantos

:That's been going on for 3 weeks now. Can you escalate to their project sponsor? If they don't go live soon, we risk losing the implementation window.

derekjohnson

:Good idea. I'll send a formal email to their VP of IT today.

mariasantos

:Thanks. And circle back with me once you hear from them so I can update the leadership report.

derekjohnson

:Will do.

",TRUE,0.937387347,0.987715125,0.992873549
e99d6ef0-ecc2-4890-ac47-63c84395a621,Office Move Planning,Group,"daniellewright

:Hi team — we've confirmed the office move to the new building on March 15. Department heads need to submit their space requirements by end of this week.

alexkumar

:How many sq ft per person are we budgeting? Engineering needs more space for hardware labs.

daniellewright

:Standard is 120 sqft per person. Labs are separate — submit that as a special request with justification.

kevinzhang

:Do we have the budget numbers for the move? Rachel asked me to track it.

daniellewright

:Total budget is $450K. I'll send you the breakdown.

amandafoster

:Make sure the new lease agreement is finalized before we start any physical move prep. I'm still reviewing clause 12.

laurakim

:Do we need to communicate the move to customers? Some of them visit our office.

daniellewright

:Good point. Yes, we should. @Laura, can you draft customer communication? And @Amanda, when will clause 12 be resolved?

laurakim

:Sure, I'll draft something by Wednesday.

amandafoster

:Hoping by end of week. The landlord's legal team has been slow to respond.

alexkumar

:Thanks for organizing this, Danielle. 👏

",TRUE,0.99331516,0.979633689,0.995949745
e253ca08-4237-4312-9a48-124d0267e3a0,Quick Ask,OneOnOne,"alexkumar

:James — what's the SSH key for the staging jumpbox? I need to debug something.

jameswilson

:Check 1Password — it's in the 'Staging Infra' vault. Key name is 'jumpbox-staging-2026'.

alexkumar

:Found it. Thanks!

",FALSE,0.526581407,0.031137325,0.998704314
3375dd7f-0abd-4550-9ab0-1a29a1407849,Meeting Room,OneOnOne,"laurakim

:Danielle, is the Cascade room available tomorrow from 2-3 PM?

daniellewright

:Let me check... it's booked at 2, but free from 2:30 onward. Want me to book it for 2:30-3:30?

laurakim

:2:30 works. Yes please!

daniellewright

:Done! Invite sent.

laurakim

:Thanks! 🙏

",FALSE,0.661609948,0.043711178,0.996126235
ee26ee6c-caa3-4402-a8ee-ad77eac04a5b,PRODUCTION DOWN — API Gateway Failure,Group,"jameswilson

:🚨 PROD IS DOWN. API gateway returning 502s across all endpoints. Started 2 minutes ago.

alexkumar

:I see it. PagerDuty alert just fired. @Priya, are you available to help triage?

priyasharma

:I'm here. Pulling up the dashboards now.

jameswilson

:Root cause: the latest deploy introduced a memory leak. Pod memory usage hit 100% and OOMKilled. All replicas affected.

davidpark

:Roll back immediately. We'll investigate after service is restored.

jameswilson

:Rolling back now. ETA 3 minutes.

alexkumar

:@Nina, can you start the incident timeline doc? We'll need it for the postmortem.

ninacosta

:On it. I'll track everything in the Confluence incident page.

jameswilson

:Rollback complete. Services recovering. Health checks passing on 4 of 6 pods.

jameswilson

:All 6 pods healthy. API gateway responding normally. Incident over.

davidpark

:Good work on the fast recovery. @Alex, I want a postmortem doc by tomorrow with: root cause, timeline, and preventive measures. Include a section on why our canary deployment didn't catch this.

alexkumar

:Will have it ready by noon tomorrow. @Priya, @James — I'll need your input on the technical timeline.

priyasharma

:I'll write up what I found in the logs.

jameswilson

:Same. I'll document the deploy and rollback timeline.

",TRUE,0.998134434,0.969708562,0.725613713
6673b4ac-d36b-43d0-bfae-53101f5f6573,Blog Post Review & Approval,OneOnOne,"laurakim

:Chris, I just read the Analytics Pro launch blog post draft. Nice work but I have several rounds of feedback.

laurakim

:First — can you rewrite the opening paragraph? It buries the lead. I want the customer ROI stat front and center.

chrisevans

:Makes sense. The 43% efficiency gain stat?

laurakim

:Yes, that one. Second — the technical section is too jargon-heavy for our audience. Simplify it. Third — add a CTA at the end directing to the product page.

chrisevans

:I'll rework all three and have a revised draft to you by tomorrow morning.

laurakim

:Great. I need to give final approval before it goes live on Tuesday, so tomorrow is the latest I can review.

chrisevans

:Understood. I'll make sure it's in your inbox by 9 AM.

laurakim

:Also — can you check if the featured image meets our new brand guidelines? Sarah's been particular about visual consistency lately.

chrisevans

:Will verify against the style guide.

",TRUE,0.989193976,0.987616003,0.890111387
0a1132fe-20ae-4dd3-ae49-f4e11f07be9b,Vendor Selection for Analytics Platform,Group,"davidpark

:@Alex — I need you to evaluate DataStream and CloudMetrics as analytics vendors. @Rachel and @Kevin — FYI, this will impact the Q3 budget. @Amanda — we'll need you to review vendor contracts once we shortlist.

alexkumar

:I'll start with technical evaluations this week. @David, any specific criteria beyond the ones in the RFP?

davidpark

:Focus on: (1) real-time streaming support, (2) cost per query at our scale, (3) SOC 2 compliance. Those are the non-negotiables.

kevinzhang

:For budget context — we have $200K allocated for analytics tooling in Q3. The current Tableau license is $85K of that.

racheltorres

:If the new vendor costs more than the Tableau allocation, we'll need a budget amendment. Just flagging now so there are no surprises.

alexkumar

:Noted. I'll include a cost comparison in my evaluation. Aiming to have recommendations ready in two weeks.

amandafoster

:When you're ready for contract review, give me at least 5 business days. These vendor agreements tend to be complex.

davidpark

:Great. Let's reconvene in two weeks. @Alex, set up the review meeting.

",TRUE,0.997381985,0.695580959,0.886727571
92143950-2003-4688-bf60-9d95648a6efd,Sprint 47 Retrospective,Meeting,"alexkumar

:OK team, let's do our retro. What went well this sprint?

priyasharma

:The Analytics Pro feature shipped on time. Good collaboration between frontend and backend.

jameswilson

:The new CI pipeline improvements reduced build times by 40%. Big win.

ninacosta

:Test coverage went from 72% to 81%. The team actually wrote tests this sprint! 😄

alexkumar

:Great. Now — what didn't go well?

priyasharma

:The last-minute scope change from product. We got a new requirement 2 days before the sprint ended. That's not sustainable.

jameswilson

:The staging environment was flaky all sprint. Cost us probably 2 days of lost productivity across the team.

alexkumar

:Both valid. Let's turn these into action items. For the scope change issue — @Priya, can you document the impact and I'll take it to the next product-eng sync?

priyasharma

:Sure. I'll write up a brief with the timeline impact.

alexkumar

:@James — for the staging stability, can you create a proposal for dedicated staging infrastructure? Include cost estimates so I can make the budget case.

jameswilson

:I actually started drafting this last week. I'll finalize it by end of sprint.

ninacosta

:Can we also add a rule that no new requirements can be added in the last 3 days of a sprint?

alexkumar

:I love that idea. Let me propose it as a team agreement. I'll bring it to the next standup for a vote.

priyasharma

:Best retro we've had in a while. 👍

",TRUE,0.999127269,0.987036526,0.669236898
962405ab-83e3-42a3-87d5-6e0926eeb8f6,Quick Legal Questions,OneOnOne,"davidpark

:Amanda, quick question — can we use customer logos on our website without explicit written permission?

amandafoster

:No. We need a written logo usage agreement or a clause in the master agreement permitting it. Some of our contracts have it, some don't.

davidpark

:Can you check which of our top 10 customers have the clause and which need a separate agreement?

amandafoster

:I'll pull the contracts and let you know by end of week.

davidpark

:Thanks. One more — do we need to update our privacy policy before launching in the EU?

amandafoster

:Yes, absolutely. GDPR requires specific disclosures. I'll send you the list of required changes.

davidpark

:Perfect. Appreciate the quick turnaround on these.

",TRUE,0.966344535,0.991405129,0.962253034
ff2c6731-73ab-4518-8b30-ccc74eceff32,Design Review Feedback,Group,"laurakim

:Just shared the new landing page mockups in the design channel. Everyone please review and leave feedback by tomorrow.

chrisevans

:Looks great! The hero section is much better than the last version.

alexkumar

:The performance metrics section is confusing. Can we restructure it to lead with the business impact numbers?

sofiarodriguez

:From a sales perspective, we need the pricing to be more prominent. Prospects always ask about pricing first.

laurakim

:Good feedback all around. @Chris, can you mock up the restructured metrics section? And I'll work on making pricing more visible.

chrisevans

:On it. I'll have a revised mockup by tomorrow afternoon.

alexkumar

:👍

sofiarodriguez

:🙌

",TRUE,0.99845773,0.955855548,0.939217508
aa144a92-9a89-4bce-9b99-ea802710f845,Q2 Budget Review Meeting,Meeting,"racheltorres

:Let's go through the Q2 budget proposals. Each department submitted their asks — we need to decide allocations today.

racheltorres

:@David, engineering is requesting $1.2M. That's 30% above Q1. Walk us through the justification.

davidpark

:The increase breaks down as: $400K for 4 new hires, $300K for the analytics vendor evaluation Alex is running, $200K for staging infrastructure improvements, and $300K for the security hardening initiatives we discussed after the March incident.

sarahmitchell

:The security spend is non-negotiable given the incidents. What about the analytics vendor — can that wait?

davidpark

:We could push it to Q3, but we'd miss the window for annual pricing negotiations. We'd likely pay 20% more.

racheltorres

:@Michael, sales is asking for $800K. That includes 2 new AEs at $350K total and $450K for the new CRM implementation.

michaelchen

:The AEs are critical — we're leaving pipeline on the table. The CRM is overdue — our current system is a spreadsheet nightmare.

kevinzhang

:I ran the numbers. If we approve everything, we're $340K over the total Q2 operating budget. We'd need to either cut or pull from reserves.

sarahmitchell

:OK, here's my call: approve engineering in full including analytics. Approve the AEs for sales but defer the CRM to Q3 — that saves $450K and gives us buffer. @Rachel, does that math work?

racheltorres

:Yes, that keeps us $110K under budget with some room for contingency. I'll update the allocations.

michaelchen

:Can we at least start the CRM vendor evaluation in Q2 so we're ready to implement in Q3?

sarahmitchell

:That's fine — just don't sign anything until Q3 budget is confirmed.

racheltorres

:@Kevin, please update the budget tracker with today's decisions and distribute to all department heads by end of day.

kevinzhang

:Will do.

",TRUE,0.999281764,0.810084164,0.981813252
55efab0f-2b3a-4c61-8dd6-38f110156b97,System Notifications Discussion,OneOnOne,"jameswilson

:Alex, I'm getting spammed with these auto-generated security scan notifications. Do you know how to filter them?

alexkumar

:Yeah, there's a filter rule in the Outlook settings. I'll send you the steps.

jameswilson

:Thanks. By the way — the automated deploy reports are showing duplicate entries. Can you check if the webhook is firing twice?

alexkumar

:I noticed that too. I think it's the retry logic. Let me investigate and fix it.

jameswilson

:Perfect. Let me know when it's fixed so I can verify on my end.

alexkumar

:Will do 👍

",TRUE,0.98214215,0.958566606,0.686152399
8adf5301-8573-46e3-9600-8428a3bf0d50,Engineering Standup Thread,Group,"alexkumar

:Morning standup! Quick updates from everyone please.

priyasharma

:Yesterday: finished the data pipeline refactor. Today: starting on the API rate limiter. Blocker: none.

jameswilson

:Yesterday: deployed monitoring dashboards. Today: working on the CDN migration. Blocker: waiting on DNS propagation, should be done by noon.

ninacosta

:Yesterday: wrote integration tests for the new auth flow. Today: regression testing for the release. Blocker: I need the test environment credentials refreshed — they expired.

jameswilson

:I can refresh those. Give me 10 minutes.

ninacosta

:Thanks James! 🙏

alexkumar

:Looks like we're on track for the release. @Priya — on the rate limiter, make sure you coordinate with James on the CDN config since they'll interact.

priyasharma

:Already synced with him yesterday. We're good.

alexkumar

:Any other blockers or concerns before I close standup?

priyasharma

:All good here.

jameswilson

:Same.

ninacosta

:Nothing from me.

alexkumar

:Great. Let's crush it today! 💪

",TRUE,0.965585649,0.518147647,0.970436633
9d08eafc-5c0b-4c9d-aeac-bb429cff10ab,Casual Check-in with CTO,OneOnOne,"sarahmitchell

:David, I've been thinking about our AI strategy. We might be falling behind.

davidpark

:What makes you say that? I thought we were in a good spot with the analytics rollout.

sarahmitchell

:I saw the Gartner report yesterday. Our competitors are investing 3x what we are in ML infrastructure. I just wanted to flag it.

davidpark

:That's worth looking into. I could put together a competitive landscape analysis focused on AI/ML investments if you think it's a priority.

sarahmitchell

:That would be great actually. But don't deprioritize the current release for it. When things calm down after the launch, let's revisit.

davidpark

:Makes sense. I'll keep it on the backlog.

sarahmitchell

:How's the team morale? I know the last few sprints have been intense.

davidpark

:Mixed. The senior folks are energized by the Analytics Pro launch. But the junior engineers are feeling stretched. We might want to think about a team event after the launch.

sarahmitchell

:Good to know. Let's keep an eye on it.

davidpark

:Will do. Thanks for checking in, Sarah.

",FALSE,0.505162418,0.599094152,0.835410774
24a4c357-24cc-4b0b-b1c8-765e4567b6d7,Data Export & Call Scheduling,OneOnOne,"priyasharma

:Do you know how to download this data from the analytics dashboard? I can't find the export button.

jameswilson

:Yeah, it's under Settings > Export > CSV. They moved it in the last release.

priyasharma

:Thanks for the update!

priyasharma

:Can you call me when you're free? Need to discuss the migration plan.

jameswilson

:Sure, does 2 PM work for you?

priyasharma

:Works

",TRUE,0.175027683,0.014585781,0.992005527
1897e8cd-9429-47ca-8d36-ba606e382522,Sprint 48 Pre-Launch Tasks,Group,"alexkumar

:Could you please review the Status Update post before I send it to leadership? @Nina

ninacosta

:Sure, send it over.

davidpark

:There's some pressure to get it to design for LT preview tomorrow. Let's make sure it's polished.

priyasharma

:Folks, I'm unwell. Will be OOF today and maybe tomorrow.

alexkumar

:Feel better Priya! We've got you covered.

alexkumar

:FYI: @Nikhil, @Andrew — I don't see you listed as DRIs for the dashboard module. Can you check and confirm?

ninacosta

:Need sign-off by EOD or we miss the ship window for the release candidate.

davidpark

:Following up — still waiting on approval from the security team. This is blocking the rollout.

alexkumar

:Quality is at 56% assertion rate vs our 80% production target. We need to address this before release.

davidpark

:We cannot proceed with module 5.3C in its current form. It needs a full rewrite of the validation layer.

",TRUE,0.998100638,0.099081434,0.937744856
e1f3c8a9-1ed5-4e48-ba98-da2db3314889,EOQ Cleanup Tasks,Group,"alexkumar

:Team — these cleanups must be completed before 3/31. I've assigned owners in the tracking sheet. Check your items and confirm you're on track.

priyasharma

:Checked — my 3 items are on track. Should be done by Thursday.

jameswilson

:Two of mine are done. The third is blocked on the DNS propagation — same issue from last week.

ninacosta

:All QA items done. Tests pass. ✅

alexkumar

:@James, can you escalate the DNS issue to the provider? We can't let this slip past 3/31.

jameswilson

:Already sent an email this morning. Waiting for their response.

alexkumar

:Good. Keep me posted.

",TRUE,0.999163508,0.167183027,0.162087753
d039b519-97e2-417b-82aa-8a28084896a2,Happy Birthday Chris! 🎂,Group,"laurakim

:Happy birthday @Chris! 🎉🎂 Hope you have an amazing day!

ninacosta

:Happy birthday Chris!! 🥳 Are you doing anything fun tonight?

chrisevans

:Thanks everyone! Yeah, going to that new Italian place downtown with some friends. Very excited. 😄

derekjohnson

:Oh nice, I've heard great things! Happy birthday man 🎉

lisaanderson

:Happy birthday Chris! 🎂 Enjoy the evening!

",FALSE,0.016480105,0.01978001,0.543517888
a78666e4-dc8b-4c62-b727-f8211f84b8e6,Weekend Plans,Group,"jameswilson

:Anyone doing anything fun this weekend?

priyasharma

:Taking the kids to the science museum. They have a new robotics exhibit that looks cool. 🤖

alexkumar

:Nice! I'm going hiking at Rattlesnake Ridge if the weather holds up. 🏔️

ninacosta

:I'm binge-watching that new Netflix series everyone's been talking about. Zero guilt. 😂

jameswilson

:Ha! I might do the same honestly. The couch is calling my name.

",FALSE,0.008139004,0.084797472,0.870135128
315f8cf6-eeef-4bfa-b676-6a0485f51987,Office Closure — Presidents' Day,Group,"daniellebooks

:Hi all — just a reminder that the office will be closed on Monday, February 16 for Presidents' Day. No action needed, just enjoy the long weekend! 🇺🇸

sarahmitchell

:Thanks for the reminder, Danielle!

lisaanderson

:Perfect timing — my PTO request for Tuesday is already in so I get a 4-day weekend 😊

kevinzhang

:Noted, thanks!

",FALSE,0.025756685,0.024573116,0.007855661
c00f9e86-85f0-4f0f-93a2-6b7127fd5257,System Maintenance — Complete,Group,"alexkumar

:FYI — the scheduled maintenance window for the production database is now complete. All services are back online and running normally. No issues detected during the migration.

jameswilson

:Great, monitoring looks clean on my end too. Latency is actually slightly better than before.

priyasharma

:Awesome. API response times are looking good in Grafana. Nice work team! 👏

derekjohnson

:Thanks for the update Alex. I'll let the customers who asked about it know.

",FALSE,0.067443214,0.953727484,0.000530336
b7d4b953-85ff-43fc-b2d5-dff512d01dcd,We Hit 10K Customers! 🎉,Group,"michaelchen

:Team — I'm thrilled to share that we officially crossed 10,000 active customers this morning! 🎉🔥 This is a huge milestone for EcoSync.

sofiaramirez

:Amazing!! The sales team has been crushing it. So proud of everyone. 🙌

sarahmitchell

:Incredible achievement. This took 18 months of hard work from every single department. I'm buying lunch for the whole office on Friday. 🍕

laurakim

:We should do a social media post about this! Oh wait, it went out at 9 AM — already on LinkedIn and Twitter 😄

racheltorres

:From a finance perspective, this puts us solidly on track for our Series B targets. Well done everyone! 📈

",FALSE,0.355747879,0.21778594,0.020416623
72cbaf57-3187-4e3a-a630-6d8706b8c23a,Lunch Today,Group,"lisaanderson

:Hey! Anyone want to go halfsies on the Thai place for lunch? Their pad thai is 🔥

kevinzhang

:I'm in! Green curry for me please. 🍛

ninacosta

:Yes! Pad see ew please. Should I place the order?

derekjohnson

:Mango sticky rice for me. Dessert counts as lunch, right? 😂

ninacosta

:Order placed! Should be here by 12:30. I added mango sticky rice for the table. 🥭

lisaanderson

:You're the best Nina! 🙏

",FALSE,0.217181042,0.13232474,0.95867604
0d903a5b-0beb-4b7d-bdc7-9c27d6b54c43,VPN Setup Help,OneOnOne,"ninacosta

:Hey James, quick question — how do I connect to the staging VPN from my new laptop? The old instructions don't seem to work anymore.

jameswilson

:Yeah, we switched VPN providers last month. Go to vpn.meridian.io, download the new client, and use your Okta SSO credentials. Let me know if it doesn't work.

ninacosta

:That worked perfectly, thanks! Connected in 30 seconds. Way faster than the old one. 👍

",FALSE,0.792149127,0.022721225,0.989324093
12250279-515c-4637-b6b3-f2792a8c6582,Expense Report Question,OneOnOne,"chrisevans

:Hey Kevin, what's the limit for client meals before I need VP approval?

kevinzhang

:It's $250 per meal for individual client meetings. Anything above that needs VP sign-off plus a business justification note. For team events it's $75 per head.

chrisevans

:Perfect, the dinner I'm logging is $180 so I should be fine. Thanks for the quick answer!

kevinzhang

:Yep, you're good. Just make sure to attach the receipt. 👍

",FALSE,0.845291913,0.116679624,0.971026778
ee799343-768b-404f-b454-16ffc3efd855,General — Interesting Read,Group,"davidpark

:Came across this great article on microservice observability patterns: https://techblog.example.com/observability-2026. Really relevant to what we're building.

alexkumar

:Good find! Their approach to distributed tracing is similar to what we discussed for the monitoring dashboard.

priyasharma

:The section on SLO-based alerting is interesting. We're already doing most of that with our Datadog setup.

jameswilson

:Bookmarked. The log aggregation patterns in section 3 are solid.

",FALSE,0.012326854,0.000883338,0.014434389
9d6f20e8-45fe-4c74-ab98-d9750e0622b6,Sprint 46 Report — Final Numbers,Group,"alexkumar

:Sprint 46 final numbers are in:

• Velocity: 47 points (target: 45) ✅
• Stories completed: 12/14
• Bugs resolved: 8
• Carryover: 2 stories (by design — deferred to next sprint)

Solid sprint everyone.

davidpark

:Good numbers. The carryover items make sense given the priority shift mid-sprint. Nice work team.

priyasharma

:The API performance story took longer than expected but we're happy with the result — 40% latency improvement on the main endpoints.

ninacosta

:QA pass rate was 96% this sprint. Highest we've had all quarter. 💪

",FALSE,0.071519233,0.0056689,0.006062435
12c0abb7-7510-49d1-9316-4def7cf98f44,Priya's 3-Year Anniversary! 🎉,Group,"alexkumar

:Everyone — today marks @Priya's 3-year anniversary at Meridian! She's been an absolute rockstar on the engineering team. Thank you for everything you do 🎉

davidpark

:3 years! Time flies. Priya, your contributions to the platform have been transformative. Here's to many more. 🙏

jameswilson

:Congrats Priya! 🎂 Remember when we had that all-nighter during the v2 launch? We've come a long way since then 😄

ninacosta

:Happy work anniversary Priya!! The team wouldn't be the same without you. 💐

priyasharma

:Wow, thank you all! 🥰 These 3 years have been incredible. Best team I've ever worked with.

",FALSE,0.095954455,0.008537594,0.008990225
cd247ad6-1b55-4a8c-9c70-3b0dbaef84e5,Competitor News — Worth Knowing,Group,"michaelchen

:Heads up — saw that Nexus Analytics just announced they're shutting down their SMB tier. All their small business customers are looking for alternatives.

sofiaramirez

:Interesting. We've already been getting inbound from a few of them this week. The pipeline team is routing them normally.

sarahmitchell

:Good intel Michael. Glad the pipeline team is already on it.

",FALSE,0.042906668,0.00068114,0.005754175
286c0a5a-248b-452f-a2cf-54cec90ccfb6,Amazing Customer Feedback!,Group,"derekjohnson

:Just got off a call with Pinnacle Logistics. Their CTO said, and I quote: 'EcoSync has been the single best technology investment we've made in 5 years.' 🤩

mariagonzalez

:That's so great to hear! They were really frustrated 6 months ago. The turnaround has been incredible.

sarahmitchell

:This is exactly the kind of feedback we need to share with the board. Really validates the product strategy. 🔥

alexkumar

:The engineering team will love hearing this. Thanks for sharing Derek! 🙌

",FALSE,0.001880537,0.002952283,0.01737158
045f2b05-0223-4fdc-994e-5381e8f2c948,General Chat,Group,"lisaanderson

:Did anyone else see the sunrise this morning? Absolutely gorgeous from the 12th floor. ☀️

kevinzhang

:Yes! I took a photo from the parking garage. The sky was insane. 🌅

chrisevans

:I was stuck in traffic on I-5 and somehow the sunset almost made the commute worth it. Almost. 😅

derekjohnson

:Wait, are we getting another heat wave this week? I saw something about 95° on Thursday.

lisaanderson

:Yeah, looks like it. Time to bring the desk fan back. 😂

",FALSE,0.13998054,0.012944368,0.88439852
d379a952-57e7-49d5-ac08-bf7803c1130d,Meeting Link,OneOnOne,"racheltorres

:Kevin, do you have the Teams link for the finance review? I can't find the invite.

kevinzhang

:Here you go: https://teams.microsoft.com/l/meetup-join/abc123. It's also on the shared Finance calendar if you need it again.

racheltorres

:Got it, thanks! Joining now.

",FALSE,0.416215181,0.048781052,0.889398932
116791a3-e02d-42e4-887d-35f4649ca3be,Feedback on Security Training,Group,"amandafoster

:Thanks everyone for completing the annual security awareness training! We had 100% completion rate this quarter. 🎉

alexkumar

:The phishing simulation section was actually really well done this year. Much better than last year's.

jameswilson

:Agreed. The interactive scenarios were engaging. The password hygiene module could use an update though — it still references 90-day rotation which we don't do anymore.

priyasharma

:Same feedback here. Also the section on OAuth token handling was really helpful for the dev team.

amandafoster

:Great feedback on the password module — I'll pass that to the vendor. Thanks everyone for the quick turnaround! 🙏

",FALSE,0.478985667,0.966658235,0.000832376
b68d5bd3-1661-49b4-99fd-06b717de9361,New Office Tour 📸,Group,"lisaanderson

:Just finished setting up the new collaboration space on the 4th floor! Here are some photos. The standing desks arrived and the whiteboard wall looks amazing.

daniellebooks

:Wow, that looks incredible! The natural lighting is so much better than the old space.

chrisevans

:Love the whiteboard wall! Is there a booking system for the space or is it first-come?

lisaanderson

:First-come for now. If it gets too crowded we'll add a booking sheet at the door.

ninacosta

:This is so nice! Can't wait to use it. 🙌

",FALSE,0.68618381,0.015749993,0.93809545
fb569ead-f6c3-45d4-aaa9-227793d23cf1,Q1 Revenue — Final Numbers,Group,"racheltorres

:Q1 revenue is finalized: $18.4M, which is 12% above target. Gross margin came in at 72%. Full report is in the shared Finance folder for anyone who wants the breakdown.

sarahmitchell

:Excellent result. The team should be proud. 12% above target with improving margins — that's exactly what the board wants to see.

michaelchen

:Sales team delivered $6.2M in new ARR. Renewals at 94%. Strong quarter all around.

kevinzhang

:Numbers all reconciled on my end. Clean close this quarter. 👍

",FALSE,0.008422564,0.002464083,0.001283877
3bbc1390-f9d7-485f-9a7f-96d45ad33235,Pet Tax Thread 🐕,Group,"ninacosta

:OK it's pet tax time. Here's my new puppy, Luna! 🐶 She's a 4-month-old golden retriever and she's already stolen my heart.

priyasharma

:Oh my GOD she is adorable! 😍 Here's my cat Mochi being dramatic as usual.

chrisevans

:Luna is so cute! And Priya, Mochi looks like she owns the place 😂

derekjohnson

:My dog Max says hi to Luna 🐕 He's a 3-year-old lab. They'd be best friends.

laurakim

:I don't have a pet but I volunteer at the local shelter on weekends. Yesterday I got to cuddle with 6 kittens. 🐱

",FALSE,0.012505773,0.014639501,0.000184529
337910b5-0b7b-4e22-be9c-f9173c2ad1aa,Product Demo — Internal Preview,Meeting,"alexkumar

:Notes from today's demo session:

1. New analytics dashboard — performance is excellent, sub-200ms for all queries
2. AI recommendation engine — accuracy improved to 94% with latest model
3. Mobile app redesign — iOS version looking polished

All items are on track for Sprint 48.

davidpark

:Great demo everyone. The AI recommendation accuracy improvement is impressive. Priya, well done on that.

priyasharma

:Thanks David! The new training data pipeline made a big difference. Excited to see it in production.

ninacosta

:QA is tracking well too. No P0/P1 bugs open against any of these features.

",FALSE,0.08138641,0.006469952,0.024451673
2abeb7ce-9836-4a73-b69e-3fdb7ab1ecbb,Did You See The Game Last Night?,Group,"jameswilson

:That Lakers game last night was INSANE. OT buzzer beater! 🏀

derekjohnson

:I know! I was watching at the bar and everyone went absolutely nuts. Best game of the season.

michaelchen

:I fell asleep in the 3rd quarter and missed everything. My timeline is full of spoilers 😭

kevinzhang

:Classic Michael 😂 Don't worry, it'll be on YouTube highlights by now.

jameswilson

:Playoffs are going to be wild this year. Anyone want to do a bracket pool?

derekjohnson

:Yes! I'm in. I promise to pick terribly as always. 😅

",FALSE,0.172207251,0.517894804,0.744211316
011a36ab-63f3-4e76-baf3-288e2ce88674,All-Hands Recording Available,Group,"daniellebooks

:For those who couldn't attend today's all-hands, the recording and slides are now available on SharePoint: https://meridian.sharepoint.com/allhands-q1. Passcode is MeridianQ1.

alexkumar

:Thanks Danielle! I was in back-to-back meetings and missed it. Will watch this afternoon.

michaelchen

:The Q&A section at the end was really good. Sarah addressed the remote work question directly.

",FALSE,0.043244448,0.724515855,0.000941631
5cc841f2-73f8-40f7-9eae-ff97e4a177a8,Wednesday Trivia ⚡,Group,"laurakim

:Wednesday trivia time! 🧠 What's the most spoken language in the world by total number of speakers?

chrisevans

:Mandarin Chinese?

ninacosta

:English!

priyasharma

:It's English by total speakers (native + non-native). Mandarin is #1 by native speakers only.

laurakim

:Priya is correct! 🎉 English: ~1.5 billion total speakers. Mandarin: ~1.1 billion. Next trivia on Friday!

derekjohnson

:I was going to say Spanish but I'll take my L quietly 😂

",FALSE,0.060194936,0.711755574,0.944224238
7125a0c3-a901-46f5-b5ab-04d58e1ba397,WiFi Password,OneOnOne,"derekjohnson

:Lisa, what's the guest WiFi password for the conference room? We have external visitors tomorrow.

lisaanderson

:It's MeridianGuest2026. It auto-rotates monthly. The current one is posted on the welcome board by reception too.

derekjohnson

:Perfect, thanks!

",FALSE,0.114229932,0.007731982,0.969736338
df62095c-66a3-45ba-b6ea-0332caab37bc,Holiday Party Recap 🎄,Group,"daniellebooks

:Great holiday party last night! Thanks to everyone who came. 🎉 Lisa, the venue was perfect.

lisaanderson

:So much fun! The photo booth was a hit. I'll share the photos once they're uploaded. 📸

chrisevans

:The karaoke session at the end was legendary. Kevin's rendition of Bohemian Rhapsody will live rent-free in my head forever. 😂

kevinzhang

:I regret nothing. 🎤

ninacosta

:It was such a great way to end the year. Already looking forward to the next one! 🥂

",FALSE,0.323886037,0.803372502,0.001501242
58f7ef82-cdba-4183-ac9b-76913605934f,Git Branch Question,OneOnOne,"ninacosta

:Alex, which branch should I use for the regression tests? I see main, develop, and release/4.2.

alexkumar

:Use develop for the regression suite. release/4.2 is frozen for the launch. Main is only for hotfixes right now.

ninacosta

:Makes sense, thanks! Targeting develop now.

",FALSE,0.067532592,0.013768898,0.989037037
909e9594-4dc6-4dee-bf71-3fae10d0b26f,Shoutout — Nina's QA Work 🌟,Group,"alexkumar

:I want to give a big shoutout to @Nina for the incredible work on the automated regression suite this quarter. We went from 60% to 96% test coverage and our bug escape rate dropped by 40%. 🌟

davidpark

:Well deserved! Nina, your work has directly improved our release confidence. Thank you. 🙏

priyasharma

:The API test suite Nina built saved us during the v4.1 hotfix. We caught 3 regressions that would have gone to production. Absolute lifesaver. 💪

jameswilson

:+1! The infrastructure tests are solid too. Makes my deployments way less stressful 😊

ninacosta

:Thank you all so much! 🥰 This means a lot. The whole team made this possible — especially Priya for the API integration work.

",FALSE,0.043788783,0.007818835,0.004918388
cad23206-7047-42b6-92c1-4a012274a851,Meridian v4.2 Launch Day! 🚀,Group,"sarahmitchell

:Team — Meridian v4.2 is LIVE. 🚀 Smooth deployment, all systems green, and early customer feedback is extremely positive. Congratulations to everyone who made this happen.

davidpark

:Clean launch! Zero P0 issues in the first 4 hours. Engineering is monitoring closely but everything looks solid.

alexkumar

:The telemetry shows 2x engagement on the new analytics features already. Incredible. 📊

michaelchen

:Sales team is already getting inbound requests. 6 new demo requests this morning alone. 🔥

laurakim

:Press coverage is rolling in — TechCrunch, VentureBeat, and The Verge all published pieces. Social engagement is 3x our usual launch numbers.

racheltorres

:From a financial perspective, our launch week metrics are tracking 40% above projections. Great work everyone! 🎉

",FALSE,0.009067751,0.004932224,0.003316604
cd1d40d9-8e57-40f0-9240-1ad616f3313d,Quick Status Check,OneOnOne,"davidpark

:Hey Alex, how are things going with the Sprint 48 items? Just wanted to check in — no urgency.

alexkumar

:All on track. Priya finished the AI feature yesterday, James has the deployment gates 80% done, and Nina's regression suite is green. We're looking good for the sprint demo on Thursday.

davidpark

:Perfect, that's everything I needed to know. Thanks for the update. 👍

",FALSE,0.030886926,0.005953693,0.399643153
90596895-4cfa-4098-b403-fc57e54d93d1,Coffee Machine Situation ☕,Group,"kevinzhang

:PSA: the espresso machine on the 3rd floor is making weird noises again. I'd recommend the one on 5th floor until facilities looks at it. ☕

lisaanderson

:Oh no, not again! That machine has a personality of its own. I already let facilities know — they're coming by this afternoon.

jameswilson

:The 5th floor machine makes a better latte anyway. Just saying. 😄

chrisevans

:I've been using the pour-over setup in the marketing kitchen. Life changing. ☕✨

",FALSE,0.007340819,0.174840972,0.0055067
de120d5c-e007-4cc3-8fce-c372b4e54997,Traffic Alert,Group,"derekjohnson

:Heads up — I-405 is completely backed up. Took me 90 minutes to get in today. 😤

sofiaramirez

:I saw that too. There's a multi-car accident near exit 15. Took the back roads and it was fine. Try 148th Ave as an alternate.

lisaanderson

:I lucked out and took the train today. Should I add transit info to the office Slack? We used to have that.

kevinzhang

:This is why I WFH on Mondays. 🏠😊

",FALSE,0.365896493,0.048873313,0.995029509
60a96dc0-6ae4-4b42-a1d8-3eff5af58ca2,March Book Club Pick 📚,Group,"priyasharma

:OK team, what did everyone think of 'Project Hail Mary'? I absolutely loved it.

amandafoster

:One of the best sci-fi books I've read in years. The Rocky chapters had me tearing up. 🥺

laurakim

:Same! I finished it in two sittings. The humor balanced the tension perfectly.

daniellebooks

:Loved it! For April, I'm suggesting 'Klara and the Sun' by Kazuo Ishiguro. Anyone read it?

priyasharma

:I haven't but I've heard great things. Let's do it! 📖

",FALSE,0.03626816,0.075315997,0.970842361
81285301-732a-438c-ae0a-065bb032389f,CI/CD — Build Notifications,Group,"alexkumar

:FYI — nightly build #4582 completed successfully. All 847 tests passed. Deployment to staging was automatic.

Build: ✅ PASS
Tests: 847/847 ✅
Coverage: 94.2%
Staging: Deployed ✅

priyasharma

:Clean build! The test count went up by 12 from my new API tests. 👍

jameswilson

:Staging looks good on the infrastructure side too. Load balancer health checks all passing.

",FALSE,0.360502511,0.014866815,0.006613561
